timestamp,power_w
2026-09-07 18:26:41.090,21.044
2026-09-07 18:26:42.090,26.294
2026-09-07 18:26:43.090,25.905
2026-09-07 18:26:44.090,20.179
2026-09-07 18:26:45.091,16.471
2026-09-07 18:26:46.091,17.491
2026-09-07 18:26:47.091,17.352
2026-09-07 18:26:48.092,21.103
2026-09-07 18:26:49.092,21.115
2026-09-07 18:26:50.092,21.134
2026-09-07 18:26:51.093,20.790
2026-09-07 18:26:52.093,20.775
2026-09-07 18:26:53.093,19.071
2026-09-07 18:26:54.093,20.571
2026-09-07 18:26:55.094,19.086
2026-09-07 18:26:56.094,19.117
2026-09-07 18:26:57.094,19.089
2026-09-07 18:26:58.094,19.028
2026-09-07 18:26:59.094,19.090
2026-09-07 18:27:00.095,19.266
2026-09-07 18:27:01.095,19.088
2026-09-07 18:27:02.095,18.955
2026-09-07 18:27:03.095,18.999
2026-09-07 18:27:04.095,20.052
2026-09-07 18:27:05.096,21.975
2026-09-07 18:27:06.096,21.352
2026-09-07 18:27:07.096,21.547
2026-09-07 18:27:08.096,21.365
2026-09-07 18:27:09.097,21.399
2026-09-07 18:27:10.097,21.853
2026-09-07 18:27:11.097,20.870
2026-09-07 18:27:12.097,21.254
2026-09-07 18:27:13.098,21.992
2026-09-07 18:27:14.098,21.488
2026-09-07 18:27:15.098,21.013
2026-09-07 18:27:16.098,21.428
2026-09-07 18:27:17.099,21.847
2026-09-07 18:27:18.099,23.534
2026-09-07 18:27:19.099,23.602
2026-09-07 18:27:20.099,23.579
2026-09-07 18:27:21.099,23.535
2026-09-07 18:27:22.100,23.377
2026-09-07 18:27:23.100,23.509
2026-09-07 18:27:24.100,23.571
2026-09-07 18:27:25.100,23.762
2026-09-07 18:27:26.101,23.351
2026-09-07 18:27:27.101,23.531
2026-09-07 18:27:28.101,23.506
2026-09-07 18:27:29.101,23.374
2026-09-07 18:27:30.101,23.557
2026-09-07 18:27:31.102,23.658
2026-09-07 18:27:32.102,23.669
2026-09-07 18:27:33.102,23.703
2026-09-07 18:27:34.102,23.557
2026-09-07 18:27:35.103,23.545
2026-09-07 18:27:36.103,23.161
2026-09-07 18:27:37.103,23.576
2026-09-07 18:27:38.103,23.618
2026-09-07 18:27:39.103,23.605
2026-09-07 18:27:40.104,23.470
2026-09-07 18:27:41.104,23.367
2026-09-07 18:27:42.104,20.964
2026-09-07 18:27:43.104,19.598
2026-09-07 18:27:44.105,19.631
2026-09-07 18:27:45.105,19.509
2026-09-07 18:27:46.105,20.489
2026-09-07 18:27:47.105,20.949
2026-09-07 18:27:48.106,21.621
2026-09-07 18:27:49.106,21.843
2026-09-07 18:27:50.106,21.982
2026-09-07 18:27:51.106,21.925
2026-09-07 18:27:52.107,21.923
2026-09-07 18:27:53.107,21.885
2026-09-07 18:27:54.107,21.898
2026-09-07 18:27:55.108,21.985
2026-09-07 18:27:56.108,21.903
2026-09-07 18:27:57.108,21.898
2026-09-07 18:27:58.108,21.883
2026-09-07 18:27:59.109,21.922
2026-09-07 18:28:00.109,22.037
2026-09-07 18:28:01.109,22.019
2026-09-07 18:28:02.110,21.942
2026-09-07 18:28:03.110,21.889
2026-09-07 18:28:04.110,21.922
2026-09-07 18:28:05.110,22.036
2026-09-07 18:28:06.111,22.060
2026-09-07 18:28:07.111,21.940
2026-09-07 18:28:08.111,21.922
2026-09-07 18:28:09.112,21.926
2026-09-07 18:28:10.112,21.914
2026-09-07 18:28:11.112,22.087
2026-09-07 18:28:12.112,21.955
2026-09-07 18:28:13.113,21.908
2026-09-07 18:28:14.113,21.949
2026-09-07 18:28:15.113,21.938
2026-09-07 18:28:16.114,21.957
2026-09-07 18:28:17.114,22.042
2026-09-07 18:28:18.114,22.144
2026-09-07 18:28:19.115,21.991
2026-09-07 18:28:20.115,21.961
2026-09-07 18:28:21.115,21.997
2026-09-07 18:28:22.115,22.003
2026-09-07 18:28:23.116,22.096
2026-09-07 18:28:24.116,22.100
2026-09-07 18:28:25.116,21.991
2026-09-07 18:28:26.116,21.938
2026-09-07 18:28:27.117,21.885
2026-09-07 18:28:28.117,21.923
2026-09-07 18:28:29.117,22.113
2026-09-07 18:28:30.118,22.003
2026-09-07 18:28:31.118,22.004
2026-09-07 18:28:32.118,21.958
2026-09-07 18:28:33.119,21.958
2026-09-07 18:28:34.119,21.993
2026-09-07 18:28:35.119,22.226
2026-09-07 18:28:36.119,22.078
2026-09-07 18:28:37.120,22.010
2026-09-07 18:28:38.120,21.995
2026-09-07 18:28:39.120,21.965
2026-09-07 18:28:40.121,22.103
2026-09-07 18:28:41.121,22.117
2026-09-07 18:28:42.121,21.965
2026-09-07 18:28:43.121,22.043
2026-09-07 18:28:44.122,22.041
2026-09-07 18:28:45.122,22.010
2026-09-07 18:28:46.122,22.130
2026-09-07 18:28:47.123,22.035
2026-09-07 18:28:48.123,22.014
2026-09-07 18:28:49.123,22.005
2026-09-07 18:28:50.123,22.041
2026-09-07 18:28:51.124,22.133
2026-09-07 18:28:52.124,22.132
2026-09-07 18:28:53.124,21.985
2026-09-07 18:28:54.125,21.987
2026-09-07 18:28:55.125,22.005
2026-09-07 18:28:56.125,22.138
2026-09-07 18:28:57.125,22.147
2026-09-07 18:28:58.126,22.116
2026-09-07 18:28:59.126,22.029
2026-09-07 18:29:00.126,22.052
2026-09-07 18:29:01.127,22.029
2026-09-07 18:29:02.127,22.114
2026-09-07 18:29:03.127,22.292
2026-09-07 18:29:04.128,22.052
2026-09-07 18:29:05.128,22.029
2026-09-07 18:29:06.128,22.067
2026-09-07 18:29:07.128,22.168
2026-09-07 18:29:08.129,22.044
2026-09-07 18:29:09.129,22.173
2026-09-07 18:29:10.129,22.030
2026-09-07 18:29:11.130,22.102
2026-09-07 18:29:12.130,22.057
2026-09-07 18:29:13.130,22.183
2026-09-07 18:29:14.130,22.319
2026-09-07 18:29:15.131,22.106
2026-09-07 18:29:16.131,22.067
2026-09-07 18:29:17.131,22.038
2026-09-07 18:29:18.132,22.082
2026-09-07 18:29:19.132,22.173
2026-09-07 18:29:20.132,22.154
2026-09-07 18:29:21.132,22.170
2026-09-07 18:29:22.133,22.056
2026-09-07 18:29:23.133,22.076
2026-09-07 18:29:24.133,22.012
2026-09-07 18:29:25.133,22.073
2026-09-07 18:29:26.134,22.198
2026-09-07 18:29:27.134,22.063
2026-09-07 18:29:28.134,22.081
2026-09-07 18:29:29.135,22.074
2026-09-07 18:29:30.135,22.097
2026-09-07 18:29:31.135,22.074
2026-09-07 18:29:32.135,22.189
2026-09-07 18:29:33.136,22.109
2026-09-07 18:29:34.136,22.097
2026-09-07 18:29:35.136,22.112
2026-09-07 18:29:36.137,22.241
2026-09-07 18:29:37.137,22.074
2026-09-07 18:29:38.137,22.221
2026-09-07 18:29:39.138,22.133
2026-09-07 18:29:40.138,22.095
2026-09-07 18:29:41.138,22.090
2026-09-07 18:29:42.138,22.246
2026-09-07 18:29:43.139,22.357
2026-09-07 18:29:44.139,22.127
2026-09-07 18:29:45.139,22.114
2026-09-07 18:29:46.140,22.117
2026-09-07 18:29:47.140,22.112
2026-09-07 18:29:48.140,22.252
2026-09-07 18:29:49.141,22.209
2026-09-07 18:29:50.141,22.107
2026-09-07 18:29:51.141,22.138
2026-09-07 18:29:52.141,22.106
2026-09-07 18:29:53.142,22.102
2026-09-07 18:29:54.142,22.204
2026-09-07 18:29:55.142,22.140
2026-09-07 18:29:56.143,22.113
2026-09-07 18:29:57.143,22.109
2026-09-07 18:29:58.143,22.166
2026-09-07 18:29:59.143,22.157
2026-09-07 18:30:00.144,22.261
2026-09-07 18:30:01.144,22.284
2026-09-07 18:30:02.144,21.893
2026-09-07 18:30:03.145,22.133
2026-09-07 18:30:04.145,22.167
2026-09-07 18:30:05.145,22.363
2026-09-07 18:30:06.145,22.161
2026-09-07 18:30:07.146,22.110
2026-09-07 18:30:08.146,22.180
2026-09-07 18:30:09.146,22.161
2026-09-07 18:30:10.147,22.267
2026-09-07 18:30:11.147,22.375
2026-09-07 18:30:12.147,22.159
2026-09-07 18:30:13.147,22.162
2026-09-07 18:30:14.148,22.200
2026-09-07 18:30:15.148,22.290
2026-09-07 18:30:16.148,22.259
2026-09-07 18:30:17.149,22.234
2026-09-07 18:30:18.149,22.170
2026-09-07 18:30:19.149,22.133
2026-09-07 18:30:20.149,22.124
2026-09-07 18:30:21.150,22.175
2026-09-07 18:30:22.150,22.216
2026-09-07 18:30:23.150,22.150
2026-09-07 18:30:24.151,22.172
2026-09-07 18:30:25.151,22.150
2026-09-07 18:30:26.151,22.154
2026-09-07 18:30:27.151,22.197
2026-09-07 18:30:28.152,22.295
2026-09-07 18:30:29.152,22.390
2026-09-07 18:30:30.152,22.193
2026-09-07 18:30:31.153,22.187
2026-09-07 18:30:32.153,22.157
2026-09-07 18:30:33.153,22.312
2026-09-07 18:30:34.153,22.194
2026-09-07 18:30:35.154,22.266
2026-09-07 18:30:36.154,22.172
2026-09-07 18:30:37.154,22.189
2026-09-07 18:30:38.155,22.195
2026-09-07 18:30:39.155,22.297
2026-09-07 18:30:40.155,22.459
2026-09-07 18:30:41.156,22.191
2026-09-07 18:30:42.156,22.182
2026-09-07 18:30:43.156,22.171
2026-09-07 18:30:44.156,22.214
2026-09-07 18:30:45.157,22.310
2026-09-07 18:30:46.157,22.312
2026-09-07 18:30:47.157,22.216
2026-09-07 18:30:48.158,22.285
2026-09-07 18:30:49.158,22.183
2026-09-07 18:30:50.158,22.324
2026-09-07 18:30:51.158,22.276
2026-09-07 18:30:52.159,22.194
2026-09-07 18:30:53.159,22.199
2026-09-07 18:30:54.159,22.184
2026-09-07 18:30:55.160,22.181
2026-09-07 18:30:56.160,22.295
2026-09-07 18:30:57.160,22.201
2026-09-07 18:30:58.160,22.225
2026-09-07 18:30:59.161,22.197
2026-09-07 18:31:00.161,22.241
2026-09-07 18:31:01.161,22.191
2026-09-07 18:31:02.162,22.340
2026-09-07 18:31:03.162,22.347
2026-09-07 18:31:04.162,22.185
2026-09-07 18:31:05.162,22.237
2026-09-07 18:31:06.163,22.196
2026-09-07 18:31:07.163,22.325
2026-09-07 18:31:08.163,22.322
2026-09-07 18:31:09.164,22.203
2026-09-07 18:31:10.164,22.228
2026-09-07 18:31:11.164,22.269
2026-09-07 18:31:12.164,22.326
2026-09-07 18:31:13.165,22.473
2026-09-07 18:31:14.165,22.246
2026-09-07 18:31:15.165,22.267
2026-09-07 18:31:16.165,22.244
2026-09-07 18:31:17.166,22.236
2026-09-07 18:31:18.166,22.263
2026-09-07 18:31:19.166,22.360
2026-09-07 18:31:20.166,22.241
2026-09-07 18:31:21.167,22.157
2026-09-07 18:31:22.167,22.195
2026-09-07 18:31:23.167,22.233
2026-09-07 18:31:24.168,22.252
2026-09-07 18:31:25.168,22.285
2026-09-07 18:31:26.168,22.364
2026-09-07 18:31:27.168,22.254
2026-09-07 18:31:28.169,22.214
2026-09-07 18:31:29.169,22.223
2026-09-07 18:31:30.169,22.359
2026-09-07 18:31:31.170,22.515
2026-09-07 18:31:32.170,22.231
2026-09-07 18:31:33.170,22.197
2026-09-07 18:31:34.170,22.230
2026-09-07 18:31:35.171,22.213
2026-09-07 18:31:36.171,22.348
2026-09-07 18:31:37.171,22.206
2026-09-07 18:31:38.171,22.237
2026-09-07 18:31:39.172,22.193
2026-09-07 18:31:40.172,22.226
2026-09-07 18:31:41.172,22.266
2026-09-07 18:31:42.173,22.245
2026-09-07 18:31:43.173,22.363
2026-09-07 18:31:44.173,22.277
2026-09-07 18:31:45.173,22.230
2026-09-07 18:31:46.174,22.256
2026-09-07 18:31:47.174,22.425
2026-09-07 18:31:48.174,22.520
2026-09-07 18:31:49.174,22.258
2026-09-07 18:31:50.175,22.252
2026-09-07 18:31:51.175,22.386
2026-09-07 18:31:52.175,22.361
2026-09-07 18:31:53.176,22.376
2026-09-07 18:31:54.176,22.259
2026-09-07 18:31:55.176,22.248
2026-09-07 18:31:56.177,22.222
2026-09-07 18:31:57.177,22.273
2026-09-07 18:31:58.177,22.372
2026-09-07 18:31:59.178,22.494
2026-09-07 18:32:00.178,22.320
2026-09-07 18:32:01.178,22.234
2026-09-07 18:32:02.178,22.242
2026-09-07 18:32:03.179,22.267
2026-09-07 18:32:04.179,22.414
2026-09-07 18:32:05.179,22.388
2026-09-07 18:32:06.180,22.287
2026-09-07 18:32:07.180,22.293
2026-09-07 18:32:08.180,22.271
2026-09-07 18:32:09.180,22.340
2026-09-07 18:32:10.181,22.503
2026-09-07 18:32:11.181,22.492
2026-09-07 18:32:12.181,22.272
2026-09-07 18:32:13.182,22.268
2026-09-07 18:32:14.182,22.285
2026-09-07 18:32:15.182,22.205
2026-09-07 18:32:16.182,22.307
2026-09-07 18:32:17.183,22.388
2026-09-07 18:32:18.183,22.102
2026-09-07 18:32:19.183,22.230
2026-09-07 18:32:20.184,22.305
2026-09-07 18:32:21.184,22.262
2026-09-07 18:32:22.184,22.247
2026-09-07 18:32:23.185,22.268
2026-09-07 18:32:24.185,22.257
2026-09-07 18:32:25.185,22.255
2026-09-07 18:32:26.185,22.302
2026-09-07 18:32:27.186,22.371
2026-09-07 18:32:28.186,22.363
2026-09-07 18:32:29.186,22.290
2026-09-07 18:32:30.187,22.252
2026-09-07 18:32:31.187,22.266
2026-09-07 18:32:32.187,22.366
2026-09-07 18:32:33.188,22.555
2026-09-07 18:32:34.188,21.716
2026-09-07 18:32:35.188,20.066
2026-09-07 18:32:36.188,21.765
2026-09-07 18:32:37.189,21.646
2026-09-07 18:32:38.189,20.961
2026-09-07 18:32:39.189,21.886
2026-09-07 18:32:40.190,21.868
2026-09-07 18:32:41.190,21.898
2026-09-07 18:32:42.190,21.917
2026-09-07 18:32:43.190,22.057
2026-09-07 18:32:44.191,22.218
2026-09-07 18:32:45.191,21.978
2026-09-07 18:32:46.191,21.965
2026-09-07 18:32:47.192,21.975
2026-09-07 18:32:48.192,21.958
2026-09-07 18:32:49.192,22.127
2026-09-07 18:32:50.193,22.179
2026-09-07 18:32:51.193,21.944
2026-09-07 18:32:52.193,21.964
2026-09-07 18:32:53.193,21.947
2026-09-07 18:32:54.194,21.984
2026-09-07 18:32:55.194,22.064
2026-09-07 18:32:56.194,22.102
2026-09-07 18:32:57.195,21.972
2026-09-07 18:32:58.195,22.021
2026-09-07 18:32:59.195,21.995
2026-09-07 18:33:00.196,22.057
2026-09-07 18:33:01.196,22.031
2026-09-07 18:33:02.196,21.902
2026-09-07 18:33:03.197,21.899
2026-09-07 18:33:04.197,21.928
2026-09-07 18:33:05.198,21.928
2026-09-07 18:33:06.198,22.071
2026-09-07 18:33:07.198,22.047
2026-09-07 18:33:08.199,21.946
2026-09-07 18:33:09.199,21.861
2026-09-07 18:33:10.199,21.969
2026-09-07 18:33:11.200,22.068
2026-09-07 18:33:12.200,22.036
2026-09-07 18:33:13.201,22.068
2026-09-07 18:33:14.201,21.976
2026-09-07 18:33:15.201,21.907
2026-09-07 18:33:16.201,21.831
2026-09-07 18:33:17.202,21.968
2026-09-07 18:33:18.202,22.086
2026-09-07 18:33:19.203,21.934
2026-09-07 18:33:20.203,21.972
2026-09-07 18:33:21.203,21.940
2026-09-07 18:33:22.204,21.944
2026-09-07 18:33:23.204,21.978
2026-09-07 18:33:24.204,21.952
2026-09-07 18:33:25.205,21.953
2026-09-07 18:33:26.205,21.941
2026-09-07 18:33:27.205,21.953
2026-09-07 18:33:28.206,21.962
2026-09-07 18:33:29.206,22.049
2026-09-07 18:33:30.207,22.267
2026-09-07 18:33:31.207,21.966
2026-09-07 18:33:32.207,21.957
2026-09-07 18:33:33.208,22.056
2026-09-07 18:33:34.208,22.123
2026-09-07 18:33:35.208,22.213
2026-09-07 18:33:36.209,22.059
2026-09-07 18:33:37.209,22.061
2026-09-07 18:33:38.209,22.116
2026-09-07 18:33:39.210,22.072
2026-09-07 18:33:40.210,22.206
2026-09-07 18:33:41.211,22.215
2026-09-07 18:33:42.211,22.105
2026-09-07 18:33:43.211,22.076
2026-09-07 18:33:44.212,22.128
2026-09-07 18:33:45.212,22.075
2026-09-07 18:33:46.212,22.238
2026-09-07 18:33:47.213,22.107
2026-09-07 18:33:48.213,22.091
2026-09-07 18:33:49.214,22.109
2026-09-07 18:33:50.214,22.104
2026-09-07 18:33:51.214,22.210
2026-09-07 18:33:52.215,22.225
2026-09-07 18:33:53.215,21.976
2026-09-07 18:33:54.215,21.988
2026-09-07 18:33:55.216,21.980
2026-09-07 18:33:56.216,22.001
2026-09-07 18:33:57.216,22.157
2026-09-07 18:33:58.217,22.129
2026-09-07 18:33:59.217,22.041
2026-09-07 18:34:00.217,22.147
2026-09-07 18:34:01.218,22.113
2026-09-07 18:34:02.218,22.208
2026-09-07 18:34:03.219,22.137
2026-09-07 18:34:04.219,22.061
2026-09-07 18:34:05.219,22.016
2026-09-07 18:34:06.220,22.036
2026-09-07 18:34:07.220,22.020
2026-09-07 18:34:08.220,22.210
2026-09-07 18:34:09.221,22.147
2026-09-07 18:34:10.221,22.033
2026-09-07 18:34:11.221,22.056
2026-09-07 18:34:12.222,22.002
2026-09-07 18:34:13.222,21.903
2026-09-07 18:34:14.222,22.107
2026-09-07 18:34:15.223,21.935
2026-09-07 18:34:16.223,22.156
2026-09-07 18:34:17.223,22.011
2026-09-07 18:34:18.224,22.001
2026-09-07 18:34:19.224,22.152
2026-09-07 18:34:20.224,22.143
2026-09-07 18:34:21.225,22.138
2026-09-07 18:34:22.225,22.015
2026-09-07 18:34:23.225,21.994
2026-09-07 18:34:24.226,22.003
2026-09-07 18:34:25.226,22.139
2026-09-07 18:34:26.226,22.293
2026-09-07 18:34:27.226,22.138
2026-09-07 18:34:28.227,22.023
2026-09-07 18:34:29.227,22.062
2026-09-07 18:34:30.227,22.007
2026-09-07 18:34:31.227,22.151
2026-09-07 18:34:32.228,22.037
2026-09-07 18:34:33.228,21.997
2026-09-07 18:34:34.228,22.015
2026-09-07 18:34:35.229,22.009
2026-09-07 18:34:36.229,22.164
2026-09-07 18:34:37.229,22.257
2026-09-07 18:34:38.229,22.036
2026-09-07 18:34:39.230,22.036
2026-09-07 18:34:40.230,22.035
2026-09-07 18:34:41.230,22.010
2026-09-07 18:34:42.231,22.276
2026-09-07 18:34:43.231,22.143
2026-09-07 18:34:44.231,22.036
2026-09-07 18:34:45.231,22.013
2026-09-07 18:34:46.232,22.061
2026-09-07 18:34:47.232,22.152
2026-09-07 18:34:48.232,22.143
2026-09-07 18:34:49.233,22.056
2026-09-07 18:34:50.233,22.027
2026-09-07 18:34:51.233,22.069
2026-09-07 18:34:52.233,22.114
2026-09-07 18:34:53.234,22.296
2026-09-07 18:34:54.234,22.277
2026-09-07 18:34:55.234,22.142
2026-09-07 18:34:56.235,22.153
2026-09-07 18:34:57.235,22.156
2026-09-07 18:34:58.235,22.289
2026-09-07 18:34:59.235,22.305
2026-09-07 18:35:00.236,22.226
2026-09-07 18:35:01.236,22.219
2026-09-07 18:35:02.236,22.052
2026-09-07 18:35:03.237,22.074
2026-09-07 18:35:04.237,22.187
2026-09-07 18:35:05.237,22.159
2026-09-07 18:35:06.237,22.056
2026-09-07 18:35:07.238,22.038
2026-09-07 18:35:08.238,22.073
2026-09-07 18:35:09.238,22.170
2026-09-07 18:35:10.238,22.176
2026-09-07 18:35:11.239,22.186
2026-09-07 18:35:12.239,22.164
2026-09-07 18:35:13.239,22.191
2026-09-07 18:35:14.240,22.162
2026-09-07 18:35:15.240,22.188
2026-09-07 18:35:16.241,22.331
2026-09-07 18:35:17.241,22.078
2026-09-07 18:35:18.241,22.074
2026-09-07 18:35:19.242,22.089
2026-09-07 18:35:20.242,22.062
2026-09-07 18:35:21.242,22.003
2026-09-07 18:35:22.243,22.305
2026-09-07 18:35:23.243,22.183
2026-09-07 18:35:24.243,22.057
2026-09-07 18:35:25.244,22.040
2026-09-07 18:35:26.244,22.075
2026-09-07 18:35:27.244,22.217
2026-09-07 18:35:28.245,22.188
2026-09-07 18:35:29.245,22.071
2026-09-07 18:35:30.245,22.214
2026-09-07 18:35:31.246,22.186
2026-09-07 18:35:32.246,22.339
2026-09-07 18:35:33.247,22.424
2026-09-07 18:35:34.247,22.203
2026-09-07 18:35:35.247,22.209
2026-09-07 18:35:36.248,22.193
2026-09-07 18:35:37.248,22.209
2026-09-07 18:35:38.248,22.337
2026-09-07 18:35:39.249,22.450
2026-09-07 18:35:40.249,22.217
2026-09-07 18:35:41.249,22.194
2026-09-07 18:35:42.250,22.186
2026-09-07 18:35:43.250,22.214
2026-09-07 18:35:44.250,22.331
2026-09-07 18:35:45.251,22.328
2026-09-07 18:35:46.251,22.216
2026-09-07 18:35:47.251,22.212
2026-09-07 18:35:48.252,22.181
2026-09-07 18:35:49.252,22.254
2026-09-07 18:35:50.252,22.323
2026-09-07 18:35:51.253,22.095
2026-09-07 18:35:52.253,22.112
2026-09-07 18:35:53.253,22.092
2026-09-07 18:35:54.254,22.125
2026-09-07 18:35:55.254,22.209
2026-09-07 18:35:56.254,22.221
2026-09-07 18:35:57.255,22.105
2026-09-07 18:35:58.255,22.086
2026-09-07 18:35:59.255,22.106
2026-09-07 18:36:00.256,22.299
2026-09-07 18:36:01.256,22.468
2026-09-07 18:36:02.256,22.241
2026-09-07 18:36:03.257,22.138
2026-09-07 18:36:04.257,22.114
2026-09-07 18:36:05.257,22.111
2026-09-07 18:36:06.258,22.133
2026-09-07 18:36:07.258,22.239
2026-09-07 18:36:08.258,22.188
2026-09-07 18:36:09.259,22.215
2026-09-07 18:36:10.259,22.220
2026-09-07 18:36:11.259,22.280
2026-09-07 18:36:12.260,22.251
2026-09-07 18:36:13.260,22.246
2026-09-07 18:36:14.260,22.114
2026-09-07 18:36:15.260,22.201
2026-09-07 18:36:16.261,22.231
2026-09-07 18:36:17.261,22.135
2026-09-07 18:36:18.261,22.132
2026-09-07 18:36:19.262,22.366
2026-09-07 18:36:20.262,22.107
2026-09-07 18:36:21.262,22.096
2026-09-07 18:36:22.262,22.146
2026-09-07 18:36:23.263,22.126
2026-09-07 18:36:24.263,22.222
2026-09-07 18:36:25.263,22.230
2026-09-07 18:36:26.264,22.236
2026-09-07 18:36:27.264,22.206
2026-09-07 18:36:28.264,22.204
2026-09-07 18:36:29.264,22.370
2026-09-07 18:36:30.265,22.367
2026-09-07 18:36:31.265,22.210
2026-09-07 18:36:32.265,22.132
2026-09-07 18:36:33.266,22.105
2026-09-07 18:36:34.266,22.114
2026-09-07 18:36:35.266,22.262
2026-09-07 18:36:36.267,22.277
2026-09-07 18:36:37.267,22.113
2026-09-07 18:36:38.267,22.114
2026-09-07 18:36:39.267,22.136
2026-09-07 18:36:40.268,22.144
2026-09-07 18:36:41.268,22.260
2026-09-07 18:36:42.268,22.277
2026-09-07 18:36:43.269,22.108
2026-09-07 18:36:44.269,22.115
2026-09-07 18:36:45.269,22.124
2026-09-07 18:36:46.269,22.300
2026-09-07 18:36:47.270,22.366
2026-09-07 18:36:48.270,22.269
2026-09-07 18:36:49.270,22.150
2026-09-07 18:36:50.271,22.134
2026-09-07 18:36:51.271,22.153
2026-09-07 18:36:52.271,22.390
2026-09-07 18:36:53.271,22.254
2026-09-07 18:36:54.272,22.172
2026-09-07 18:36:55.272,22.235
2026-09-07 18:36:56.272,22.253
2026-09-07 18:36:57.272,22.346
2026-09-07 18:36:58.273,22.383
2026-09-07 18:36:59.273,22.328
2026-09-07 18:37:00.273,22.219
2026-09-07 18:37:01.274,22.162
2026-09-07 18:37:02.274,22.146
2026-09-07 18:37:03.274,22.223
2026-09-07 18:37:04.274,22.172
2026-09-07 18:37:05.275,22.247
2026-09-07 18:37:06.275,22.102
2026-09-07 18:37:07.275,22.257
2026-09-07 18:37:08.276,22.240
2026-09-07 18:37:09.276,22.253
2026-09-07 18:37:10.276,22.415
2026-09-07 18:37:11.277,22.300
2026-09-07 18:37:12.277,22.245
2026-09-07 18:37:13.277,22.273
2026-09-07 18:37:14.277,22.264
2026-09-07 18:37:15.278,22.307
2026-09-07 18:37:16.278,22.405
2026-09-07 18:37:17.278,22.140
2026-09-07 18:37:18.278,18.640
2026-09-07 18:37:19.279,21.717
2026-09-07 18:37:20.279,22.384
2026-09-07 18:37:21.279,20.990
2026-09-07 18:37:22.279,21.465
2026-09-07 18:37:23.280,21.934
2026-09-07 18:37:24.280,21.986
2026-09-07 18:37:25.280,21.984
2026-09-07 18:37:26.280,21.981
2026-09-07 18:37:27.281,21.989
2026-09-07 18:37:28.281,21.968
2026-09-07 18:37:29.281,21.971
2026-09-07 18:37:30.282,22.000
2026-09-07 18:37:31.282,22.139
2026-09-07 18:37:32.282,21.869
2026-09-07 18:37:33.282,21.987
2026-09-07 18:37:34.283,22.007
2026-09-07 18:37:35.283,21.982
2026-09-07 18:37:36.283,22.022
2026-09-07 18:37:37.284,22.135
2026-09-07 18:37:38.284,22.028
2026-09-07 18:37:39.284,22.001
2026-09-07 18:37:40.284,22.013
2026-09-07 18:37:41.285,22.032
2026-09-07 18:37:42.285,22.147
2026-09-07 18:37:43.285,22.148
2026-09-07 18:37:44.286,22.043
2026-09-07 18:37:45.286,22.025
2026-09-07 18:37:46.286,22.007
2026-09-07 18:37:47.287,22.069
2026-09-07 18:37:48.287,22.041
2026-09-07 18:37:49.288,22.129
2026-09-07 18:37:50.288,22.031
2026-09-07 18:37:51.288,22.034
2026-09-07 18:37:52.288,22.008
2026-09-07 18:37:53.289,22.163
2026-09-07 18:37:54.289,22.098
2026-09-07 18:37:55.289,22.045
2026-09-07 18:37:56.289,22.043
2026-09-07 18:37:57.290,22.052
2026-09-07 18:37:58.290,22.066
2026-09-07 18:37:59.290,22.089
2026-09-07 18:38:00.291,22.291
2026-09-07 18:38:01.291,22.179
2026-09-07 18:38:02.291,21.999
2026-09-07 18:38:03.291,21.905
2026-09-07 18:38:04.292,22.060
2026-09-07 18:38:05.292,21.935
2026-09-07 18:38:06.292,21.946
2026-09-07 18:38:07.293,21.947
2026-09-07 18:38:08.293,21.935
2026-09-07 18:38:09.293,21.934
2026-09-07 18:38:10.293,21.952
2026-09-07 18:38:11.294,22.100
2026-09-07 18:38:12.294,22.045
2026-09-07 18:38:13.294,22.068
2026-09-07 18:38:14.295,22.072
2026-09-07 18:38:15.295,22.058
2026-09-07 18:38:16.295,22.192
2026-09-07 18:38:17.295,22.102
2026-09-07 18:38:18.296,22.046
2026-09-07 18:38:19.296,22.059
2026-09-07 18:38:20.296,22.049
2026-09-07 18:38:21.297,22.085
2026-09-07 18:38:22.297,22.087
2026-09-07 18:38:23.297,22.195
2026-09-07 18:38:24.297,22.073
2026-09-07 18:38:25.298,22.069
2026-09-07 18:38:26.298,22.083
2026-09-07 18:38:27.298,22.082
2026-09-07 18:38:28.298,22.195
2026-09-07 18:38:29.299,22.044
2026-09-07 18:38:30.299,22.040
2026-09-07 18:38:31.299,21.970
2026-09-07 18:38:32.300,21.964
2026-09-07 18:38:33.300,22.215
2026-09-07 18:38:34.300,21.952
2026-09-07 18:38:35.300,21.962
2026-09-07 18:38:36.301,21.936
2026-09-07 18:38:37.301,21.930
2026-09-07 18:38:38.301,22.085
2026-09-07 18:38:39.302,22.074
2026-09-07 18:38:40.302,22.100
2026-09-07 18:38:41.302,22.104
2026-09-07 18:38:42.303,22.067
2026-09-07 18:38:43.303,22.003
2026-09-07 18:38:44.303,22.198
2026-09-07 18:38:45.304,22.208
2026-09-07 18:38:46.304,22.097
2026-09-07 18:38:47.305,22.099
2026-09-07 18:38:48.305,22.082
2026-09-07 18:38:49.305,22.101
2026-09-07 18:38:50.306,21.986
2026-09-07 18:38:51.306,22.057
2026-09-07 18:38:52.306,22.058
2026-09-07 18:38:53.307,21.992
2026-09-07 18:38:54.307,22.002
2026-09-07 18:38:55.307,22.049
2026-09-07 18:38:56.308,22.070
2026-09-07 18:38:57.308,22.132
2026-09-07 18:38:58.308,22.085
2026-09-07 18:38:59.309,22.063
2026-09-07 18:39:00.309,22.018
2026-09-07 18:39:01.309,22.036
2026-09-07 18:39:02.310,22.099
2026-09-07 18:39:03.310,22.135
2026-09-07 18:39:04.310,22.093
2026-09-07 18:39:05.311,22.079
2026-09-07 18:39:06.311,22.104
2026-09-07 18:39:07.311,22.231
2026-09-07 18:39:08.312,22.111
2026-09-07 18:39:09.312,22.119
2026-09-07 18:39:10.313,22.080
2026-09-07 18:39:11.313,22.158
2026-09-07 18:39:12.313,22.085
2026-09-07 18:39:13.314,22.109
2026-09-07 18:39:14.314,22.261
2026-09-07 18:39:15.314,22.097
2026-09-07 18:39:16.315,22.134
2026-09-07 18:39:17.315,22.105
2026-09-07 18:39:18.316,22.112
2026-09-07 18:39:19.316,22.383
2026-09-07 18:39:20.316,22.025
2026-09-07 18:39:21.317,21.977
2026-09-07 18:39:22.317,22.000
2026-09-07 18:39:23.317,22.057
2026-09-07 18:39:24.318,22.185
2026-09-07 18:39:25.318,22.024
2026-09-07 18:39:26.318,22.084
2026-09-07 18:39:27.319,22.149
2026-09-07 18:39:28.319,22.129
2026-09-07 18:39:29.320,22.266
2026-09-07 18:39:30.320,22.282
2026-09-07 18:39:31.320,22.255
2026-09-07 18:39:32.321,22.126
2026-09-07 18:39:33.321,22.108
2026-09-07 18:39:34.321,22.097
2026-09-07 18:39:35.322,22.275
2026-09-07 18:39:36.322,22.240
2026-09-07 18:39:37.323,22.106
2026-09-07 18:39:38.323,22.140
2026-09-07 18:39:39.323,22.119
2026-09-07 18:39:40.324,22.288
2026-09-07 18:39:41.324,22.145
2026-09-07 18:39:42.324,22.262
2026-09-07 18:39:43.325,22.161
2026-09-07 18:39:44.325,22.128
2026-09-07 18:39:45.326,22.152
2026-09-07 18:39:46.326,22.255
2026-09-07 18:39:47.326,22.324
2026-09-07 18:39:48.326,22.191
2026-09-07 18:39:49.327,22.047
2026-09-07 18:39:50.327,22.029
2026-09-07 18:39:51.327,22.032
2026-09-07 18:39:52.328,22.150
2026-09-07 18:39:53.328,22.141
2026-09-07 18:39:54.328,22.137
2026-09-07 18:39:55.328,22.132
2026-09-07 18:39:56.329,22.163
2026-09-07 18:39:57.329,22.134
2026-09-07 18:39:58.329,21.995
2026-09-07 18:39:59.329,22.287
2026-09-07 18:40:00.330,22.216
2026-09-07 18:40:01.330,22.151
2026-09-07 18:40:02.330,22.134
2026-09-07 18:40:03.331,22.055
2026-09-07 18:40:04.331,22.010
2026-09-07 18:40:05.331,22.034
2026-09-07 18:40:06.332,22.040
2026-09-07 18:40:07.332,22.027
2026-09-07 18:40:08.332,22.022
2026-09-07 18:40:09.332,22.040
2026-09-07 18:40:10.333,22.177
2026-09-07 18:40:11.333,22.207
2026-09-07 18:40:12.333,22.042
2026-09-07 18:40:13.334,22.025
2026-09-07 18:40:14.334,22.107
2026-09-07 18:40:15.334,22.094
2026-09-07 18:40:16.335,22.271
2026-09-07 18:40:17.335,22.029
2026-09-07 18:40:18.335,22.050
2026-09-07 18:40:19.336,22.014
2026-09-07 18:40:20.336,22.039
2026-09-07 18:40:21.336,22.036
2026-09-07 18:40:22.337,22.182
2026-09-07 18:40:23.337,22.024
2026-09-07 18:40:24.337,22.029
2026-09-07 18:40:25.337,22.071
2026-09-07 18:40:26.338,22.168
2026-09-07 18:40:27.338,22.159
2026-09-07 18:40:28.338,22.169
2026-09-07 18:40:29.339,22.142
2026-09-07 18:40:30.339,22.169
2026-09-07 18:40:31.339,22.192
2026-09-07 18:40:32.340,22.279
2026-09-07 18:40:33.340,22.168
2026-09-07 18:40:34.340,22.047
2026-09-07 18:40:35.340,22.083
2026-09-07 18:40:36.341,22.049
2026-09-07 18:40:37.341,22.040
2026-09-07 18:40:38.341,22.216
2026-09-07 18:40:39.342,22.160
2026-09-07 18:40:40.342,22.154
2026-09-07 18:40:41.342,22.169
2026-09-07 18:40:42.343,22.182
2026-09-07 18:40:43.343,22.320
2026-09-07 18:40:44.343,22.206
2026-09-07 18:40:45.344,22.186
2026-09-07 18:40:46.344,22.187
2026-09-07 18:40:47.344,22.218
2026-09-07 18:40:48.344,22.297
2026-09-07 18:40:49.345,22.311
2026-09-07 18:40:50.345,22.328
2026-09-07 18:40:51.345,22.303
2026-09-07 18:40:52.346,22.209
2026-09-07 18:40:53.346,22.193
2026-09-07 18:40:54.346,22.206
2026-09-07 18:40:55.346,22.287
2026-09-07 18:40:56.347,22.022
2026-09-07 18:40:57.347,22.092
2026-09-07 18:40:58.347,22.039
2026-09-07 18:40:59.348,22.053
2026-09-07 18:41:00.348,22.123
2026-09-07 18:41:01.348,22.123
2026-09-07 18:41:02.349,21.955
2026-09-07 18:41:03.349,22.056
2026-09-07 18:41:04.349,22.201
2026-09-07 18:41:05.349,22.053
2026-09-07 18:41:06.350,22.180
2026-09-07 18:41:07.350,22.313
2026-09-07 18:41:08.350,22.168
2026-09-07 18:41:09.351,22.181
2026-09-07 18:41:10.351,22.205
2026-09-07 18:41:11.351,22.223
2026-09-07 18:41:12.352,22.296
2026-09-07 18:41:13.352,22.317
2026-09-07 18:41:14.352,22.185
2026-09-07 18:41:15.352,22.187
2026-09-07 18:41:16.353,22.193
2026-09-07 18:41:17.353,22.336
2026-09-07 18:41:18.353,22.434
2026-09-07 18:41:19.354,22.321
2026-09-07 18:41:20.354,22.206
2026-09-07 18:41:21.354,22.178
2026-09-07 18:41:22.355,22.167
2026-09-07 18:41:23.355,22.332
2026-09-07 18:41:24.355,22.438
2026-09-07 18:41:25.356,22.171
2026-09-07 18:41:26.356,22.199
2026-09-07 18:41:27.356,22.174
2026-09-07 18:41:28.356,22.312
2026-09-07 18:41:29.357,22.463
2026-09-07 18:41:30.357,22.344
2026-09-07 18:41:31.357,22.202
2026-09-07 18:41:32.358,22.191
2026-09-07 18:41:33.358,22.222
2026-09-07 18:41:34.358,22.319
2026-09-07 18:41:35.359,22.222
2026-09-07 18:41:36.359,22.220
2026-09-07 18:41:37.359,22.201
2026-09-07 18:41:38.359,22.153
2026-09-07 18:41:39.360,22.091
2026-09-07 18:41:40.360,22.128
2026-09-07 18:41:41.360,22.083
2026-09-07 18:41:42.361,22.093
2026-09-07 18:41:43.361,22.203
2026-09-07 18:41:44.361,22.201
2026-09-07 18:41:45.361,22.199
2026-09-07 18:41:46.362,22.340
2026-09-07 18:41:47.362,22.324
2026-09-07 18:41:48.362,22.262
2026-09-07 18:41:49.363,22.221
2026-09-07 18:41:50.363,22.127
2026-09-07 18:41:51.363,22.141
2026-09-07 18:41:52.363,22.244
2026-09-07 18:41:53.364,22.115
2026-09-07 18:41:54.364,22.140
2026-09-07 18:41:55.364,22.212
2026-09-07 18:41:56.365,22.215
2026-09-07 18:41:57.365,22.093
2026-09-07 18:41:58.365,22.087
2026-09-07 18:41:59.366,19.099
2026-09-07 18:42:00.366,22.116
2026-09-07 18:42:01.366,21.419
2026-09-07 18:42:02.367,21.704
2026-09-07 18:42:03.367,22.053
2026-09-07 18:42:04.368,22.100
2026-09-07 18:42:05.368,21.954
2026-09-07 18:42:06.368,21.868
2026-09-07 18:42:07.369,21.876
2026-09-07 18:42:08.369,21.983
2026-09-07 18:42:09.369,21.968
2026-09-07 18:42:10.370,21.891
2026-09-07 18:42:11.370,21.923
2026-09-07 18:42:12.370,21.780
2026-09-07 18:42:13.371,21.901
2026-09-07 18:42:14.371,21.882
2026-09-07 18:42:15.372,21.907
2026-09-07 18:42:16.372,21.762
2026-09-07 18:42:17.372,21.774
2026-09-07 18:42:18.373,21.789
2026-09-07 18:42:19.373,21.880
2026-09-07 18:42:20.374,21.909
2026-09-07 18:42:21.374,21.772
2026-09-07 18:42:22.374,21.772
2026-09-07 18:42:23.375,21.800
2026-09-07 18:42:24.375,21.872
2026-09-07 18:42:25.375,21.788
2026-09-07 18:42:26.376,21.885
2026-09-07 18:42:27.376,21.787
2026-09-07 18:42:28.376,21.794
2026-09-07 18:42:29.377,21.821
2026-09-07 18:42:30.377,20.269
2026-09-07 18:42:31.377,21.283
2026-09-07 18:42:32.377,22.283
2026-09-07 18:42:33.378,24.461
2026-09-07 18:42:34.378,20.113
2026-09-07 18:42:35.378,20.220
2026-09-07 18:42:36.378,18.467
2026-09-07 18:42:37.379,18.443
2026-09-07 18:42:38.379,18.897
2026-09-07 18:42:39.379,20.427
2026-09-07 18:42:40.379,20.694
2026-09-07 18:42:41.379,20.457
2026-09-07 18:42:42.380,20.520
2026-09-07 18:42:43.380,20.685
2026-09-07 18:42:44.380,20.394
2026-09-07 18:42:45.380,20.494
2026-09-07 18:42:46.380,20.497
2026-09-07 18:42:47.381,20.562
2026-09-07 18:42:48.381,20.549
2026-09-07 18:42:49.381,20.437
2026-09-07 18:42:50.381,20.526
2026-09-07 18:42:51.381,20.422
2026-09-07 18:42:52.382,20.366
2026-09-07 18:42:53.382,20.518
2026-09-07 18:42:54.382,20.527
2026-09-07 18:42:55.382,20.575
2026-09-07 18:42:56.382,20.674
2026-09-07 18:42:57.383,20.470
2026-09-07 18:42:58.383,20.520
2026-09-07 18:42:59.383,20.568
2026-09-07 18:43:00.383,20.613
2026-09-07 18:43:01.383,20.506
2026-09-07 18:43:02.384,20.652
2026-09-07 18:43:03.384,20.673
2026-09-07 18:43:04.384,20.535
2026-09-07 18:43:05.385,18.110
2026-09-07 18:43:06.385,15.559
2026-09-07 18:43:07.385,22.459
2026-09-07 18:43:08.385,20.931
2026-09-07 18:43:09.386,21.685
2026-09-07 18:43:10.386,21.682
2026-09-07 18:43:11.386,21.901
2026-09-07 18:43:12.386,21.320
2026-09-07 18:43:13.387,21.842
2026-09-07 18:43:14.387,21.041
2026-09-07 18:43:15.387,19.442
2026-09-07 18:43:16.387,18.189
2026-09-07 18:43:17.388,18.212
2026-09-07 18:43:18.388,18.296
2026-09-07 18:43:19.388,18.276
2026-09-07 18:43:20.388,18.156
2026-09-07 18:43:21.388,18.218
2026-09-07 18:43:22.389,18.284
2026-09-07 18:43:23.389,18.221
2026-09-07 18:43:24.389,18.234
2026-09-07 18:43:25.389,18.250
2026-09-07 18:43:26.389,18.446
2026-09-07 18:43:27.390,18.246
2026-09-07 18:43:28.390,18.243
2026-09-07 18:43:29.390,18.317
2026-09-07 18:43:30.390,18.405
2026-09-07 18:43:31.391,18.216
2026-09-07 18:43:32.391,18.177
2026-09-07 18:43:33.391,18.255
2026-09-07 18:43:34.391,18.294
2026-09-07 18:43:35.391,18.243
2026-09-07 18:43:36.392,18.261
2026-09-07 18:43:37.392,18.135
2026-09-07 18:43:38.392,18.131
2026-09-07 18:43:39.392,18.153
2026-09-07 18:43:40.393,18.117
2026-09-07 18:43:41.393,18.140
2026-09-07 18:43:42.393,18.243
2026-09-07 18:43:43.393,18.374
2026-09-07 18:43:44.394,18.194
2026-09-07 18:43:45.394,18.093
2026-09-07 18:43:46.394,18.109
2026-09-07 18:43:47.394,18.157
2026-09-07 18:43:48.394,18.100
2026-09-07 18:43:49.395,18.200
2026-09-07 18:43:50.395,18.328
2026-09-07 18:43:51.395,18.208
2026-09-07 18:43:52.395,18.223
2026-09-07 18:43:53.395,18.096
2026-09-07 18:43:54.395,18.081
2026-09-07 18:43:55.396,18.087
2026-09-07 18:43:56.396,18.092
2026-09-07 18:43:57.396,18.207
2026-09-07 18:43:58.396,18.322
2026-09-07 18:43:59.396,18.317
2026-09-07 18:44:00.397,18.150
2026-09-07 18:44:01.397,18.212
2026-09-07 18:44:02.397,18.208
2026-09-07 18:44:03.397,18.106
2026-09-07 18:44:04.397,18.131
2026-09-07 18:44:05.398,18.087
2026-09-07 18:44:06.398,18.196
2026-09-07 18:44:07.398,18.335
2026-09-07 18:44:08.398,18.087
2026-09-07 18:44:09.399,18.093
2026-09-07 18:44:10.399,18.088
2026-09-07 18:44:11.399,18.007
2026-09-07 18:44:12.399,18.103
2026-09-07 18:44:13.399,18.081
2026-09-07 18:44:14.400,18.187
2026-09-07 18:44:15.400,18.194
2026-09-07 18:44:16.400,18.196
2026-09-07 18:44:17.400,18.093
2026-09-07 18:44:18.400,18.100
2026-09-07 18:44:19.401,18.190
2026-09-07 18:44:20.401,18.075
2026-09-07 18:44:21.401,18.097
2026-09-07 18:44:22.401,18.087
2026-09-07 18:44:23.401,18.131
2026-09-07 18:44:24.402,18.272
2026-09-07 18:44:25.402,18.207
2026-09-07 18:44:26.402,18.171
2026-09-07 18:44:27.402,18.153
2026-09-07 18:44:28.403,18.096
2026-09-07 18:44:29.403,18.146
2026-09-07 18:44:30.403,18.188
2026-09-07 18:44:31.403,18.164
2026-09-07 18:44:32.403,18.121
2026-09-07 18:44:33.404,18.165
2026-09-07 18:44:34.404,18.081
2026-09-07 18:44:35.404,18.099
2026-09-07 18:44:36.404,18.060
2026-09-07 18:44:37.404,18.055
2026-09-07 18:44:38.405,18.001
2026-09-07 18:44:39.405,18.002
2026-09-07 18:44:40.405,18.160
2026-09-07 18:44:41.405,18.044
2026-09-07 18:44:42.406,18.063
2026-09-07 18:44:43.406,18.082
2026-09-07 18:44:44.406,18.082
2026-09-07 18:44:45.406,18.057
2026-09-07 18:44:46.407,18.051
2026-09-07 18:44:47.407,18.185
2026-09-07 18:44:48.407,18.176
2026-09-07 18:44:49.407,18.044
2026-09-07 18:44:50.407,18.302
2026-09-07 18:44:51.408,18.069
2026-09-07 18:44:52.408,18.074
2026-09-07 18:44:53.408,18.057
2026-09-07 18:44:54.408,18.077
2026-09-07 18:44:55.409,18.059
2026-09-07 18:44:56.409,18.156
2026-09-07 18:44:57.409,18.304
2026-09-07 18:44:58.409,18.297
2026-09-07 18:44:59.409,18.172
2026-09-07 18:45:00.410,18.225
2026-09-07 18:45:01.410,17.991
2026-09-07 18:45:02.410,18.139
2026-09-07 18:45:03.410,18.167
2026-09-07 18:45:04.410,18.163
2026-09-07 18:45:05.411,18.284
2026-09-07 18:45:06.411,18.363
2026-09-07 18:45:07.411,18.179
2026-09-07 18:45:08.411,18.087
2026-09-07 18:45:09.412,18.048
2026-09-07 18:45:10.412,18.093
2026-09-07 18:45:11.412,18.126
2026-09-07 18:45:12.412,18.139
2026-09-07 18:45:13.412,18.172
2026-09-07 18:45:14.413,18.235
2026-09-07 18:45:15.413,18.075
2026-09-07 18:45:16.413,18.068
2026-09-07 18:45:17.413,18.062
2026-09-07 18:45:18.413,18.039
2026-09-07 18:45:19.414,18.167
2026-09-07 18:45:20.414,18.080
2026-09-07 18:45:21.414,18.153
2026-09-07 18:45:22.414,18.156
2026-09-07 18:45:23.415,18.301
2026-09-07 18:45:24.415,18.028
2026-09-07 18:45:25.415,18.150
2026-09-07 18:45:26.415,18.152
2026-09-07 18:45:27.415,18.141
2026-09-07 18:45:28.416,18.172
2026-09-07 18:45:29.416,18.149
2026-09-07 18:45:30.416,18.060
2026-09-07 18:45:31.416,18.158
2026-09-07 18:45:32.417,18.157
2026-09-07 18:45:33.417,18.152
2026-09-07 18:45:34.417,18.033
2026-09-07 18:45:35.417,18.143
2026-09-07 18:45:36.417,18.172
2026-09-07 18:45:37.418,18.160
2026-09-07 18:45:38.418,18.140
2026-09-07 18:45:39.418,18.279
2026-09-07 18:45:40.418,18.051
2026-09-07 18:45:41.418,18.024
2026-09-07 18:45:42.419,18.060
2026-09-07 18:45:43.419,18.051
2026-09-07 18:45:44.419,18.055
2026-09-07 18:45:45.419,18.170
2026-09-07 18:45:46.419,18.256
2026-09-07 18:45:47.420,18.280
2026-09-07 18:45:48.420,18.099
2026-09-07 18:45:49.420,18.049
2026-09-07 18:45:50.420,18.071
2026-09-07 18:45:51.421,18.061
2026-09-07 18:45:52.421,18.130
2026-09-07 18:45:53.421,18.174
2026-09-07 18:45:54.421,18.137
2026-09-07 18:45:55.421,18.283
2026-09-07 18:45:56.422,18.171
2026-09-07 18:45:57.422,18.060
2026-09-07 18:45:58.422,18.054
2026-09-07 18:45:59.422,18.044
2026-09-07 18:46:00.422,18.123
2026-09-07 18:46:01.423,18.046
2026-09-07 18:46:02.423,17.999
2026-09-07 18:46:03.423,18.042
2026-09-07 18:46:04.423,18.058
2026-09-07 18:46:05.423,18.080
2026-09-07 18:46:06.424,18.064
2026-09-07 18:46:07.424,17.976
2026-09-07 18:46:08.424,17.933
2026-09-07 18:46:09.424,17.963
2026-09-07 18:46:10.425,17.979
2026-09-07 18:46:11.425,18.199
2026-09-07 18:46:12.425,18.013
2026-09-07 18:46:13.425,18.115
2026-09-07 18:46:14.425,20.906
2026-09-07 18:46:15.426,20.350
2026-09-07 18:46:16.426,22.797
2026-09-07 18:46:17.426,20.714
2026-09-07 18:46:18.426,21.099
2026-09-07 18:46:19.427,21.818
2026-09-07 18:46:20.427,21.486
2026-09-07 18:46:21.427,20.500
2026-09-07 18:46:22.427,19.714
2026-09-07 18:46:23.428,19.695
2026-09-07 18:46:24.428,19.714
2026-09-07 18:46:25.428,19.712
2026-09-07 18:46:26.428,19.713
2026-09-07 18:46:27.428,19.842
2026-09-07 18:46:28.429,19.829
2026-09-07 18:46:29.429,19.925
2026-09-07 18:46:30.429,19.811
2026-09-07 18:46:31.429,19.765
2026-09-07 18:46:32.430,19.770
2026-09-07 18:46:33.430,19.754
2026-09-07 18:46:34.430,19.749
2026-09-07 18:46:35.430,19.893
2026-09-07 18:46:36.430,19.878
2026-09-07 18:46:37.431,19.999
2026-09-07 18:46:38.431,19.873
2026-09-07 18:46:39.431,19.746
2026-09-07 18:46:40.431,19.789
2026-09-07 18:46:41.431,19.776
2026-09-07 18:46:42.432,19.746
2026-09-07 18:46:43.432,19.788
2026-09-07 18:46:44.432,19.873
2026-09-07 18:46:45.432,19.778
2026-09-07 18:46:46.433,19.880
2026-09-07 18:46:47.433,19.880
2026-09-07 18:46:48.433,19.747
2026-09-07 18:46:49.433,19.770
2026-09-07 18:46:50.433,19.849
2026-09-07 18:46:51.434,19.750
2026-09-07 18:46:52.434,19.977
2026-09-07 18:46:53.434,19.883
2026-09-07 18:46:54.434,19.907
2026-09-07 18:46:55.435,19.745
2026-09-07 18:46:56.435,19.768
2026-09-07 18:46:57.435,19.767
2026-09-07 18:46:58.435,19.807
2026-09-07 18:46:59.435,19.872
2026-09-07 18:47:00.436,19.951
2026-09-07 18:47:01.436,19.888
2026-09-07 18:47:02.436,20.022
2026-09-07 18:47:03.436,19.876
2026-09-07 18:47:04.437,19.785
2026-09-07 18:47:05.437,19.792
2026-09-07 18:47:06.437,19.773
2026-09-07 18:47:07.437,19.820
2026-09-07 18:47:08.437,19.916
2026-09-07 18:47:09.438,19.872
2026-09-07 18:47:10.438,19.989
2026-09-07 18:47:11.438,20.100
2026-09-07 18:47:12.438,19.897
2026-09-07 18:47:13.438,19.882
2026-09-07 18:47:14.439,19.802
2026-09-07 18:47:15.439,19.824
2026-09-07 18:47:16.439,19.802
2026-09-07 18:47:17.439,19.891
2026-09-07 18:47:18.440,20.019
2026-09-07 18:47:19.440,19.996
2026-09-07 18:47:20.440,19.927
2026-09-07 18:47:21.440,19.804
2026-09-07 18:47:22.441,19.778
2026-09-07 18:47:23.441,19.782
2026-09-07 18:47:24.441,19.802
2026-09-07 18:47:25.441,19.804
2026-09-07 18:47:26.442,19.926
2026-09-07 18:47:27.442,19.837
2026-09-07 18:47:28.442,19.856
2026-09-07 18:47:29.442,19.758
2026-09-07 18:47:30.443,19.801
2026-09-07 18:47:31.443,19.752
2026-09-07 18:47:32.443,19.800
2026-09-07 18:47:33.443,19.788
2026-09-07 18:47:34.443,19.903
2026-09-07 18:47:35.444,19.894
2026-09-07 18:47:36.444,19.820
2026-09-07 18:47:37.444,19.775
2026-09-07 18:47:38.444,19.782
2026-09-07 18:47:39.445,19.776
2026-09-07 18:47:40.445,19.898
2026-09-07 18:47:41.445,19.793
2026-09-07 18:47:42.445,19.901
2026-09-07 18:47:43.446,19.651
2026-09-07 18:47:44.446,19.875
2026-09-07 18:47:45.446,19.770
2026-09-07 18:47:46.446,19.776
2026-09-07 18:47:47.446,19.791
2026-09-07 18:47:48.447,19.766
2026-09-07 18:47:49.447,19.798
2026-09-07 18:47:50.447,19.901
2026-09-07 18:47:51.447,19.904
2026-09-07 18:47:52.447,20.009
2026-09-07 18:47:53.448,19.788
2026-09-07 18:47:54.448,19.796
2026-09-07 18:47:55.448,19.784
2026-09-07 18:47:56.448,19.891
2026-09-07 18:47:57.449,19.881
2026-09-07 18:47:58.449,19.889
2026-09-07 18:47:59.449,20.017
2026-09-07 18:48:00.449,19.962
2026-09-07 18:48:01.449,19.782
2026-09-07 18:48:02.450,19.784
2026-09-07 18:48:03.450,19.799
2026-09-07 18:48:04.450,19.797
2026-09-07 18:48:05.450,19.777
2026-09-07 18:48:06.450,19.902
2026-09-07 18:48:07.451,20.022
2026-09-07 18:48:08.451,19.899
2026-09-07 18:48:09.451,19.760
2026-09-07 18:48:10.451,19.825
2026-09-07 18:48:11.452,20.157
2026-09-07 18:48:12.452,24.277
2026-09-07 18:48:13.452,20.906
2026-09-07 18:48:14.452,21.666
2026-09-07 18:48:15.452,21.508
2026-09-07 18:48:16.453,21.780
2026-09-07 18:48:17.453,21.877
2026-09-07 18:48:18.453,19.578
2026-09-07 18:48:19.454,18.987
2026-09-07 18:48:20.454,18.793
2026-09-07 18:48:21.454,18.731
2026-09-07 18:48:22.454,18.386
2026-09-07 18:48:23.455,19.203
2026-09-07 18:48:24.455,18.403
2026-09-07 18:48:25.455,16.882
2026-09-07 18:48:26.456,18.778
2026-09-07 18:48:27.456,16.769
2026-09-07 18:48:28.456,16.847
2026-09-07 18:48:29.456,17.873
2026-09-07 18:48:30.457,19.316
2026-09-07 18:48:31.457,19.442
2026-09-07 18:48:32.457,19.300
2026-09-07 18:48:33.458,19.265
2026-09-07 18:48:34.458,19.281
2026-09-07 18:48:35.458,19.340
2026-09-07 18:48:36.458,19.097
2026-09-07 18:48:37.459,19.048
2026-09-07 18:48:38.459,19.135
2026-09-07 18:48:39.459,19.147
2026-09-07 18:48:40.460,19.019
2026-09-07 18:48:41.460,18.873
2026-09-07 18:48:42.460,18.978
2026-09-07 18:48:43.461,18.956
2026-09-07 18:48:44.461,19.108
2026-09-07 18:48:45.461,19.548
2026-09-07 18:48:46.462,16.772
2026-09-07 18:48:47.462,19.496
2026-09-07 18:48:48.462,21.278
2026-09-07 18:48:49.462,21.437
2026-09-07 18:48:50.462,21.303
2026-09-07 18:48:51.463,21.164
2026-09-07 18:48:52.463,21.175
2026-09-07 18:48:53.463,21.081
2026-09-07 18:48:54.463,21.186
2026-09-07 18:48:55.463,21.174
2026-09-07 18:48:56.464,21.194
2026-09-07 18:48:57.464,21.076
2026-09-07 18:48:58.464,21.194
2026-09-07 18:48:59.464,21.183
2026-09-07 18:49:00.465,21.187
2026-09-07 18:49:01.465,21.219
2026-09-07 18:49:02.465,21.375
2026-09-07 18:49:03.465,21.392
2026-09-07 18:49:04.465,21.247
2026-09-07 18:49:05.466,21.262
2026-09-07 18:49:06.466,21.261
2026-09-07 18:49:07.466,21.264
2026-09-07 18:49:08.466,21.313
2026-09-07 18:49:09.466,21.260
2026-09-07 18:49:10.467,21.327
2026-09-07 18:49:11.467,21.292
2026-09-07 18:49:12.467,21.258
2026-09-07 18:49:13.467,21.265
2026-09-07 18:49:14.467,21.312
2026-09-07 18:49:15.468,21.599
2026-09-07 18:49:16.468,21.288
2026-09-07 18:49:17.468,21.123
2026-09-07 18:49:18.468,21.229
2026-09-07 18:49:19.468,21.264
2026-09-07 18:49:20.469,21.497
2026-09-07 18:49:21.469,21.278
2026-09-07 18:49:22.469,21.247
2026-09-07 18:49:23.469,21.239
2026-09-07 18:49:24.470,21.274
2026-09-07 18:49:25.470,21.260
2026-09-07 18:49:26.470,21.641
2026-09-07 18:49:27.470,21.407
2026-09-07 18:49:28.470,21.406
2026-09-07 18:49:29.471,21.155
2026-09-07 18:49:30.471,21.287
2026-09-07 18:49:31.471,21.266
2026-09-07 18:49:32.471,21.315
2026-09-07 18:49:33.472,21.304
2026-09-07 18:49:34.472,21.344
2026-09-07 18:49:35.472,21.488
2026-09-07 18:49:36.472,21.248
2026-09-07 18:49:37.472,21.471
2026-09-07 18:49:38.472,21.498
2026-09-07 18:49:39.473,21.474
2026-09-07 18:49:40.473,21.602
2026-09-07 18:49:41.473,21.347
2026-09-07 18:49:42.473,21.438
2026-09-07 18:49:43.473,21.440
2026-09-07 18:49:44.474,21.462
2026-09-07 18:49:45.474,21.395
2026-09-07 18:49:46.474,21.525
2026-09-07 18:49:47.474,21.480
2026-09-07 18:49:48.474,21.417
2026-09-07 18:49:49.475,21.456
2026-09-07 18:49:50.475,21.456
2026-09-07 18:49:51.475,21.488
2026-09-07 18:49:52.475,21.614
2026-09-07 18:49:53.475,21.460
2026-09-07 18:49:54.476,21.468
2026-09-07 18:49:55.476,21.444
2026-09-07 18:49:56.476,21.392
2026-09-07 18:49:57.476,21.412
2026-09-07 18:49:58.476,21.532
2026-09-07 18:49:59.477,21.528
2026-09-07 18:50:00.477,21.493
2026-09-07 18:50:01.477,21.274
2026-09-07 18:50:02.477,21.412
2026-09-07 18:50:03.477,21.377
2026-09-07 18:50:04.478,21.337
2026-09-07 18:50:05.478,21.374
2026-09-07 18:50:06.478,21.350
2026-09-07 18:50:07.478,21.399
2026-09-07 18:50:08.479,21.306
2026-09-07 18:50:09.479,21.146
2026-09-07 18:50:10.479,21.322
2026-09-07 18:50:11.479,20.912
2026-09-07 18:50:12.479,20.105
2026-09-07 18:50:13.480,20.176
2026-09-07 18:50:14.480,20.279
2026-09-07 18:50:15.480,20.411
2026-09-07 18:50:16.480,20.274
2026-09-07 18:50:17.481,20.277
2026-09-07 18:50:18.481,20.280
2026-09-07 18:50:19.481,20.397
2026-09-07 18:50:20.482,20.385
2026-09-07 18:50:21.482,20.302
2026-09-07 18:50:22.482,20.343
2026-09-07 18:50:23.482,20.462
2026-09-07 18:50:24.483,20.307
2026-09-07 18:50:25.483,20.319
2026-09-07 18:50:26.483,20.347
2026-09-07 18:50:27.484,20.440
2026-09-07 18:50:28.484,20.393
2026-09-07 18:50:29.484,20.040
2026-09-07 18:50:30.484,20.288
2026-09-07 18:50:31.484,20.237
2026-09-07 18:50:32.485,20.272
2026-09-07 18:50:33.485,20.273
2026-09-07 18:50:34.485,20.285
2026-09-07 18:50:35.485,20.320
2026-09-07 18:50:36.486,20.392
2026-09-07 18:50:37.486,20.295
2026-09-07 18:50:38.486,20.331
2026-09-07 18:50:39.486,20.406
2026-09-07 18:50:40.487,20.401
2026-09-07 18:50:41.487,20.311
2026-09-07 18:50:42.487,20.297
2026-09-07 18:50:43.487,20.339
2026-09-07 18:50:44.487,20.426
2026-09-07 18:50:45.488,20.319
2026-09-07 18:50:46.488,20.306
2026-09-07 18:50:47.488,20.453
2026-09-07 18:50:48.488,20.300
2026-09-07 18:50:49.489,20.310
2026-09-07 18:50:50.489,20.338
2026-09-07 18:50:51.489,20.343
2026-09-07 18:50:52.489,20.370
2026-09-07 18:50:53.489,20.335
2026-09-07 18:50:54.490,20.341
2026-09-07 18:50:55.490,20.437
2026-09-07 18:50:56.490,20.378
2026-09-07 18:50:57.490,20.338
2026-09-07 18:50:58.491,20.380
2026-09-07 18:50:59.491,20.514
2026-09-07 18:51:00.491,20.606
2026-09-07 18:51:01.491,20.459
2026-09-07 18:51:02.492,20.504
2026-09-07 18:51:03.492,20.543
2026-09-07 18:51:04.492,20.776
2026-09-07 18:51:05.492,20.616
2026-09-07 18:51:06.492,20.664
2026-09-07 18:51:07.493,20.735
2026-09-07 18:51:08.493,20.949
2026-09-07 18:51:09.493,20.764
2026-09-07 18:51:10.493,20.667
2026-09-07 18:51:11.494,20.651
2026-09-07 18:51:12.494,20.940
2026-09-07 18:51:13.494,20.740
2026-09-07 18:51:14.494,20.853
2026-09-07 18:51:15.495,20.875
2026-09-07 18:51:16.495,20.884
2026-09-07 18:51:17.495,21.202
2026-09-07 18:51:18.495,20.885
2026-09-07 18:51:19.495,20.908
2026-09-07 18:51:20.496,20.943
2026-09-07 18:51:21.496,21.097
2026-09-07 18:51:22.496,21.033
2026-09-07 18:51:23.496,21.047
2026-09-07 18:51:24.497,21.089
2026-09-07 18:51:25.497,21.392
2026-09-07 18:51:26.497,21.216
2026-09-07 18:51:27.497,21.185
2026-09-07 18:51:28.497,21.343
2026-09-07 18:51:29.498,21.403
2026-09-07 18:51:30.498,21.362
2026-09-07 18:51:31.498,21.477
2026-09-07 18:51:32.498,21.702
2026-09-07 18:51:33.499,21.808
2026-09-07 18:51:34.499,21.802
2026-09-07 18:51:35.499,21.966
2026-09-07 18:51:36.499,22.229
2026-09-07 18:51:37.499,22.502
2026-09-07 18:51:38.500,20.652
2026-09-07 18:51:39.500,22.673
2026-09-07 18:51:40.500,22.439
2026-09-07 18:51:41.500,22.382
2026-09-07 18:51:42.501,22.342
2026-09-07 18:51:43.501,22.432
2026-09-07 18:51:44.501,22.354
2026-09-07 18:51:45.501,22.150
2026-09-07 18:51:46.502,22.084
2026-09-07 18:51:47.502,22.107
2026-09-07 18:51:48.502,22.033
2026-09-07 18:51:49.502,21.915
2026-09-07 18:51:50.502,21.556
2026-09-07 18:51:51.503,21.826
2026-09-07 18:51:52.503,21.759
2026-09-07 18:51:53.503,21.654
2026-09-07 18:51:54.504,21.690
2026-09-07 18:51:55.504,21.844
2026-09-07 18:51:56.504,21.689
2026-09-07 18:51:57.505,21.672
2026-09-07 18:51:58.505,21.657
2026-09-07 18:51:59.505,21.788
2026-09-07 18:52:00.506,21.693
2026-09-07 18:52:01.506,21.652
2026-09-07 18:52:02.506,21.654
2026-09-07 18:52:03.507,21.658
2026-09-07 18:52:04.507,21.559
2026-09-07 18:52:05.507,21.596
2026-09-07 18:52:06.508,21.748
2026-09-07 18:52:07.508,21.617
2026-09-07 18:52:08.508,21.546
2026-09-07 18:52:09.509,21.524
2026-09-07 18:52:10.509,21.598
2026-09-07 18:52:11.509,21.627
2026-09-07 18:52:12.510,21.579
2026-09-07 18:52:13.510,21.581
2026-09-07 18:52:14.510,21.526
2026-09-07 18:52:15.510,21.557
2026-09-07 18:52:16.511,21.630
2026-09-07 18:52:17.511,21.773
2026-09-07 18:52:18.511,21.862
2026-09-07 18:52:19.512,21.667
2026-09-07 18:52:20.512,22.436
2026-09-07 18:52:21.512,22.728
2026-09-07 18:52:22.512,22.695
2026-09-07 18:52:23.512,22.552
2026-09-07 18:52:24.513,22.530
2026-09-07 18:52:25.513,20.873
2026-09-07 18:52:26.513,21.025
2026-09-07 18:52:27.514,20.915
2026-09-07 18:52:28.514,20.936
2026-09-07 18:52:29.514,20.716
2026-09-07 18:52:30.514,20.976
2026-09-07 18:52:31.515,20.850
2026-09-07 18:52:32.515,20.905
2026-09-07 18:52:33.515,20.897
2026-09-07 18:52:34.515,21.024
2026-09-07 18:52:35.516,21.055
2026-09-07 18:52:36.516,20.869
2026-09-07 18:52:37.516,20.863
2026-09-07 18:52:38.517,20.865
2026-09-07 18:52:39.517,20.991
2026-09-07 18:52:40.517,20.796
2026-09-07 18:52:41.517,21.025
2026-09-07 18:52:42.518,21.312
2026-09-07 18:52:43.518,21.292
2026-09-07 18:52:44.518,21.105
2026-09-07 18:52:45.519,21.187
2026-09-07 18:52:46.519,21.125
2026-09-07 18:52:47.519,21.159
2026-09-07 18:52:48.520,21.123
2026-09-07 18:52:49.520,21.178
2026-09-07 18:52:50.520,21.157
2026-09-07 18:52:51.520,21.307
2026-09-07 18:52:52.520,21.182
2026-09-07 18:52:53.521,21.229
2026-09-07 18:52:54.521,21.164
2026-09-07 18:52:55.521,21.151
2026-09-07 18:52:56.521,21.122
2026-09-07 18:52:57.522,21.151
2026-09-07 18:52:58.522,21.147
2026-09-07 18:52:59.522,21.144
2026-09-07 18:53:00.522,21.130
2026-09-07 18:53:01.523,21.141
2026-09-07 18:53:02.523,21.128
2026-09-07 18:53:03.523,21.277
2026-09-07 18:53:04.523,21.196
2026-09-07 18:53:05.524,21.194
2026-09-07 18:53:06.524,21.060
2026-09-07 18:53:07.524,21.423
2026-09-07 18:53:08.524,21.241
2026-09-07 18:53:09.524,21.241
2026-09-07 18:53:10.525,21.249
2026-09-07 18:53:11.525,20.984
2026-09-07 18:53:12.525,21.443
2026-09-07 18:53:13.525,21.177
2026-09-07 18:53:14.526,21.184
2026-09-07 18:53:15.526,21.199
2026-09-07 18:53:16.526,21.336
2026-09-07 18:53:17.526,21.139
2026-09-07 18:53:18.527,21.162
2026-09-07 18:53:19.527,21.162
2026-09-07 18:53:20.527,21.306
2026-09-07 18:53:21.527,21.104
2026-09-07 18:53:22.528,21.139
2026-09-07 18:53:23.528,21.098
2026-09-07 18:53:24.528,21.229
2026-09-07 18:53:25.528,21.261
2026-09-07 18:53:26.529,21.118
2026-09-07 18:53:27.529,21.092
2026-09-07 18:53:28.529,21.197
2026-09-07 18:53:29.529,21.180
2026-09-07 18:53:30.530,21.217
2026-09-07 18:53:31.530,21.102
2026-09-07 18:53:32.530,21.295
2026-09-07 18:53:33.530,21.158
2026-09-07 18:53:34.530,21.175
2026-09-07 18:53:35.531,21.172
2026-09-07 18:53:36.531,21.308
2026-09-07 18:53:37.531,21.278
2026-09-07 18:53:38.531,21.186
2026-09-07 18:53:39.532,21.188
2026-09-07 18:53:40.532,21.313
2026-09-07 18:53:41.532,21.290
2026-09-07 18:53:42.532,21.192
2026-09-07 18:53:43.533,21.179
2026-09-07 18:53:44.533,21.297
2026-09-07 18:53:45.533,21.297
2026-09-07 18:53:46.533,21.240
2026-09-07 18:53:47.534,21.202
2026-09-07 18:53:48.534,21.329
2026-09-07 18:53:49.534,21.318
2026-09-07 18:53:50.534,21.208
2026-09-07 18:53:51.535,21.227
2026-09-07 18:53:52.535,21.225
2026-09-07 18:53:53.535,20.846
2026-09-07 18:53:54.535,21.321
2026-09-07 18:53:55.535,21.223
2026-09-07 18:53:56.536,21.182
2026-09-07 18:53:57.536,21.338
2026-09-07 18:53:58.536,21.082
2026-09-07 18:53:59.536,21.202
2026-09-07 18:54:00.537,21.236
2026-09-07 18:54:01.537,21.214
2026-09-07 18:54:02.537,21.205
2026-09-07 18:54:03.537,21.210
2026-09-07 18:54:04.538,21.176
2026-09-07 18:54:05.538,21.323
2026-09-07 18:54:06.538,21.488
2026-09-07 18:54:07.538,21.203
2026-09-07 18:54:08.539,21.151
2026-09-07 18:54:09.539,21.310
2026-09-07 18:54:10.539,21.353
2026-09-07 18:54:11.539,21.223
2026-09-07 18:54:12.540,21.198
2026-09-07 18:54:13.540,21.203
2026-09-07 18:54:14.540,21.497
2026-09-07 18:54:15.541,21.184
2026-09-07 18:54:16.541,21.178
2026-09-07 18:54:17.541,21.310
2026-09-07 18:54:18.541,21.185
2026-09-07 18:54:19.542,21.183
2026-09-07 18:54:20.542,21.179
2026-09-07 18:54:21.542,21.330
2026-09-07 18:54:22.542,21.322
2026-09-07 18:54:23.543,21.200
2026-09-07 18:54:24.543,21.189
2026-09-07 18:54:25.543,21.227
2026-09-07 18:54:26.544,21.207
2026-09-07 18:54:27.544,21.232
2026-09-07 18:54:28.544,21.240
2026-09-07 18:54:29.544,21.209
2026-09-07 18:54:30.545,21.483
2026-09-07 18:54:31.545,21.354
2026-09-07 18:54:32.545,21.244
2026-09-07 18:54:33.546,21.227
2026-09-07 18:54:34.546,21.237
2026-09-07 18:54:35.546,21.095
2026-09-07 18:54:36.546,21.280
2026-09-07 18:54:37.547,21.209
2026-09-07 18:54:38.547,21.193
2026-09-07 18:54:39.547,21.380
2026-09-07 18:54:40.548,21.212
2026-09-07 18:54:41.548,21.225
2026-09-07 18:54:42.548,21.231
2026-09-07 18:54:43.549,21.331
2026-09-07 18:54:44.549,21.214
2026-09-07 18:54:45.549,21.216
2026-09-07 18:54:46.549,21.242
2026-09-07 18:54:47.550,21.206
2026-09-07 18:54:48.550,21.205
2026-09-07 18:54:49.550,21.217
2026-09-07 18:54:50.551,21.217
2026-09-07 18:54:51.551,21.324
2026-09-07 18:54:52.551,21.218
2026-09-07 18:54:53.551,21.212
2026-09-07 18:54:54.552,21.086
2026-09-07 18:54:55.552,21.324
2026-09-07 18:54:56.552,21.245
2026-09-07 18:54:57.553,21.258
2026-09-07 18:54:58.553,21.278
2026-09-07 18:54:59.553,21.395
2026-09-07 18:55:00.553,21.326
2026-09-07 18:55:01.554,21.224
2026-09-07 18:55:02.554,21.254
2026-09-07 18:55:03.554,21.255
2026-09-07 18:55:04.555,21.248
2026-09-07 18:55:05.555,21.266
2026-09-07 18:55:06.555,21.288
2026-09-07 18:55:07.555,21.273
2026-09-07 18:55:08.556,21.273
2026-09-07 18:55:09.556,21.257
2026-09-07 18:55:10.556,21.312
2026-09-07 18:55:11.557,21.214
2026-09-07 18:55:12.557,21.477
2026-09-07 18:55:13.557,21.262
2026-09-07 18:55:14.557,21.236
2026-09-07 18:55:15.558,21.277
2026-09-07 18:55:16.558,21.344
2026-09-07 18:55:17.558,21.045
2026-09-07 18:55:18.559,21.263
2026-09-07 18:55:19.559,21.240
2026-09-07 18:55:20.559,21.277
2026-09-07 18:55:21.559,21.246
2026-09-07 18:55:22.560,21.237
2026-09-07 18:55:23.560,21.241
2026-09-07 18:55:24.560,21.374
2026-09-07 18:55:25.560,21.226
2026-09-07 18:55:26.560,21.232
2026-09-07 18:55:27.561,21.235
2026-09-07 18:55:28.561,21.373
2026-09-07 18:55:29.561,21.362
2026-09-07 18:55:30.561,21.284
2026-09-07 18:55:31.562,21.252
2026-09-07 18:55:32.562,21.108
2026-09-07 18:55:33.562,21.269
2026-09-07 18:55:34.562,21.231
2026-09-07 18:55:35.563,21.257
2026-09-07 18:55:36.563,21.226
2026-09-07 18:55:37.563,21.398
2026-09-07 18:55:38.563,21.287
2026-09-07 18:55:39.564,21.313
2026-09-07 18:55:40.564,21.386
2026-09-07 18:55:41.564,21.311
2026-09-07 18:55:42.564,21.323
2026-09-07 18:55:43.564,21.340
2026-09-07 18:55:44.565,21.439
2026-09-07 18:55:45.565,21.469
2026-09-07 18:55:46.565,21.470
2026-09-07 18:55:47.565,21.514
2026-09-07 18:55:48.566,21.650
2026-09-07 18:55:49.566,21.527
2026-09-07 18:55:50.566,21.627
2026-09-07 18:55:51.566,21.654
2026-09-07 18:55:52.566,21.812
2026-09-07 18:55:53.567,21.835
2026-09-07 18:55:54.567,21.774
2026-09-07 18:55:55.567,21.759
2026-09-07 18:55:56.567,21.776
2026-09-07 18:55:57.568,21.658
2026-09-07 18:55:58.568,21.552
2026-09-07 18:55:59.568,21.727
2026-09-07 18:56:00.568,21.792
2026-09-07 18:56:01.569,21.588
2026-09-07 18:56:02.569,21.701
2026-09-07 18:56:03.569,21.703
2026-09-07 18:56:04.569,21.893
2026-09-07 18:56:05.570,22.726
2026-09-07 18:56:06.570,22.793
2026-09-07 18:56:07.570,22.580
2026-09-07 18:56:08.570,22.539
2026-09-07 18:56:09.571,22.204
2026-09-07 18:56:10.571,22.167
2026-09-07 18:56:11.571,22.024
2026-09-07 18:56:12.571,22.008
2026-09-07 18:56:13.572,22.235
2026-09-07 18:56:14.572,22.011
2026-09-07 18:56:15.572,21.960
2026-09-07 18:56:16.572,23.005
2026-09-07 18:56:17.573,22.926
2026-09-07 18:56:18.573,22.705
2026-09-07 18:56:19.573,22.555
2026-09-07 18:56:20.573,22.235
2026-09-07 18:56:21.574,22.945
2026-09-07 18:56:22.574,23.720
2026-09-07 18:56:23.574,22.445
2026-09-07 18:56:24.574,21.295
2026-09-07 18:56:25.575,21.887
2026-09-07 18:56:26.575,22.196
2026-09-07 18:56:27.575,20.932
2026-09-07 18:56:28.575,21.260
2026-09-07 18:56:29.576,21.789
2026-09-07 18:56:30.576,21.229
2026-09-07 18:56:31.576,21.482
2026-09-07 18:56:32.576,21.281
2026-09-07 18:56:33.577,21.585
2026-09-07 18:56:34.577,22.342
2026-09-07 18:56:35.577,23.812
2026-09-07 18:56:36.577,19.368
2026-09-07 18:56:37.578,19.032
2026-09-07 18:56:38.578,21.577
2026-09-07 18:56:39.578,20.127
2026-09-07 18:56:40.579,18.170
2026-09-07 18:56:41.579,22.152
2026-09-07 18:56:42.579,20.157
2026-09-07 18:56:43.580,18.345
2026-09-07 18:56:44.580,21.458
2026-09-07 18:56:45.580,21.058
2026-09-07 18:56:46.581,22.518
2026-09-07 18:56:47.581,21.037
2026-09-07 18:56:48.581,21.252
2026-09-07 18:56:49.581,21.799
2026-09-07 18:56:50.582,21.133
2026-09-07 18:56:51.582,21.607
2026-09-07 18:56:52.582,21.827
2026-09-07 18:56:53.582,21.344
2026-09-07 18:56:54.583,21.560
2026-09-07 18:56:55.583,21.595
2026-09-07 18:56:56.583,20.454
2026-09-07 18:56:57.584,19.731
2026-09-07 18:56:58.584,22.432
2026-09-07 18:56:59.584,20.834
2026-09-07 18:57:00.584,21.255
2026-09-07 18:57:01.585,21.800
2026-09-07 18:57:02.585,21.535
2026-09-07 18:57:03.585,21.475
2026-09-07 18:57:04.585,21.471
2026-09-07 18:57:05.585,21.622
2026-09-07 18:57:06.586,20.345
2026-09-07 18:57:07.586,18.366
2026-09-07 18:57:08.586,18.322
2026-09-07 18:57:09.586,18.213
2026-09-07 18:57:10.587,18.121
2026-09-07 18:57:11.587,18.165
2026-09-07 18:57:12.587,18.256
2026-09-07 18:57:13.587,18.261
2026-09-07 18:57:14.587,18.365
2026-09-07 18:57:15.588,18.243
2026-09-07 18:57:16.588,18.130
2026-09-07 18:57:17.588,18.102
2026-09-07 18:57:18.588,18.135
2026-09-07 18:57:19.588,18.122
2026-09-07 18:57:20.589,18.155
2026-09-07 18:57:21.589,18.206
2026-09-07 18:57:22.589,18.144
2026-09-07 18:57:23.589,18.275
2026-09-07 18:57:24.590,18.249
2026-09-07 18:57:25.590,18.125
2026-09-07 18:57:26.590,18.092
2026-09-07 18:57:27.590,18.134
2026-09-07 18:57:28.590,18.202
2026-09-07 18:57:29.591,18.161
2026-09-07 18:57:30.591,18.219
2026-09-07 18:57:31.591,18.144
2026-09-07 18:57:32.591,18.208
2026-09-07 18:57:33.592,18.099
2026-09-07 18:57:34.592,18.070
2026-09-07 18:57:35.592,18.063
2026-09-07 18:57:36.592,18.146
2026-09-07 18:57:37.592,17.973
2026-09-07 18:57:38.593,18.068
2026-09-07 18:57:39.593,18.181
2026-09-07 18:57:40.593,18.198
2026-09-07 18:57:41.593,18.187
2026-09-07 18:57:42.593,18.160
2026-09-07 18:57:43.594,18.188
2026-09-07 18:57:44.594,18.165
2026-09-07 18:57:45.594,18.048
2026-09-07 18:57:46.594,18.020
2026-09-07 18:57:47.594,18.136
2026-09-07 18:57:48.595,18.185
2026-09-07 18:57:49.595,18.302
2026-09-07 18:57:50.595,18.154
2026-09-07 18:57:51.595,18.149
2026-09-07 18:57:52.596,18.075
2026-09-07 18:57:53.596,18.055
2026-09-07 18:57:54.596,18.166
2026-09-07 18:57:55.596,18.170
2026-09-07 18:57:56.596,18.287
2026-09-07 18:57:57.597,18.152
2026-09-07 18:57:58.597,18.083
2026-09-07 18:57:59.597,18.012
2026-09-07 18:58:00.597,18.089
2026-09-07 18:58:01.597,18.072
2026-09-07 18:58:02.598,18.130
2026-09-07 18:58:03.598,18.184
2026-09-07 18:58:04.598,18.157
2026-09-07 18:58:05.598,18.158
2026-09-07 18:58:06.599,18.287
2026-09-07 18:58:07.599,18.146
2026-09-07 18:58:08.599,18.026
2026-09-07 18:58:09.599,18.150
2026-09-07 18:58:10.599,18.141
2026-09-07 18:58:11.600,18.160
2026-09-07 18:58:12.600,18.137
2026-09-07 18:58:13.600,18.282
2026-09-07 18:58:14.600,18.267
2026-09-07 18:58:15.600,18.184
2026-09-07 18:58:16.601,18.010
2026-09-07 18:58:17.601,18.001
2026-09-07 18:58:18.601,17.991
2026-09-07 18:58:19.601,18.010
2026-09-07 18:58:20.602,18.125
2026-09-07 18:58:21.602,18.136
2026-09-07 18:58:22.602,18.270
2026-09-07 18:58:23.602,17.997
2026-09-07 18:58:24.602,18.069
2026-09-07 18:58:25.603,18.124
2026-09-07 18:58:26.603,16.954
2026-09-07 18:58:27.603,17.935
2026-09-07 18:58:28.603,17.343
2026-09-07 18:58:29.604,16.466
2026-09-07 18:58:30.604,18.021
2026-09-07 18:58:31.604,17.750
2026-09-07 18:58:32.604,17.940
2026-09-07 18:58:33.604,17.794
2026-09-07 18:58:34.605,17.007
2026-09-07 18:58:35.605,17.744
2026-09-07 18:58:36.605,17.928
2026-09-07 18:58:37.605,17.970
2026-09-07 18:58:38.606,17.922
2026-09-07 18:58:39.606,17.818
2026-09-07 18:58:40.606,18.133
2026-09-07 18:58:41.606,18.108
2026-09-07 18:58:42.606,18.227
2026-09-07 18:58:43.607,18.228
2026-09-07 18:58:44.607,18.052
2026-09-07 18:58:45.607,17.992
2026-09-07 18:58:46.607,17.942
2026-09-07 18:58:47.608,17.761
2026-09-07 18:58:48.608,17.986
2026-09-07 18:58:49.608,17.982
2026-09-07 18:58:50.608,18.217
2026-09-07 18:58:51.609,17.469
2026-09-07 18:58:52.609,17.372
2026-09-07 18:58:53.609,17.712
2026-09-07 18:58:54.609,17.811
2026-09-07 18:58:55.609,18.001
2026-09-07 18:58:56.610,17.995
2026-09-07 18:58:57.610,17.885
2026-09-07 18:58:58.610,18.112
2026-09-07 18:58:59.610,18.025
2026-09-07 18:59:00.610,18.215
2026-09-07 18:59:01.611,18.001
2026-09-07 18:59:02.611,17.979
2026-09-07 18:59:03.611,17.966
2026-09-07 18:59:04.611,17.988
2026-09-07 18:59:05.612,17.985
2026-09-07 18:59:06.612,18.107
2026-09-07 18:59:07.612,18.250
2026-09-07 18:59:08.612,18.241
2026-09-07 18:59:09.612,18.127
2026-09-07 18:59:10.613,18.019
2026-09-07 18:59:11.613,17.966
2026-09-07 18:59:12.613,17.939
2026-09-07 18:59:13.613,17.977
2026-09-07 18:59:14.613,17.962
2026-09-07 18:59:15.614,18.097
2026-09-07 18:59:16.614,18.249
2026-09-07 18:59:17.614,18.099
2026-09-07 18:59:18.614,17.975
2026-09-07 18:59:19.615,17.952
2026-09-07 18:59:20.615,18.109
2026-09-07 18:59:21.615,17.983
2026-09-07 18:59:22.615,18.097
2026-09-07 18:59:23.615,18.010
2026-09-07 18:59:24.616,18.216
2026-09-07 18:59:25.616,18.235
2026-09-07 18:59:26.616,18.137
2026-09-07 18:59:27.616,18.133
2026-09-07 18:59:28.616,17.987
2026-09-07 18:59:29.617,17.956
2026-09-07 18:59:30.617,17.983
2026-09-07 18:59:31.617,18.087
2026-09-07 18:59:32.617,18.115
2026-09-07 18:59:33.618,18.063
2026-09-07 18:59:34.618,18.108
2026-09-07 18:59:35.618,17.930
2026-09-07 18:59:36.618,18.082
2026-09-07 18:59:37.618,18.083
2026-09-07 18:59:38.619,17.965
2026-09-07 18:59:39.619,18.112
2026-09-07 18:59:40.619,18.128
2026-09-07 18:59:41.619,18.118
2026-09-07 18:59:42.620,17.985
2026-09-07 18:59:43.620,17.980
2026-09-07 18:59:44.620,17.962
2026-09-07 18:59:45.620,17.978
2026-09-07 18:59:46.620,17.954
2026-09-07 18:59:47.621,17.967
2026-09-07 18:59:48.621,18.105
2026-09-07 18:59:49.621,19.299
2026-09-07 18:59:50.621,21.479
2026-09-07 18:59:51.622,19.546
2026-09-07 18:59:52.622,23.089
2026-09-07 18:59:53.622,21.152
2026-09-07 18:59:54.622,21.447
2026-09-07 18:59:55.623,21.230
2026-09-07 18:59:56.623,21.391
2026-09-07 18:59:57.623,19.781
2026-09-07 18:59:58.624,19.723
2026-09-07 18:59:59.624,19.663
2026-09-07 19:00:00.624,19.740
2026-09-07 19:00:01.624,19.685
2026-09-07 19:00:02.625,19.763
2026-09-07 19:00:03.625,19.687
2026-09-07 19:00:04.625,19.812
2026-09-07 19:00:05.625,19.979
2026-09-07 19:00:06.626,19.737
2026-09-07 19:00:07.626,19.705
2026-09-07 19:00:08.626,19.718
2026-09-07 19:00:09.626,19.715
2026-09-07 19:00:10.627,19.755
2026-09-07 19:00:11.627,19.821
2026-09-07 19:00:12.627,19.847
2026-09-07 19:00:13.628,19.799
2026-09-07 19:00:14.628,19.685
2026-09-07 19:00:15.628,19.683
2026-09-07 19:00:16.628,19.708
2026-09-07 19:00:17.629,19.701
2026-09-07 19:00:18.629,19.673
2026-09-07 19:00:19.629,19.697
2026-09-07 19:00:20.629,19.828
2026-09-07 19:00:21.630,19.713
2026-09-07 19:00:22.630,19.799
2026-09-07 19:00:23.630,19.827
2026-09-07 19:00:24.630,19.748
2026-09-07 19:00:25.631,19.712
2026-09-07 19:00:26.631,19.701
2026-09-07 19:00:27.631,19.737
2026-09-07 19:00:28.631,19.850
2026-09-07 19:00:29.632,19.685
2026-09-07 19:00:30.632,19.947
2026-09-07 19:00:31.632,19.703
2026-09-07 19:00:32.632,19.708
2026-09-07 19:00:33.633,19.697
2026-09-07 19:00:34.633,19.798
2026-09-07 19:00:35.633,19.702
2026-09-07 19:00:36.633,19.706
2026-09-07 19:00:37.634,19.817
2026-09-07 19:00:38.634,20.066
2026-09-07 19:00:39.634,19.833
2026-09-07 19:00:40.634,19.733
2026-09-07 19:00:41.635,19.727
2026-09-07 19:00:42.635,19.716
2026-09-07 19:00:43.635,19.841
2026-09-07 19:00:44.635,19.980
2026-09-07 19:00:45.636,19.990
2026-09-07 19:00:46.636,19.978
2026-09-07 19:00:47.636,19.831
2026-09-07 19:00:48.637,19.730
2026-09-07 19:00:49.637,19.730
2026-09-07 19:00:50.637,19.723
2026-09-07 19:00:51.637,19.843
2026-09-07 19:00:52.638,19.704
2026-09-07 19:00:53.638,19.838
2026-09-07 19:00:54.638,19.855
2026-09-07 19:00:55.638,19.865
2026-09-07 19:00:56.639,19.739
2026-09-07 19:00:57.639,19.723
2026-09-07 19:00:58.639,19.809
2026-09-07 19:00:59.639,19.732
2026-09-07 19:01:00.640,19.786
2026-09-07 19:01:01.640,19.853
2026-09-07 19:01:02.640,19.880
2026-09-07 19:01:03.640,19.846
2026-09-07 19:01:04.641,19.738
2026-09-07 19:01:05.641,19.733
2026-09-07 19:01:06.641,19.742
2026-09-07 19:01:07.641,19.713
2026-09-07 19:01:08.642,19.743
2026-09-07 19:01:09.642,19.840
2026-09-07 19:01:10.642,19.892
2026-09-07 19:01:11.643,19.974
2026-09-07 19:01:12.643,19.828
2026-09-07 19:01:13.643,19.750
2026-09-07 19:01:14.643,19.742
2026-09-07 19:01:15.644,19.740
2026-09-07 19:01:16.644,19.754
2026-09-07 19:01:17.644,19.768
2026-09-07 19:01:18.644,19.775
2026-09-07 19:01:19.645,19.671
2026-09-07 19:01:20.645,19.670
2026-09-07 19:01:21.645,19.671
2026-09-07 19:01:22.646,19.660
2026-09-07 19:01:23.646,19.645
2026-09-07 19:01:24.646,19.684
2026-09-07 19:01:25.646,19.756
2026-09-07 19:01:26.647,19.760
2026-09-07 19:01:27.647,19.760
2026-09-07 19:01:28.647,19.682
2026-09-07 19:01:29.648,19.667
2026-09-07 19:01:30.648,19.789
2026-09-07 19:01:31.648,19.655
2026-09-07 19:01:32.648,19.774
2026-09-07 19:01:33.649,19.767
2026-09-07 19:01:34.649,19.888
2026-09-07 19:01:35.649,19.809
2026-09-07 19:01:36.650,20.415
2026-09-07 19:01:37.650,23.275
2026-09-07 19:01:38.650,20.761
2026-09-07 19:01:39.650,21.131
2026-09-07 19:01:40.650,21.852
2026-09-07 19:01:41.651,21.420
2026-09-07 19:01:42.651,22.209
2026-09-07 19:01:43.651,20.271
2026-09-07 19:01:44.651,18.925
2026-09-07 19:01:45.652,18.668
2026-09-07 19:01:46.652,18.529
2026-09-07 19:01:47.652,18.258
2026-09-07 19:01:48.653,18.188
2026-09-07 19:01:49.653,19.527
2026-09-07 19:01:50.653,17.004
2026-09-07 19:01:51.654,17.522
2026-09-07 19:01:52.654,17.702
2026-09-07 19:01:53.654,16.941
2026-09-07 19:01:54.655,16.880
2026-09-07 19:01:55.655,19.027
2026-09-07 19:01:56.655,19.155
2026-09-07 19:01:57.655,19.256
2026-09-07 19:01:58.656,19.172
2026-09-07 19:01:59.656,19.177
2026-09-07 19:02:00.656,19.205
2026-09-07 19:02:01.657,19.012
2026-09-07 19:02:02.657,19.145
2026-09-07 19:02:03.657,19.041
2026-09-07 19:02:04.658,19.048
2026-09-07 19:02:05.658,19.207
2026-09-07 19:02:06.658,19.269
2026-09-07 19:02:07.659,19.044
2026-09-07 19:02:08.659,19.037
2026-09-07 19:02:09.659,19.011
2026-09-07 19:02:10.659,19.405
2026-09-07 19:02:11.660,18.533
2026-09-07 19:02:12.660,17.353
2026-09-07 19:02:13.660,21.232
2026-09-07 19:02:14.661,21.249
2026-09-07 19:02:15.661,21.367
2026-09-07 19:02:16.661,21.365
2026-09-07 19:02:17.661,21.202
2026-09-07 19:02:18.662,21.211
2026-09-07 19:02:19.662,21.221
2026-09-07 19:02:20.662,21.275
2026-09-07 19:02:21.662,21.354
2026-09-07 19:02:22.663,21.195
2026-09-07 19:02:23.663,21.236
2026-09-07 19:02:24.663,21.238
2026-09-07 19:02:25.663,21.255
2026-09-07 19:02:26.664,21.245
2026-09-07 19:02:27.664,21.421
2026-09-07 19:02:28.664,21.403
2026-09-07 19:02:29.664,21.509
2026-09-07 19:02:30.665,21.314
2026-09-07 19:02:31.665,21.327
2026-09-07 19:02:32.665,21.323
2026-09-07 19:02:33.666,21.323
2026-09-07 19:02:34.666,21.287
2026-09-07 19:02:35.666,21.307
2026-09-07 19:02:36.666,21.248
2026-09-07 19:02:37.667,21.127
2026-09-07 19:02:38.667,21.335
2026-09-07 19:02:39.667,21.327
2026-09-07 19:02:40.667,21.274
2026-09-07 19:02:41.668,21.482
2026-09-07 19:02:42.668,21.425
2026-09-07 19:02:43.668,21.401
2026-09-07 19:02:44.669,21.418
2026-09-07 19:02:45.669,21.409
2026-09-07 19:02:46.669,21.601
2026-09-07 19:02:47.669,21.429
2026-09-07 19:02:48.670,21.429
2026-09-07 19:02:49.670,21.446
2026-09-07 19:02:50.670,21.410
2026-09-07 19:02:51.670,21.406
2026-09-07 19:02:52.671,21.427
2026-09-07 19:02:53.671,21.438
2026-09-07 19:02:54.671,21.542
2026-09-07 19:02:55.671,21.416
2026-09-07 19:02:56.672,21.415
2026-09-07 19:02:57.672,21.436
2026-09-07 19:02:58.672,21.479
2026-09-07 19:02:59.672,21.550
2026-09-07 19:03:00.673,21.532
2026-09-07 19:03:01.673,21.422
2026-09-07 19:03:02.673,21.410
2026-09-07 19:03:03.673,21.391
2026-09-07 19:03:04.674,21.400
2026-09-07 19:03:05.674,21.559
2026-09-07 19:03:06.674,21.542
2026-09-07 19:03:07.674,21.409
2026-09-07 19:03:08.674,21.399
2026-09-07 19:03:09.675,21.367
2026-09-07 19:03:10.675,21.451
2026-09-07 19:03:11.675,21.388
2026-09-07 19:03:12.675,21.370
2026-09-07 19:03:13.675,21.387
2026-09-07 19:03:14.676,21.384
2026-09-07 19:03:15.676,21.398
2026-09-07 19:03:16.676,21.371
2026-09-07 19:03:17.676,21.290
2026-09-07 19:03:18.676,21.366
2026-09-07 19:03:19.677,21.409
2026-09-07 19:03:20.677,21.424
2026-09-07 19:03:21.677,21.403
2026-09-07 19:03:22.677,21.449
2026-09-07 19:03:23.677,21.568
2026-09-07 19:03:24.678,21.493
2026-09-07 19:03:25.678,21.441
2026-09-07 19:03:26.678,21.410
2026-09-07 19:03:27.678,21.681
2026-09-07 19:03:28.679,20.327
2026-09-07 19:03:29.679,20.512
2026-09-07 19:03:30.679,20.704
2026-09-07 19:03:31.679,20.410
2026-09-07 19:03:32.679,20.387
2026-09-07 19:03:33.680,20.491
2026-09-07 19:03:34.680,20.489
2026-09-07 19:03:35.680,20.159
2026-09-07 19:03:36.680,20.306
2026-09-07 19:03:37.680,20.388
2026-09-07 19:03:38.681,20.428
2026-09-07 19:03:39.681,20.399
2026-09-07 19:03:40.681,20.400
2026-09-07 19:03:41.681,20.367
2026-09-07 19:03:42.682,20.319
2026-09-07 19:03:43.682,20.322
2026-09-07 19:03:44.682,20.328
2026-09-07 19:03:45.682,20.343
2026-09-07 19:03:46.683,20.310
2026-09-07 19:03:47.683,20.341
2026-09-07 19:03:48.683,20.345
2026-09-07 19:03:49.683,20.348
2026-09-07 19:03:50.684,20.318
2026-09-07 19:03:51.684,20.335
2026-09-07 19:03:52.684,20.339
2026-09-07 19:03:53.684,20.352
2026-09-07 19:03:54.684,20.435
2026-09-07 19:03:55.685,20.358
2026-09-07 19:03:56.685,20.321
2026-09-07 19:03:57.685,20.322
2026-09-07 19:03:58.685,20.627
2026-09-07 19:03:59.686,20.357
2026-09-07 19:04:00.686,20.393
2026-09-07 19:04:01.686,20.325
2026-09-07 19:04:02.686,20.545
2026-09-07 19:04:03.687,20.330
2026-09-07 19:04:04.687,20.329
2026-09-07 19:04:05.687,20.314
2026-09-07 19:04:06.687,20.586
2026-09-07 19:04:07.687,20.333
2026-09-07 19:04:08.688,20.379
2026-09-07 19:04:09.688,20.332
2026-09-07 19:04:10.688,20.411
2026-09-07 19:04:11.688,20.364
2026-09-07 19:04:12.689,20.366
2026-09-07 19:04:13.689,20.373
2026-09-07 19:04:14.689,20.469
2026-09-07 19:04:15.689,20.382
2026-09-07 19:04:16.768,20.154
2026-09-07 19:04:17.769,20.418
2026-09-07 19:04:18.769,20.414
2026-09-07 19:04:19.769,20.377
2026-09-07 19:04:20.769,20.395
2026-09-07 19:04:21.770,20.413
2026-09-07 19:04:22.770,20.394
2026-09-07 19:04:23.770,20.521
2026-09-07 19:04:24.770,20.431
2026-09-07 19:04:25.770,20.448
2026-09-07 19:04:26.771,20.441
2026-09-07 19:04:27.771,20.579
2026-09-07 19:04:28.771,20.459
2026-09-07 19:04:29.771,20.491
2026-09-07 19:04:30.772,20.515
2026-09-07 19:04:31.772,20.461
2026-09-07 19:04:32.772,20.508
2026-09-07 19:04:33.772,20.605
2026-09-07 19:04:34.773,20.655
2026-09-07 19:04:35.773,20.817
2026-09-07 19:04:36.773,20.719
2026-09-07 19:04:37.773,20.757
2026-09-07 19:04:38.773,20.806
2026-09-07 19:04:39.774,21.118
2026-09-07 19:04:40.774,20.841
2026-09-07 19:04:41.774,20.862
2026-09-07 19:04:42.774,20.894
2026-09-07 19:04:43.775,21.151
2026-09-07 19:04:44.775,20.918
2026-09-07 19:04:45.775,20.936
2026-09-07 19:04:46.775,20.953
2026-09-07 19:04:47.776,21.102
2026-09-07 19:04:48.776,21.020
2026-09-07 19:04:49.776,21.007
2026-09-07 19:04:50.776,21.056
2026-09-07 19:04:51.777,21.186
2026-09-07 19:04:52.777,21.202
2026-09-07 19:04:53.777,21.161
2026-09-07 19:04:54.777,21.217
2026-09-07 19:04:55.777,21.355
2026-09-07 19:04:56.778,21.400
2026-09-07 19:04:57.778,21.120
2026-09-07 19:04:58.778,21.372
2026-09-07 19:04:59.778,21.484
2026-09-07 19:05:00.778,21.628
2026-09-07 19:05:01.779,21.706
2026-09-07 19:05:02.779,21.877
2026-09-07 19:05:03.779,22.048
2026-09-07 19:05:04.779,22.335
2026-09-07 19:05:05.780,21.908
2026-09-07 19:05:06.780,22.580
2026-09-07 19:05:07.780,22.500
2026-09-07 19:05:08.780,22.804
2026-09-07 19:05:09.781,22.733
2026-09-07 19:05:10.781,22.643
2026-09-07 19:05:11.781,22.725
2026-09-07 19:05:12.781,22.845
2026-09-07 19:05:13.782,22.632
2026-09-07 19:05:14.782,22.476
2026-09-07 19:05:15.782,22.487
2026-09-07 19:05:16.782,22.639
2026-09-07 19:05:17.783,22.946
2026-09-07 19:05:18.783,22.606
2026-09-07 19:05:19.783,22.621
2026-09-07 19:05:20.783,21.899
2026-09-07 19:05:21.784,20.823
2026-09-07 19:05:22.784,20.820
2026-09-07 19:05:23.784,20.963
2026-09-07 19:05:24.784,20.862
2026-09-07 19:05:25.785,20.860
2026-09-07 19:05:26.785,20.871
2026-09-07 19:05:27.785,20.896
2026-09-07 19:05:28.786,20.975
2026-09-07 19:05:29.786,20.826
2026-09-07 19:05:30.786,20.829
2026-09-07 19:05:31.786,20.970
2026-09-07 19:05:32.787,20.976
2026-09-07 19:05:33.787,20.894
2026-09-07 19:05:34.787,20.928
2026-09-07 19:05:35.788,20.988
2026-09-07 19:05:36.788,20.925
2026-09-07 19:05:37.788,20.877
2026-09-07 19:05:38.788,20.669
2026-09-07 19:05:39.789,20.847
2026-09-07 19:05:40.789,21.031
2026-09-07 19:05:41.789,20.962
2026-09-07 19:05:42.790,20.927
2026-09-07 19:05:43.790,20.924
2026-09-07 19:05:44.790,21.035
2026-09-07 19:05:45.790,21.045
2026-09-07 19:05:46.791,20.879
2026-09-07 19:05:47.791,20.846
2026-09-07 19:05:48.791,20.827
2026-09-07 19:05:49.791,20.849
2026-09-07 19:05:50.792,20.841
2026-09-07 19:05:51.792,20.908
2026-09-07 19:05:52.792,21.032
2026-09-07 19:05:53.793,20.892
2026-09-07 19:05:54.793,20.896
2026-09-07 19:05:55.793,20.825
2026-09-07 19:05:56.793,21.026
2026-09-07 19:05:57.794,20.996
2026-09-07 19:05:58.794,20.843
2026-09-07 19:05:59.794,20.882
2026-09-07 19:06:00.795,20.881
2026-09-07 19:06:01.795,20.925
2026-09-07 19:06:02.795,20.931
2026-09-07 19:06:03.795,20.963
2026-09-07 19:06:04.796,20.908
2026-09-07 19:06:05.796,20.916
2026-09-07 19:06:06.796,20.961
2026-09-07 19:06:07.797,20.884
2026-09-07 19:06:08.797,21.008
2026-09-07 19:06:09.797,20.967
2026-09-07 19:06:10.797,20.973
2026-09-07 19:06:11.798,20.959
2026-09-07 19:06:12.798,21.140
2026-09-07 19:06:13.798,21.034
2026-09-07 19:06:14.799,20.973
2026-09-07 19:06:15.799,20.976
2026-09-07 19:06:16.799,20.912
2026-09-07 19:06:17.800,21.066
2026-09-07 19:06:18.800,20.967
2026-09-07 19:06:19.800,20.872
2026-09-07 19:06:20.800,20.881
2026-09-07 19:06:21.801,20.995
2026-09-07 19:06:22.801,20.971
2026-09-07 19:06:23.801,20.940
2026-09-07 19:06:24.801,20.985
2026-09-07 19:06:25.801,21.097
2026-09-07 19:06:26.802,20.900
2026-09-07 19:06:27.802,20.876
2026-09-07 19:06:28.802,20.976
2026-09-07 19:06:29.802,20.918
2026-09-07 19:06:30.803,20.898
2026-09-07 19:06:31.803,20.878
2026-09-07 19:06:32.803,20.865
2026-09-07 19:06:33.803,21.086
2026-09-07 19:06:34.804,21.043
2026-09-07 19:06:35.804,20.929
2026-09-07 19:06:36.804,20.977
2026-09-07 19:06:37.804,21.121
2026-09-07 19:06:38.804,21.088
2026-09-07 19:06:39.805,20.966
2026-09-07 19:06:40.805,20.920
2026-09-07 19:06:41.805,21.067
2026-09-07 19:06:42.805,21.022
2026-09-07 19:06:43.806,20.984
2026-09-07 19:06:44.806,20.950
2026-09-07 19:06:45.806,20.929
2026-09-07 19:06:46.806,21.023
2026-09-07 19:06:47.807,20.876
2026-09-07 19:06:48.807,20.875
2026-09-07 19:06:49.807,20.855
2026-09-07 19:06:50.807,21.026
2026-09-07 19:06:51.807,20.923
2026-09-07 19:06:52.808,20.916
2026-09-07 19:06:53.808,21.023
2026-09-07 19:06:54.808,21.090
2026-09-07 19:06:55.808,20.993
2026-09-07 19:06:56.809,20.935
2026-09-07 19:06:57.809,21.019
2026-09-07 19:06:58.809,21.066
2026-09-07 19:06:59.809,21.056
2026-09-07 19:07:00.810,20.832
2026-09-07 19:07:01.810,20.777
2026-09-07 19:07:02.810,21.079
2026-09-07 19:07:03.810,20.992
2026-09-07 19:07:04.810,20.919
2026-09-07 19:07:05.811,20.915
2026-09-07 19:07:06.811,20.987
2026-09-07 19:07:07.811,20.955
2026-09-07 19:07:08.811,20.946
2026-09-07 19:07:09.812,20.939
2026-09-07 19:07:10.812,21.016
2026-09-07 19:07:11.812,20.967
2026-09-07 19:07:12.812,20.904
2026-09-07 19:07:13.813,20.954
2026-09-07 19:07:14.813,21.029
2026-09-07 19:07:15.813,21.062
2026-09-07 19:07:16.813,20.954
2026-09-07 19:07:17.814,20.932
2026-09-07 19:07:18.814,21.042
2026-09-07 19:07:19.814,21.034
2026-09-07 19:07:20.814,20.920
2026-09-07 19:07:21.814,20.966
2026-09-07 19:07:22.815,21.064
2026-09-07 19:07:23.815,21.025
2026-09-07 19:07:24.815,20.932
2026-09-07 19:07:25.815,20.872
2026-09-07 19:07:26.816,21.024
2026-09-07 19:07:27.816,21.018
2026-09-07 19:07:28.816,20.935
2026-09-07 19:07:29.816,20.891
2026-09-07 19:07:30.816,21.001
2026-09-07 19:07:31.817,21.192
2026-09-07 19:07:32.817,21.222
2026-09-07 19:07:33.817,21.229
2026-09-07 19:07:34.817,21.357
2026-09-07 19:07:35.818,21.371
2026-09-07 19:07:36.818,21.284
2026-09-07 19:07:37.818,21.274
2026-09-07 19:07:38.818,21.347
2026-09-07 19:07:39.819,21.500
2026-09-07 19:07:40.819,21.357
2026-09-07 19:07:41.819,21.258
2026-09-07 19:07:42.819,21.216
2026-09-07 19:07:43.819,21.190
2026-09-07 19:07:44.820,21.240
2026-09-07 19:07:45.820,21.272
2026-09-07 19:07:46.820,21.255
2026-09-07 19:07:47.820,21.283
2026-09-07 19:07:48.821,21.351
2026-09-07 19:07:49.821,21.244
2026-09-07 19:07:50.821,21.284
2026-09-07 19:07:51.821,21.368
2026-09-07 19:07:52.821,21.347
2026-09-07 19:07:53.822,21.221
2026-09-07 19:07:54.822,21.287
2026-09-07 19:07:55.822,21.249
2026-09-07 19:07:56.822,21.351
2026-09-07 19:07:57.823,21.213
2026-09-07 19:07:58.823,21.256
2026-09-07 19:07:59.823,21.384
2026-09-07 19:08:00.823,21.376
2026-09-07 19:08:01.823,21.244
2026-09-07 19:08:02.824,21.241
2026-09-07 19:08:03.824,21.274
2026-09-07 19:08:04.824,21.339
2026-09-07 19:08:05.824,21.258
2026-09-07 19:08:06.825,21.260
2026-09-07 19:08:07.825,21.371
2026-09-07 19:08:08.825,21.338
2026-09-07 19:08:09.825,21.260
2026-09-07 19:08:10.826,21.312
2026-09-07 19:08:11.826,21.273
2026-09-07 19:08:12.826,21.414
2026-09-07 19:08:13.826,21.260
2026-09-07 19:08:14.826,21.278
2026-09-07 19:08:15.827,21.275
2026-09-07 19:08:16.827,21.412
2026-09-07 19:08:17.827,21.264
2026-09-07 19:08:18.827,21.269
2026-09-07 19:08:19.828,21.360
2026-09-07 19:08:20.828,21.373
2026-09-07 19:08:21.828,21.239
2026-09-07 19:08:22.828,21.251
2026-09-07 19:08:23.828,21.258
2026-09-07 19:08:24.831,21.097
2026-09-07 19:08:25.832,21.263
2026-09-07 19:08:26.832,21.287
2026-09-07 19:08:27.832,21.269
2026-09-07 19:08:28.832,21.232
2026-09-07 19:08:29.833,21.350
2026-09-07 19:08:30.833,21.271
2026-09-07 19:08:31.833,21.254
2026-09-07 19:08:32.833,21.227
2026-09-07 19:08:33.834,21.250
2026-09-07 19:08:34.834,21.274
2026-09-07 19:08:35.834,21.250
2026-09-07 19:08:36.834,21.387
2026-09-07 19:08:37.834,21.255
2026-09-07 19:08:38.835,21.278
2026-09-07 19:08:39.835,21.305
2026-09-07 19:08:40.835,21.227
2026-09-07 19:08:41.835,21.278
2026-09-07 19:08:42.836,21.271
2026-09-07 19:08:43.836,21.287
2026-09-07 19:08:44.836,21.395
2026-09-07 19:08:45.836,21.366
2026-09-07 19:08:46.836,21.264
2026-09-07 19:08:47.837,21.312
2026-09-07 19:08:48.837,21.237
2026-09-07 19:08:49.837,21.285
2026-09-07 19:08:50.837,21.304
2026-09-07 19:08:51.838,21.304
2026-09-07 19:08:52.838,21.417
2026-09-07 19:08:53.838,21.392
2026-09-07 19:08:54.838,21.307
2026-09-07 19:08:55.838,21.295
2026-09-07 19:08:56.839,21.449
2026-09-07 19:08:57.839,21.359
2026-09-07 19:08:58.839,21.345
2026-09-07 19:08:59.839,21.348
2026-09-07 19:09:00.840,21.337
2026-09-07 19:09:01.840,21.512
2026-09-07 19:09:02.840,21.404
2026-09-07 19:09:03.840,21.407
2026-09-07 19:09:04.840,21.475
2026-09-07 19:09:05.841,21.099
2026-09-07 19:09:06.841,21.441
2026-09-07 19:09:07.841,21.475
2026-09-07 19:09:08.841,21.538
2026-09-07 19:09:09.842,21.502
2026-09-07 19:09:10.842,21.515
2026-09-07 19:09:11.842,21.561
2026-09-07 19:09:12.842,21.594
2026-09-07 19:09:13.843,21.614
2026-09-07 19:09:14.843,21.668
2026-09-07 19:09:15.843,21.679
2026-09-07 19:09:16.843,21.680
2026-09-07 19:09:17.843,21.711
2026-09-07 19:09:18.844,21.765
2026-09-07 19:09:19.844,21.749
2026-09-07 19:09:20.844,21.748
2026-09-07 19:09:21.844,21.854
2026-09-07 19:09:22.845,21.772
2026-09-07 19:09:23.845,21.753
2026-09-07 19:09:24.845,21.756
2026-09-07 19:09:25.845,21.852
2026-09-07 19:09:26.845,21.740
2026-09-07 19:09:27.846,21.766
2026-09-07 19:09:28.846,21.751
2026-09-07 19:09:29.846,22.196
2026-09-07 19:09:30.846,22.993
2026-09-07 19:09:31.847,22.875
2026-09-07 19:09:32.847,22.846
2026-09-07 19:09:33.847,23.077
2026-09-07 19:09:34.847,22.748
2026-09-07 19:09:35.847,22.747
2026-09-07 19:09:36.848,22.735
2026-09-07 19:09:37.848,22.969
2026-09-07 19:09:38.848,22.809
2026-09-07 19:09:39.848,22.341
2026-09-07 19:09:40.848,23.048
2026-09-07 19:09:41.849,23.630
2026-09-07 19:09:42.849,23.968
2026-09-07 19:09:43.849,23.866
2026-09-07 19:09:44.849,21.584
2026-09-07 19:09:45.850,21.246
2026-09-07 19:09:46.850,20.026
2026-09-07 19:09:47.850,23.395
2026-09-07 19:09:48.850,21.530
2026-09-07 19:09:49.851,21.932
2026-09-07 19:09:50.851,21.578
2026-09-07 19:09:51.852,21.541
2026-09-07 19:09:52.852,20.992
2026-09-07 19:09:53.852,21.307
2026-09-07 19:09:54.852,21.793
2026-09-07 19:09:55.853,22.650
2026-09-07 19:09:56.855,21.940
2026-09-07 19:09:57.855,17.026
2026-09-07 19:09:58.856,21.237
2026-09-07 19:09:59.856,21.792
2026-09-07 19:10:00.856,21.756
2026-09-07 19:10:01.856,20.798
2026-09-07 19:10:02.857,17.283
2026-09-07 19:10:03.857,21.986
2026-09-07 19:10:04.857,22.009
2026-09-07 19:10:05.858,21.798
2026-09-07 19:10:06.858,19.343
2026-09-07 19:10:07.858,19.131
2026-09-07 19:10:08.858,21.417
2026-09-07 19:10:09.859,21.497
2026-09-07 19:10:10.859,21.865
2026-09-07 19:10:11.859,21.219
2026-09-07 19:10:12.859,22.941
2026-09-07 19:10:13.859,21.497
2026-09-07 19:10:14.860,21.677
2026-09-07 19:10:15.860,21.463
2026-09-07 19:10:16.860,20.705
2026-09-07 19:10:17.860,23.191
2026-09-07 19:10:18.861,20.860
2026-09-07 19:10:19.861,21.641
2026-09-07 19:10:20.861,21.616
2026-09-07 19:10:21.861,21.755
2026-09-07 19:10:22.862,20.911
2026-09-07 19:10:23.862,20.648
2026-09-07 19:10:24.862,22.782
2026-09-07 19:10:25.863,21.525
2026-09-07 19:10:26.863,21.885
2026-09-07 19:10:27.863,21.808
2026-09-07 19:10:28.863,22.071
2026-09-07 19:10:29.864,21.494
2026-09-07 19:10:30.864,21.696
2026-09-07 19:10:31.864,21.930
2026-09-07 19:10:32.865,17.830
2026-09-07 19:10:33.865,18.346
2026-09-07 19:10:34.865,18.315
2026-09-07 19:10:35.866,18.375
2026-09-07 19:10:36.866,18.242
2026-09-07 19:10:37.866,18.125
2026-09-07 19:10:38.866,18.022
2026-09-07 19:10:39.867,18.115
2026-09-07 19:10:40.867,18.129
2026-09-07 19:10:41.867,18.156
2026-09-07 19:10:42.867,18.235
2026-09-07 19:10:43.868,18.096
2026-09-07 19:10:44.868,18.228
2026-09-07 19:10:45.868,18.139
2026-09-07 19:10:46.869,18.112
2026-09-07 19:10:47.869,18.121
2026-09-07 19:10:48.869,18.106
2026-09-07 19:10:49.869,18.137
2026-09-07 19:10:50.870,18.224
2026-09-07 19:10:51.870,18.312
2026-09-07 19:10:52.870,18.343
2026-09-07 19:10:53.871,18.211
2026-09-07 19:10:54.871,18.099
2026-09-07 19:10:55.871,18.089
2026-09-07 19:10:56.871,18.101
2026-09-07 19:10:57.872,18.096
2026-09-07 19:10:58.872,18.198
2026-09-07 19:10:59.872,18.231
2026-09-07 19:11:00.873,18.355
2026-09-07 19:11:01.873,18.185
2026-09-07 19:11:02.873,18.111
2026-09-07 19:11:03.873,18.094
2026-09-07 19:11:04.874,18.113
2026-09-07 19:11:05.874,18.089
2026-09-07 19:11:06.874,18.209
2026-09-07 19:11:07.874,18.306
2026-09-07 19:11:08.875,18.194
2026-09-07 19:11:09.875,18.089
2026-09-07 19:11:10.875,18.167
2026-09-07 19:11:11.876,18.053
2026-09-07 19:11:12.876,18.056
2026-09-07 19:11:13.876,18.080
2026-09-07 19:11:14.876,18.083
2026-09-07 19:11:15.877,18.159
2026-09-07 19:11:16.877,18.286
2026-09-07 19:11:17.877,18.188
2026-09-07 19:11:18.877,18.066
2026-09-07 19:11:19.878,18.070
2026-09-07 19:11:20.878,18.067
2026-09-07 19:11:21.878,18.068
2026-09-07 19:11:22.879,18.068
2026-09-07 19:11:23.879,18.186
2026-09-07 19:11:24.879,18.303
2026-09-07 19:11:25.879,18.157
2026-09-07 19:11:26.880,18.055
2026-09-07 19:11:27.880,18.165
2026-09-07 19:11:28.880,18.156
2026-09-07 19:11:29.880,18.073
2026-09-07 19:11:30.881,18.120
2026-09-07 19:11:31.881,18.162
2026-09-07 19:11:32.881,18.182
2026-09-07 19:11:33.881,18.292
2026-09-07 19:11:34.882,18.183
2026-09-07 19:11:35.882,18.100
2026-09-07 19:11:36.882,18.069
2026-09-07 19:11:37.883,18.042
2026-09-07 19:11:38.883,18.152
2026-09-07 19:11:39.883,18.174
2026-09-07 19:11:40.883,18.157
2026-09-07 19:11:41.884,18.281
2026-09-07 19:11:42.884,18.142
2026-09-07 19:11:43.884,18.102
2026-09-07 19:11:44.885,18.056
2026-09-07 19:11:45.885,18.046
2026-09-07 19:11:46.885,18.177
2026-09-07 19:11:47.885,18.017
2026-09-07 19:11:48.886,18.051
2026-09-07 19:11:49.886,18.168
2026-09-07 19:11:50.886,18.145
2026-09-07 19:11:51.886,18.058
2026-09-07 19:11:52.887,18.036
2026-09-07 19:11:53.887,18.077
2026-09-07 19:11:54.887,18.040
2026-09-07 19:11:55.888,18.001
2026-09-07 19:11:56.888,18.082
2026-09-07 19:11:57.888,18.196
2026-09-07 19:11:58.888,18.247
2026-09-07 19:11:59.889,18.112
2026-09-07 19:12:00.889,18.094
2026-09-07 19:12:01.889,17.997
2026-09-07 19:12:02.889,17.981
2026-09-07 19:12:03.890,17.970
2026-09-07 19:12:04.890,18.117
2026-09-07 19:12:05.890,18.022
2026-09-07 19:12:06.890,18.130
2026-09-07 19:12:07.891,18.138
2026-09-07 19:12:08.891,18.039
2026-09-07 19:12:09.891,18.013
2026-09-07 19:12:10.892,18.203
2026-09-07 19:12:11.892,18.118
2026-09-07 19:12:12.892,18.027
2026-09-07 19:12:13.892,18.118
2026-09-07 19:12:14.893,18.285
2026-09-07 19:12:15.893,18.278
2026-09-07 19:12:16.893,18.014
2026-09-07 19:12:17.894,18.008
2026-09-07 19:12:18.894,18.109
2026-09-07 19:12:19.894,18.126
2026-09-07 19:12:20.894,18.023
2026-09-07 19:12:21.895,18.127
2026-09-07 19:12:22.895,18.247
2026-09-07 19:12:23.895,18.298
2026-09-07 19:12:24.895,18.017
2026-09-07 19:12:25.896,18.016
2026-09-07 19:12:26.896,18.077
2026-09-07 19:12:27.896,18.026
2026-09-07 19:12:28.896,18.038
2026-09-07 19:12:29.897,18.118
2026-09-07 19:12:30.897,18.126
2026-09-07 19:12:31.897,18.243
2026-09-07 19:12:32.897,18.118
2026-09-07 19:12:33.898,18.025
2026-09-07 19:12:34.898,18.113
2026-09-07 19:12:35.898,18.030
2026-09-07 19:12:36.899,18.030
2026-09-07 19:12:37.899,18.029
2026-09-07 19:12:38.899,18.119
2026-09-07 19:12:39.899,18.253
2026-09-07 19:12:40.900,18.038
2026-09-07 19:12:41.900,18.022
2026-09-07 19:12:42.900,18.099
2026-09-07 19:12:43.900,18.015
2026-09-07 19:12:44.901,18.045
2026-09-07 19:12:45.901,18.148
2026-09-07 19:12:46.901,18.098
2026-09-07 19:12:47.902,18.100
2026-09-07 19:12:48.902,18.143
2026-09-07 19:12:49.902,18.024
2026-09-07 19:12:50.902,18.007
2026-09-07 19:12:51.903,18.098
2026-09-07 19:12:52.903,18.012
2026-09-07 19:12:53.903,18.129
2026-09-07 19:12:54.903,18.120
2026-09-07 19:12:55.904,18.231
2026-09-07 19:12:56.904,18.141
2026-09-07 19:12:57.904,18.044
2026-09-07 19:12:58.904,18.026
2026-09-07 19:12:59.905,18.024
2026-09-07 19:13:00.905,18.086
2026-09-07 19:13:01.905,17.993
2026-09-07 19:13:02.905,18.085
2026-09-07 19:13:03.906,18.211
2026-09-07 19:13:04.906,18.124
2026-09-07 19:13:05.906,17.991
2026-09-07 19:13:06.907,17.975
2026-09-07 19:13:07.907,17.997
2026-09-07 19:13:08.907,17.996
2026-09-07 19:13:09.908,17.987
2026-09-07 19:13:10.908,18.180
2026-09-07 19:13:11.908,18.213
2026-09-07 19:13:12.908,18.127
2026-09-07 19:13:13.909,18.129
2026-09-07 19:13:14.909,18.046
2026-09-07 19:13:15.909,18.073
2026-09-07 19:13:16.910,18.032
2026-09-07 19:13:17.910,18.089
2026-09-07 19:13:18.910,18.120
2026-09-07 19:13:19.910,20.992
2026-09-07 19:13:20.911,21.433
2026-09-07 19:13:21.911,22.954
2026-09-07 19:13:22.911,20.633
2026-09-07 19:13:23.912,21.110
2026-09-07 19:13:24.912,21.639
2026-09-07 19:13:25.912,21.063
2026-09-07 19:13:26.912,20.577
2026-09-07 19:13:27.913,19.598
2026-09-07 19:13:28.913,19.781
2026-09-07 19:13:29.913,19.913
2026-09-07 19:13:30.914,19.745
2026-09-07 19:13:31.914,19.700
2026-09-07 19:13:32.914,19.701
2026-09-07 19:13:33.914,19.726
2026-09-07 19:13:34.915,19.743
2026-09-07 19:13:35.915,19.793
2026-09-07 19:13:36.915,19.805
2026-09-07 19:13:37.916,19.815
2026-09-07 19:13:38.916,19.743
2026-09-07 19:13:39.916,19.715
2026-09-07 19:13:40.916,19.730
2026-09-07 19:13:41.917,19.738
2026-09-07 19:13:42.917,19.713
2026-09-07 19:13:43.917,19.806
2026-09-07 19:13:44.918,19.814
2026-09-07 19:13:45.918,19.845
2026-09-07 19:13:46.918,19.712
2026-09-07 19:13:47.918,19.710
2026-09-07 19:13:48.919,19.736
2026-09-07 19:13:49.919,19.718
2026-09-07 19:13:50.919,19.725
2026-09-07 19:13:51.919,19.718
2026-09-07 19:13:52.919,19.796
2026-09-07 19:13:53.920,19.841
2026-09-07 19:13:54.920,19.797
2026-09-07 19:13:55.920,19.822
2026-09-07 19:13:56.920,19.728
2026-09-07 19:13:57.920,19.722
2026-09-07 19:13:58.921,19.725
2026-09-07 19:13:59.921,19.803
2026-09-07 19:14:00.921,19.866
2026-09-07 19:14:01.921,19.805
2026-09-07 19:14:02.922,19.817
2026-09-07 19:14:03.922,19.761
2026-09-07 19:14:04.922,19.765
2026-09-07 19:14:05.922,19.764
2026-09-07 19:14:06.922,19.750
2026-09-07 19:14:07.923,19.755
2026-09-07 19:14:08.923,19.864
2026-09-07 19:14:09.923,19.868
2026-09-07 19:14:10.923,19.903
2026-09-07 19:14:11.923,19.735
2026-09-07 19:14:12.924,19.760
2026-09-07 19:14:13.924,19.735
2026-09-07 19:14:14.924,19.763
2026-09-07 19:14:15.924,19.722
2026-09-07 19:14:16.924,19.841
2026-09-07 19:14:17.925,20.015
2026-09-07 19:14:18.925,19.845
2026-09-07 19:14:19.925,19.759
2026-09-07 19:14:20.925,19.749
2026-09-07 19:14:21.925,19.756
2026-09-07 19:14:22.926,19.783
2026-09-07 19:14:23.926,19.840
2026-09-07 19:14:24.926,19.862
2026-09-07 19:14:25.926,20.003
2026-09-07 19:14:26.926,19.864
2026-09-07 19:14:27.927,19.757
2026-09-07 19:14:28.927,19.763
2026-09-07 19:14:29.927,19.864
2026-09-07 19:14:30.927,19.731
2026-09-07 19:14:31.928,19.777
2026-09-07 19:14:32.928,19.838
2026-09-07 19:14:33.928,19.876
2026-09-07 19:14:34.928,19.868
2026-09-07 19:14:35.928,19.750
2026-09-07 19:14:36.929,19.872
2026-09-07 19:14:37.929,19.880
2026-09-07 19:14:38.929,19.788
2026-09-07 19:14:39.929,19.771
2026-09-07 19:14:40.929,19.869
2026-09-07 19:14:41.930,19.975
2026-09-07 19:14:42.930,19.855
2026-09-07 19:14:43.930,19.844
2026-09-07 19:14:44.930,19.751
2026-09-07 19:14:45.931,19.755
2026-09-07 19:14:46.931,19.734
2026-09-07 19:14:47.931,19.751
2026-09-07 19:14:48.931,19.735
2026-09-07 19:14:49.931,19.870
2026-09-07 19:14:50.932,19.639
2026-09-07 19:14:51.932,19.977
2026-09-07 19:14:52.932,19.736
2026-09-07 19:14:53.932,19.746
2026-09-07 19:14:54.932,19.742
2026-09-07 19:14:55.933,19.776
2026-09-07 19:14:56.933,19.753
2026-09-07 19:14:57.933,19.740
2026-09-07 19:14:58.933,19.870
2026-09-07 19:14:59.933,19.759
2026-09-07 19:15:00.934,19.811
2026-09-07 19:15:01.934,19.810
2026-09-07 19:15:02.934,19.744
2026-09-07 19:15:03.934,19.761
2026-09-07 19:15:04.934,19.854
2026-09-07 19:15:05.935,19.767
2026-09-07 19:15:06.935,19.712
2026-09-07 19:15:07.935,19.843
2026-09-07 19:15:08.935,20.632
2026-09-07 19:15:09.935,22.858
2026-09-07 19:15:10.936,20.663
2026-09-07 19:15:11.936,21.114
2026-09-07 19:15:12.936,21.750
2026-09-07 19:15:13.936,21.554
2026-09-07 19:15:14.937,22.081
2026-09-07 19:15:15.937,20.568
2026-09-07 19:15:16.937,19.122
2026-09-07 19:15:17.937,18.850
2026-09-07 19:15:18.938,18.690
2026-09-07 19:15:19.938,18.631
2026-09-07 19:15:20.938,18.514
2026-09-07 19:15:21.938,19.799
2026-09-07 19:15:22.938,16.967
2026-09-07 19:15:23.939,17.963
2026-09-07 19:15:24.939,17.570
2026-09-07 19:15:25.939,17.071
2026-09-07 19:15:26.939,17.089
2026-09-07 19:15:27.940,19.151
2026-09-07 19:15:28.940,19.238
2026-09-07 19:15:29.940,19.513
2026-09-07 19:15:30.940,19.321
2026-09-07 19:15:31.941,19.332
2026-09-07 19:15:32.941,19.256
2026-09-07 19:15:33.941,19.301
2026-09-07 19:15:34.941,19.315
2026-09-07 19:15:35.942,19.241
2026-09-07 19:15:36.942,19.240
2026-09-07 19:15:37.942,19.275
2026-09-07 19:15:38.943,19.542
2026-09-07 19:15:39.943,19.307
2026-09-07 19:15:40.943,19.227
2026-09-07 19:15:41.943,19.237
2026-09-07 19:15:42.944,19.599
2026-09-07 19:15:43.944,18.507
2026-09-07 19:15:44.944,17.833
2026-09-07 19:15:45.944,21.252
2026-09-07 19:15:46.945,21.290
2026-09-07 19:15:47.945,21.226
2026-09-07 19:15:48.945,21.311
2026-09-07 19:15:49.945,21.186
2026-09-07 19:15:50.946,21.101
2026-09-07 19:15:51.946,21.161
2026-09-07 19:15:52.946,21.150
2026-09-07 19:15:53.946,21.044
2026-09-07 19:15:54.947,21.112
2026-09-07 19:15:55.947,21.022
2026-09-07 19:15:56.947,21.135
2026-09-07 19:15:57.947,21.192
2026-09-07 19:15:58.947,21.236
2026-09-07 19:15:59.948,21.187
2026-09-07 19:16:00.948,21.342
2026-09-07 19:16:01.948,21.203
2026-09-07 19:16:02.948,21.276
2026-09-07 19:16:03.948,21.152
2026-09-07 19:16:04.949,21.143
2026-09-07 19:16:05.949,21.160
2026-09-07 19:16:06.949,21.167
2026-09-07 19:16:07.949,21.172
2026-09-07 19:16:08.950,21.060
2026-09-07 19:16:09.950,21.216
2026-09-07 19:16:10.950,21.282
2026-09-07 19:16:11.950,21.277
2026-09-07 19:16:12.950,21.299
2026-09-07 19:16:13.951,21.183
2026-09-07 19:16:14.951,21.302
2026-09-07 19:16:15.951,21.195
2026-09-07 19:16:16.951,21.274
2026-09-07 19:16:17.952,21.339
2026-09-07 19:16:18.952,21.304
2026-09-07 19:16:19.952,21.157
2026-09-07 19:16:20.952,21.187
2026-09-07 19:16:21.952,21.194
2026-09-07 19:16:22.953,21.163
2026-09-07 19:16:23.953,21.246
2026-09-07 19:16:24.953,21.206
2026-09-07 19:16:25.953,21.339
2026-09-07 19:16:26.954,21.206
2026-09-07 19:16:27.954,21.199
2026-09-07 19:16:28.954,21.184
2026-09-07 19:16:29.954,21.209
2026-09-07 19:16:30.954,21.177
2026-09-07 19:16:31.955,21.302
2026-09-07 19:16:32.955,21.313
2026-09-07 19:16:33.955,21.220
2026-09-07 19:16:34.955,21.191
2026-09-07 19:16:35.956,21.202
2026-09-07 19:16:36.956,21.197
2026-09-07 19:16:37.956,21.185
2026-09-07 19:16:38.956,21.355
2026-09-07 19:16:39.957,21.183
2026-09-07 19:16:40.957,21.192
2026-09-07 19:16:41.957,21.197
2026-09-07 19:16:42.957,21.228
2026-09-07 19:16:43.957,21.307
2026-09-07 19:16:44.958,21.299
2026-09-07 19:16:45.958,21.318
2026-09-07 19:16:46.958,21.239
2026-09-07 19:16:47.958,21.244
2026-09-07 19:16:48.959,21.208
2026-09-07 19:16:49.959,21.226
2026-09-07 19:16:50.959,21.230
2026-09-07 19:16:51.959,21.263
2026-09-07 19:16:52.959,21.209
2026-09-07 19:16:53.960,21.230
2026-09-07 19:16:54.960,21.234
2026-09-07 19:16:55.960,21.210
2026-09-07 19:16:56.960,21.251
2026-09-07 19:16:57.960,21.321
2026-09-07 19:16:58.961,21.197
2026-09-07 19:16:59.961,21.211
2026-09-07 19:17:00.961,21.315
2026-09-07 19:17:01.961,21.252
2026-09-07 19:17:02.961,21.288
2026-09-07 19:17:03.962,21.292
2026-09-07 19:17:04.962,21.687
2026-09-07 19:17:05.962,20.062
2026-09-07 19:17:06.962,20.288
2026-09-07 19:17:07.962,20.235
2026-09-07 19:17:08.963,20.259
2026-09-07 19:17:09.963,20.241
2026-09-07 19:17:10.963,20.356
2026-09-07 19:17:11.963,20.377
2026-09-07 19:17:12.964,20.247
2026-09-07 19:17:13.964,20.252
2026-09-07 19:17:14.964,20.271
2026-09-07 19:17:15.964,20.370
2026-09-07 19:17:16.965,20.263
2026-09-07 19:17:17.965,20.252
2026-09-07 19:17:18.965,20.279
2026-09-07 19:17:19.965,20.363
2026-09-07 19:17:20.965,20.338
2026-09-07 19:17:21.966,20.244
2026-09-07 19:17:22.966,20.252
2026-09-07 19:17:23.966,20.241
2026-09-07 19:17:24.966,20.354
2026-09-07 19:17:25.966,20.259
2026-09-07 19:17:26.967,20.264
2026-09-07 19:17:27.967,20.381
2026-09-07 19:17:28.967,20.292
2026-09-07 19:17:29.967,20.248
2026-09-07 19:17:30.968,20.330
2026-09-07 19:17:31.968,20.364
2026-09-07 19:17:32.968,20.379
2026-09-07 19:17:33.968,20.325
2026-09-07 19:17:34.969,20.309
2026-09-07 19:17:35.969,20.329
2026-09-07 19:17:36.969,20.439
2026-09-07 19:17:37.969,20.121
2026-09-07 19:17:38.969,20.265
2026-09-07 19:17:39.970,20.307
2026-09-07 19:17:40.970,20.163
2026-09-07 19:17:41.970,20.300
2026-09-07 19:17:42.970,20.301
2026-09-07 19:17:43.971,20.314
2026-09-07 19:17:44.971,20.408
2026-09-07 19:17:45.971,20.434
2026-09-07 19:17:46.971,20.344
2026-09-07 19:17:47.972,20.360
2026-09-07 19:17:48.972,20.464
2026-09-07 19:17:49.972,20.375
2026-09-07 19:17:50.972,20.381
2026-09-07 19:17:51.972,20.433
2026-09-07 19:17:52.973,20.492
2026-09-07 19:17:53.973,20.530
2026-09-07 19:17:54.973,20.410
2026-09-07 19:17:55.973,20.423
2026-09-07 19:17:56.974,20.548
2026-09-07 19:17:57.974,20.581
2026-09-07 19:17:58.974,20.438
2026-09-07 19:17:59.974,20.438
2026-09-07 19:18:00.975,20.440
2026-09-07 19:18:01.975,20.472
2026-09-07 19:18:02.975,20.499
2026-09-07 19:18:03.975,20.478
2026-09-07 19:18:04.975,20.619
2026-09-07 19:18:05.976,20.555
2026-09-07 19:18:06.976,20.618
2026-09-07 19:18:07.976,20.599
2026-09-07 19:18:08.976,20.605
2026-09-07 19:18:09.977,20.648
2026-09-07 19:18:10.977,20.745
2026-09-07 19:18:11.977,20.687
2026-09-07 19:18:12.977,20.839
2026-09-07 19:18:13.978,20.918
2026-09-07 19:18:14.978,20.775
2026-09-07 19:18:15.978,20.890
2026-09-07 19:18:16.978,20.918
2026-09-07 19:18:17.979,20.912
2026-09-07 19:18:18.979,20.704
2026-09-07 19:18:19.979,20.699
2026-09-07 19:18:20.979,20.891
2026-09-07 19:18:21.979,20.882
2026-09-07 19:18:22.980,21.001
2026-09-07 19:18:23.980,21.059
2026-09-07 19:18:24.980,21.086
2026-09-07 19:18:25.980,21.137
2026-09-07 19:18:26.981,21.176
2026-09-07 19:18:27.981,21.229
2026-09-07 19:18:28.981,21.315
2026-09-07 19:18:29.981,21.472
2026-09-07 19:18:30.981,21.395
2026-09-07 19:18:31.982,21.476
2026-09-07 19:18:32.982,21.550
2026-09-07 19:18:33.982,21.546
2026-09-07 19:18:34.982,21.683
2026-09-07 19:18:35.982,21.789
2026-09-07 19:18:36.983,21.953
2026-09-07 19:18:37.983,22.387
2026-09-07 19:18:38.983,22.130
2026-09-07 19:18:39.983,21.548
2026-09-07 19:18:40.984,22.712
2026-09-07 19:18:41.984,22.695
2026-09-07 19:18:42.984,22.528
2026-09-07 19:18:43.984,22.515
2026-09-07 19:18:44.985,22.631
2026-09-07 19:18:45.985,22.466
2026-09-07 19:18:46.985,22.428
2026-09-07 19:18:47.985,22.395
2026-09-07 19:18:48.986,22.224
2026-09-07 19:18:49.986,22.192
2026-09-07 19:18:50.986,22.130
2026-09-07 19:18:51.986,22.183
2026-09-07 19:18:52.987,22.178
2026-09-07 19:18:53.987,22.057
2026-09-07 19:18:54.987,22.642
2026-09-07 19:18:55.987,22.730
2026-09-07 19:18:56.987,22.521
2026-09-07 19:18:57.988,22.713
2026-09-07 19:18:58.988,22.342
2026-09-07 19:18:59.988,22.549
2026-09-07 19:19:00.988,22.446
2026-09-07 19:19:01.989,22.764
2026-09-07 19:19:02.989,22.267
2026-09-07 19:19:03.989,20.890
2026-09-07 19:19:04.989,21.027
2026-09-07 19:19:05.990,20.863
2026-09-07 19:19:06.990,20.905
2026-09-07 19:19:07.990,21.023
2026-09-07 19:19:08.990,21.046
2026-09-07 19:19:09.991,20.902
2026-09-07 19:19:10.991,21.008
2026-09-07 19:19:11.991,21.017
2026-09-07 19:19:12.991,21.268
2026-09-07 19:19:13.991,21.054
2026-09-07 19:19:14.992,21.015
2026-09-07 19:19:15.992,20.924
2026-09-07 19:19:16.992,20.931
2026-09-07 19:19:17.992,20.886
2026-09-07 19:19:18.993,20.934
2026-09-07 19:19:19.993,20.898
2026-09-07 19:19:20.993,20.777
2026-09-07 19:19:21.993,20.889
2026-09-07 19:19:22.994,21.005
2026-09-07 19:19:23.994,20.924
2026-09-07 19:19:24.994,20.990
2026-09-07 19:19:25.994,21.001
2026-09-07 19:19:26.995,21.019
2026-09-07 19:19:27.995,21.040
2026-09-07 19:19:28.995,21.110
2026-09-07 19:19:29.995,21.028
2026-09-07 19:19:30.996,20.950
2026-09-07 19:19:31.996,21.107
2026-09-07 19:19:32.996,21.111
2026-09-07 19:19:33.996,20.997
2026-09-07 19:19:34.996,20.968
2026-09-07 19:19:35.997,21.082
2026-09-07 19:19:36.997,21.216
2026-09-07 19:19:37.997,21.183
2026-09-07 19:19:38.997,21.079
2026-09-07 19:19:39.998,20.828
2026-09-07 19:19:40.998,21.025
2026-09-07 19:19:41.998,21.078
2026-09-07 19:19:42.998,21.075
2026-09-07 19:19:43.999,21.046
2026-09-07 19:19:44.999,20.990
2026-09-07 19:19:45.999,21.264
2026-09-07 19:19:46.999,21.073
2026-09-07 19:19:48.000,21.062
2026-09-07 19:19:49.000,21.174
2026-09-07 19:19:50.000,20.992
2026-09-07 19:19:51.000,20.971
2026-09-07 19:19:52.001,20.942
2026-09-07 19:19:53.001,20.971
2026-09-07 19:19:54.001,21.061
2026-09-07 19:19:55.001,20.945
2026-09-07 19:19:56.002,20.956
2026-09-07 19:19:57.002,20.773
2026-09-07 19:19:58.002,21.061
2026-09-07 19:19:59.002,20.954
2026-09-07 19:20:00.002,21.014
2026-09-07 19:20:01.003,21.041
2026-09-07 19:20:02.003,21.125
2026-09-07 19:20:03.003,21.000
2026-09-07 19:20:04.003,20.998
2026-09-07 19:20:05.004,20.980
2026-09-07 19:20:06.004,21.136
2026-09-07 19:20:07.004,21.041
2026-09-07 19:20:08.004,21.006
2026-09-07 19:20:09.005,21.125
2026-09-07 19:20:10.005,21.129
2026-09-07 19:20:11.005,21.099
2026-09-07 19:20:12.005,21.023
2026-09-07 19:20:13.006,21.208
2026-09-07 19:20:14.006,21.252
2026-09-07 19:20:15.006,21.053
2026-09-07 19:20:16.006,21.041
2026-09-07 19:20:17.007,21.133
2026-09-07 19:20:18.007,21.267
2026-09-07 19:20:19.007,21.036
2026-09-07 19:20:20.007,21.040
2026-09-07 19:20:21.007,20.868
2026-09-07 19:20:22.008,21.131
2026-09-07 19:20:23.008,21.086
2026-09-07 19:20:24.008,21.092
2026-09-07 19:20:25.008,21.092
2026-09-07 19:20:26.009,21.116
2026-09-07 19:20:27.009,21.211
2026-09-07 19:20:28.009,21.067
2026-09-07 19:20:29.009,21.078
2026-09-07 19:20:30.010,21.115
2026-09-07 19:20:31.010,21.295
2026-09-07 19:20:32.010,21.036
2026-09-07 19:20:33.010,21.049
2026-09-07 19:20:34.011,21.206
2026-09-07 19:20:35.011,21.092
2026-09-07 19:20:36.011,20.994
2026-09-07 19:20:37.011,20.988
2026-09-07 19:20:38.012,21.110
2026-09-07 19:20:39.012,20.964
2026-09-07 19:20:40.012,21.063
2026-09-07 19:20:41.012,21.063
2026-09-07 19:20:42.012,21.113
2026-09-07 19:20:43.013,21.180
2026-09-07 19:20:44.013,21.073
2026-09-07 19:20:45.013,21.076
2026-09-07 19:20:46.013,21.167
2026-09-07 19:20:47.014,20.961
2026-09-07 19:20:48.014,20.979
2026-09-07 19:20:49.014,20.969
2026-09-07 19:20:50.014,21.103
2026-09-07 19:20:51.015,21.135
2026-09-07 19:20:52.015,21.062
2026-09-07 19:20:53.015,21.057
2026-09-07 19:20:54.015,21.103
2026-09-07 19:20:55.016,21.015
2026-09-07 19:20:56.016,21.078
2026-09-07 19:20:57.016,20.982
2026-09-07 19:20:58.016,21.228
2026-09-07 19:20:59.017,21.282
2026-09-07 19:21:00.017,21.192
2026-09-07 19:21:01.017,21.175
2026-09-07 19:21:02.017,21.051
2026-09-07 19:21:03.018,21.285
2026-09-07 19:21:04.018,21.176
2026-09-07 19:21:05.018,21.168
2026-09-07 19:21:06.018,21.149
2026-09-07 19:21:07.018,21.313
2026-09-07 19:21:08.019,21.175
2026-09-07 19:21:09.019,21.117
2026-09-07 19:21:10.019,21.191
2026-09-07 19:21:11.019,21.393
2026-09-07 19:21:12.020,21.129
2026-09-07 19:21:13.020,21.118
2026-09-07 19:21:14.020,21.184
2026-09-07 19:21:15.020,21.321
2026-09-07 19:21:16.021,21.170
2026-09-07 19:21:17.021,21.203
2026-09-07 19:21:18.021,21.174
2026-09-07 19:21:19.021,21.348
2026-09-07 19:21:20.022,21.192
2026-09-07 19:21:21.022,21.172
2026-09-07 19:21:22.022,21.192
2026-09-07 19:21:23.022,21.321
2026-09-07 19:21:24.023,21.232
2026-09-07 19:21:25.023,21.193
2026-09-07 19:21:26.023,21.214
2026-09-07 19:21:27.023,21.328
2026-09-07 19:21:28.023,21.211
2026-09-07 19:21:29.024,21.192
2026-09-07 19:21:30.024,21.217
2026-09-07 19:21:31.024,21.371
2026-09-07 19:21:32.024,21.227
2026-09-07 19:21:33.025,21.189
2026-09-07 19:21:34.025,21.197
2026-09-07 19:21:35.025,21.334
2026-09-07 19:21:36.025,21.250
2026-09-07 19:21:37.026,21.198
2026-09-07 19:21:38.026,21.214
2026-09-07 19:21:39.026,21.454
2026-09-07 19:21:40.026,21.332
2026-09-07 19:21:41.026,21.242
2026-09-07 19:21:42.027,21.231
2026-09-07 19:21:43.027,21.073
2026-09-07 19:21:44.027,21.415
2026-09-07 19:21:45.027,21.246
2026-09-07 19:21:46.028,21.205
2026-09-07 19:21:47.028,21.201
2026-09-07 19:21:48.028,21.485
2026-09-07 19:21:49.028,21.228
2026-09-07 19:21:50.028,21.224
2026-09-07 19:21:51.029,21.200
2026-09-07 19:21:52.029,21.311
2026-09-07 19:21:53.029,21.196
2026-09-07 19:21:54.029,21.203
2026-09-07 19:21:55.030,21.192
2026-09-07 19:21:56.030,21.470
2026-09-07 19:21:57.030,21.207
2026-09-07 19:21:58.030,21.228
2026-09-07 19:21:59.031,21.223
2026-09-07 19:22:00.031,21.365
2026-09-07 19:22:01.031,21.218
2026-09-07 19:22:02.031,21.225
2026-09-07 19:22:03.031,21.256
2026-09-07 19:22:04.032,21.495
2026-09-07 19:22:05.032,21.217
2026-09-07 19:22:06.032,21.252
2026-09-07 19:22:07.032,21.270
2026-09-07 19:22:08.033,21.336
2026-09-07 19:22:09.033,21.245
2026-09-07 19:22:10.033,21.225
2026-09-07 19:22:11.033,21.292
2026-09-07 19:22:12.033,21.372
2026-09-07 19:22:13.034,21.233
2026-09-07 19:22:14.034,21.247
2026-09-07 19:22:15.034,21.245
2026-09-07 19:22:16.034,21.246
2026-09-07 19:22:17.035,21.261
2026-09-07 19:22:18.035,21.243
2026-09-07 19:22:19.035,21.251
2026-09-07 19:22:20.035,21.260
2026-09-07 19:22:21.035,21.264
2026-09-07 19:22:22.036,21.265
2026-09-07 19:22:23.036,21.276
2026-09-07 19:22:24.036,21.239
2026-09-07 19:22:25.036,21.368
2026-09-07 19:22:26.037,21.280
2026-09-07 19:22:27.037,21.259
2026-09-07 19:22:28.037,21.258
2026-09-07 19:22:29.037,21.264
2026-09-07 19:22:30.038,21.286
2026-09-07 19:22:31.038,21.291
2026-09-07 19:22:32.038,21.283
2026-09-07 19:22:33.038,21.250
2026-09-07 19:22:34.038,21.271
2026-09-07 19:22:35.039,21.260
2026-09-07 19:22:36.039,21.261
2026-09-07 19:22:37.039,21.262
2026-09-07 19:22:38.039,21.269
2026-09-07 19:22:39.040,21.286
2026-09-07 19:22:40.040,21.275
2026-09-07 19:22:41.040,21.559
2026-09-07 19:22:42.040,21.328
2026-09-07 19:22:43.040,21.287
2026-09-07 19:22:44.041,21.288
2026-09-07 19:22:45.041,21.449
2026-09-07 19:22:46.041,21.330
2026-09-07 19:22:47.041,21.402
2026-09-07 19:22:48.042,21.428
2026-09-07 19:22:49.042,21.587
2026-09-07 19:22:50.042,21.487
2026-09-07 19:22:51.042,21.621
2026-09-07 19:22:52.042,21.637
2026-09-07 19:22:53.043,21.654
2026-09-07 19:22:54.043,21.693
2026-09-07 19:22:55.043,21.708
2026-09-07 19:22:56.043,21.748
2026-09-07 19:22:57.044,21.707
2026-09-07 19:22:58.044,21.757
2026-09-07 19:22:59.044,21.760
2026-09-07 19:23:00.044,21.832
2026-09-07 19:23:01.044,22.001
2026-09-07 19:23:02.045,21.863
2026-09-07 19:23:03.045,21.767
2026-09-07 19:23:04.045,21.780
2026-09-07 19:23:05.045,21.751
2026-09-07 19:23:06.046,21.472
2026-09-07 19:23:07.046,21.684
2026-09-07 19:23:08.046,21.637
2026-09-07 19:23:09.046,22.735
2026-09-07 19:23:10.047,22.516
2026-09-07 19:23:11.047,22.599
2026-09-07 19:23:12.047,22.529
2026-09-07 19:23:13.047,22.093
2026-09-07 19:23:14.047,22.135
2026-09-07 19:23:15.048,22.751
2026-09-07 19:23:16.048,22.673
2026-09-07 19:23:17.048,22.852
2026-09-07 19:23:18.048,22.813
2026-09-07 19:23:19.049,22.823
2026-09-07 19:23:20.049,22.452
2026-09-07 19:23:21.049,22.862
2026-09-07 19:23:22.049,23.301
2026-09-07 19:23:23.050,23.462
2026-09-07 19:23:24.050,23.443
2026-09-07 19:23:25.050,22.451
2026-09-07 19:23:26.050,21.299
2026-09-07 19:23:27.050,21.736
2026-09-07 19:23:28.051,23.108
2026-09-07 19:23:29.051,20.803
2026-09-07 19:23:30.051,21.686
2026-09-07 19:23:31.051,22.122
2026-09-07 19:23:32.052,21.377
2026-09-07 19:23:33.052,21.536
2026-09-07 19:23:34.052,21.353
2026-09-07 19:23:35.052,21.790
2026-09-07 19:23:36.053,22.441
2026-09-07 19:23:37.053,24.075
2026-09-07 19:23:38.053,19.296
2026-09-07 19:23:39.053,19.236
2026-09-07 19:23:40.054,21.491
2026-09-07 19:23:41.054,21.640
2026-09-07 19:23:42.054,21.641
2026-09-07 19:23:43.054,17.440
2026-09-07 19:23:44.055,20.980
2026-09-07 19:23:45.115,21.581
2026-09-07 19:23:46.116,22.036
2026-09-07 19:23:47.116,18.575
2026-09-07 19:23:48.116,18.959
2026-09-07 19:23:49.116,21.746
2026-09-07 19:23:50.117,21.513
2026-09-07 19:23:51.117,21.603
2026-09-07 19:23:52.117,23.095
2026-09-07 19:23:53.117,20.867
2026-09-07 19:23:54.118,21.219
2026-09-07 19:23:55.118,21.843
2026-09-07 19:23:56.118,21.342
2026-09-07 19:23:57.118,19.979
2026-09-07 19:23:58.118,23.289
2026-09-07 19:23:59.119,21.163
2026-09-07 19:24:00.119,21.567
2026-09-07 19:24:01.119,21.311
2026-09-07 19:24:02.119,21.100
2026-09-07 19:24:03.120,21.233
2026-09-07 19:24:04.120,4.276
2026-09-07 19:24:05.120,24.991
2026-09-07 19:24:06.121,20.775
2026-09-07 19:24:07.121,21.444
2026-09-07 19:24:08.121,21.962
2026-09-07 19:24:09.121,21.462
2026-09-07 19:24:10.122,21.376
2026-09-07 19:24:11.122,21.945
2026-09-07 19:24:12.122,21.684
2026-09-07 19:24:13.122,19.616
2026-09-07 19:24:14.122,18.210
2026-09-07 19:24:15.123,18.306
2026-09-07 19:24:16.123,18.115
2026-09-07 19:24:17.123,18.101
2026-09-07 19:24:18.123,18.093
2026-09-07 19:24:19.124,18.198
2026-09-07 19:24:20.124,18.192
2026-09-07 19:24:21.124,18.228
2026-09-07 19:24:22.124,18.091
2026-09-07 19:24:23.124,18.066
2026-09-07 19:24:24.125,18.189
2026-09-07 19:24:25.125,18.203
2026-09-07 19:24:26.125,18.059
2026-09-07 19:24:27.125,18.049
2026-09-07 19:24:28.125,18.167
2026-09-07 19:24:29.126,18.288
2026-09-07 19:24:30.126,18.320
2026-09-07 19:24:31.126,18.171
2026-09-07 19:24:32.126,18.044
2026-09-07 19:24:33.127,18.163
2026-09-07 19:24:34.127,18.042
2026-09-07 19:24:35.127,18.091
2026-09-07 19:24:36.127,18.157
2026-09-07 19:24:37.127,18.282
2026-09-07 19:24:38.128,18.269
2026-09-07 19:24:39.128,18.191
2026-09-07 19:24:40.128,18.176
2026-09-07 19:24:41.128,18.173
2026-09-07 19:24:42.128,18.063
2026-09-07 19:24:43.129,18.059
2026-09-07 19:24:44.129,18.183
2026-09-07 19:24:45.129,18.281
2026-09-07 19:24:46.129,18.303
2026-09-07 19:24:47.129,18.161
2026-09-07 19:24:48.130,18.181
2026-09-07 19:24:49.130,18.177
2026-09-07 19:24:50.130,18.068
2026-09-07 19:24:51.130,18.063
2026-09-07 19:24:52.131,18.027
2026-09-07 19:24:53.131,18.154
2026-09-07 19:24:54.131,18.165
2026-09-07 19:24:55.131,18.273
2026-09-07 19:24:56.131,18.148
2026-09-07 19:24:57.132,18.053
2026-09-07 19:24:58.132,18.056
2026-09-07 19:24:59.132,18.037
2026-09-07 19:25:00.132,18.120
2026-09-07 19:25:01.133,18.080
2026-09-07 19:25:02.133,17.995
2026-09-07 19:25:03.133,18.118
2026-09-07 19:25:04.133,17.932
2026-09-07 19:25:05.134,18.043
2026-09-07 19:25:06.134,18.055
2026-09-07 19:25:07.134,18.041
2026-09-07 19:25:08.134,18.049
2026-09-07 19:25:09.135,18.042
2026-09-07 19:25:10.135,18.057
2026-09-07 19:25:11.135,18.205
2026-09-07 19:25:12.136,18.128
2026-09-07 19:25:13.136,18.132
2026-09-07 19:25:14.136,18.153
2026-09-07 19:25:15.136,18.047
2026-09-07 19:25:16.137,18.068
2026-09-07 19:25:17.137,18.123
2026-09-07 19:25:18.137,18.027
2026-09-07 19:25:19.138,18.144
2026-09-07 19:25:20.138,18.149
2026-09-07 19:25:21.138,18.133
2026-09-07 19:25:22.138,18.023
2026-09-07 19:25:23.139,18.028
2026-09-07 19:25:24.139,18.047
2026-09-07 19:25:25.139,18.139
2026-09-07 19:25:26.139,18.050
2026-09-07 19:25:27.140,18.143
2026-09-07 19:25:28.140,18.136
2026-09-07 19:25:29.140,18.134
2026-09-07 19:25:30.140,18.052
2026-09-07 19:25:31.141,18.036
2026-09-07 19:25:32.141,18.034
2026-09-07 19:25:33.141,18.135
2026-09-07 19:25:34.142,18.031
2026-09-07 19:25:35.142,18.132
2026-09-07 19:25:36.142,18.127
2026-09-07 19:25:37.142,18.119
2026-09-07 19:25:38.143,17.797
2026-09-07 19:25:39.143,17.992
2026-09-07 19:25:40.143,17.987
2026-09-07 19:25:41.144,18.001
2026-09-07 19:25:42.144,17.996
2026-09-07 19:25:43.144,18.094
2026-09-07 19:25:44.144,18.124
2026-09-07 19:25:45.145,18.260
2026-09-07 19:25:46.145,18.008
2026-09-07 19:25:47.145,18.006
2026-09-07 19:25:48.146,18.007
2026-09-07 19:25:49.146,18.012
2026-09-07 19:25:50.146,18.007
2026-09-07 19:25:51.146,18.101
2026-09-07 19:25:52.147,18.122
2026-09-07 19:25:53.147,18.107
2026-09-07 19:25:54.147,18.097
2026-09-07 19:25:55.148,17.988
2026-09-07 19:25:56.148,18.008
2026-09-07 19:25:57.148,17.986
2026-09-07 19:25:58.148,17.974
2026-09-07 19:25:59.149,18.009
2026-09-07 19:26:00.149,18.161
2026-09-07 19:26:01.149,18.116
2026-09-07 19:26:02.150,18.088
2026-09-07 19:26:03.150,17.999
2026-09-07 19:26:04.150,18.009
2026-09-07 19:26:05.150,18.135
2026-09-07 19:26:06.151,18.024
2026-09-07 19:26:07.151,17.976
2026-09-07 19:26:08.151,17.973
2026-09-07 19:26:09.152,18.218
2026-09-07 19:26:10.152,18.225
2026-09-07 19:26:11.152,17.970
2026-09-07 19:26:12.152,17.976
2026-09-07 19:26:13.153,18.025
2026-09-07 19:26:14.153,17.982
2026-09-07 19:26:15.153,18.008
2026-09-07 19:26:16.154,18.101
2026-09-07 19:26:17.154,18.104
2026-09-07 19:26:18.154,18.202
2026-09-07 19:26:19.154,18.177
2026-09-07 19:26:20.155,18.078
2026-09-07 19:26:21.155,17.842
2026-09-07 19:26:22.155,17.986
2026-09-07 19:26:23.156,18.009
2026-09-07 19:26:24.156,18.000
2026-09-07 19:26:25.156,18.022
2026-09-07 19:26:26.156,18.101
2026-09-07 19:26:27.157,17.888
2026-09-07 19:26:28.157,17.207
2026-09-07 19:26:29.157,17.783
2026-09-07 19:26:30.157,17.822
2026-09-07 19:26:31.158,18.008
2026-09-07 19:26:32.158,17.963
2026-09-07 19:26:33.158,17.784
2026-09-07 19:26:34.158,17.979
2026-09-07 19:26:35.158,17.965
2026-09-07 19:26:36.159,18.090
2026-09-07 19:26:37.159,18.079
2026-09-07 19:26:38.159,17.973
2026-09-07 19:26:39.159,17.971
2026-09-07 19:26:40.159,17.993
2026-09-07 19:26:41.160,17.981
2026-09-07 19:26:42.160,18.085
2026-09-07 19:26:43.160,18.214
2026-09-07 19:26:44.160,18.199
2026-09-07 19:26:45.160,17.987
2026-09-07 19:26:46.161,18.000
2026-09-07 19:26:47.161,17.978
2026-09-07 19:26:48.161,17.968
2026-09-07 19:26:49.161,18.071
2026-09-07 19:26:50.162,18.088
2026-09-07 19:26:51.162,18.077
2026-09-07 19:26:52.162,18.195
2026-09-07 19:26:53.162,18.062
2026-09-07 19:26:54.163,18.084
2026-09-07 19:26:55.163,18.071
2026-09-07 19:26:56.163,18.069
2026-09-07 19:26:57.164,18.075
2026-09-07 19:26:58.164,18.056
2026-09-07 19:26:59.164,18.073
2026-09-07 19:27:00.164,18.273
2026-09-07 19:27:01.165,18.223
2026-09-07 19:27:02.165,17.963
2026-09-07 19:27:03.165,17.982
2026-09-07 19:27:04.166,18.435
2026-09-07 19:27:05.166,21.576
2026-09-07 19:27:06.166,20.427
2026-09-07 19:27:07.166,23.295
2026-09-07 19:27:08.167,20.638
2026-09-07 19:27:09.167,21.354
2026-09-07 19:27:10.167,21.711
2026-09-07 19:27:11.167,21.126
2026-09-07 19:27:12.168,20.215
2026-09-07 19:27:13.168,19.802
2026-09-07 19:27:14.168,19.788
2026-09-07 19:27:15.168,19.806
2026-09-07 19:27:16.169,19.817
2026-09-07 19:27:17.169,19.664
2026-09-07 19:27:18.169,19.772
2026-09-07 19:27:19.169,19.686
2026-09-07 19:27:20.169,19.697
2026-09-07 19:27:21.170,19.697
2026-09-07 19:27:22.170,19.775
2026-09-07 19:27:23.170,19.936
2026-09-07 19:27:24.170,19.851
2026-09-07 19:27:25.171,19.723
2026-09-07 19:27:26.171,19.735
2026-09-07 19:27:27.171,19.731
2026-09-07 19:27:28.171,19.817
2026-09-07 19:27:29.171,19.743
2026-09-07 19:27:30.172,19.861
2026-09-07 19:27:31.172,19.959
2026-09-07 19:27:32.172,19.942
2026-09-07 19:27:33.172,19.740
2026-09-07 19:27:34.173,19.733
2026-09-07 19:27:35.173,19.739
2026-09-07 19:27:36.173,19.709
2026-09-07 19:27:37.173,19.844
2026-09-07 19:27:38.173,19.866
2026-09-07 19:27:39.174,19.818
2026-09-07 19:27:40.174,19.925
2026-09-07 19:27:41.174,19.843
2026-09-07 19:27:42.174,19.809
2026-09-07 19:27:43.174,19.787
2026-09-07 19:27:44.175,19.822
2026-09-07 19:27:45.175,19.782
2026-09-07 19:27:46.175,19.852
2026-09-07 19:27:47.175,19.852
2026-09-07 19:27:48.176,19.903
2026-09-07 19:27:49.176,19.846
2026-09-07 19:27:50.176,19.761
2026-09-07 19:27:51.176,19.830
2026-09-07 19:27:52.176,19.860
2026-09-07 19:27:53.177,19.602
2026-09-07 19:27:54.177,19.851
2026-09-07 19:27:55.177,19.773
2026-09-07 19:27:56.177,19.837
2026-09-07 19:27:57.178,19.810
2026-09-07 19:27:58.178,19.798
2026-09-07 19:27:59.178,19.682
2026-09-07 19:28:00.178,19.729
2026-09-07 19:28:01.178,19.780
2026-09-07 19:28:02.179,19.723
2026-09-07 19:28:03.179,19.731
2026-09-07 19:28:04.179,19.858
2026-09-07 19:28:05.179,19.943
2026-09-07 19:28:06.179,19.888
2026-09-07 19:28:07.180,19.713
2026-09-07 19:28:08.180,19.742
2026-09-07 19:28:09.180,19.750
2026-09-07 19:28:10.180,19.758
2026-09-07 19:28:11.181,19.813
2026-09-07 19:28:12.181,19.856
2026-09-07 19:28:13.181,19.743
2026-09-07 19:28:14.181,19.866
2026-09-07 19:28:15.181,19.767
2026-09-07 19:28:16.182,19.735
2026-09-07 19:28:17.182,19.747
2026-09-07 19:28:18.182,19.741
2026-09-07 19:28:19.182,19.878
2026-09-07 19:28:20.182,19.872
2026-09-07 19:28:21.183,19.857
2026-09-07 19:28:22.183,19.863
2026-09-07 19:28:23.183,19.725
2026-09-07 19:28:24.183,19.748
2026-09-07 19:28:25.184,19.709
2026-09-07 19:28:26.184,19.711
2026-09-07 19:28:27.184,19.708
2026-09-07 19:28:28.184,19.802
2026-09-07 19:28:29.184,19.988
2026-09-07 19:28:30.185,19.854
2026-09-07 19:28:31.185,19.715
2026-09-07 19:28:32.185,19.740
2026-09-07 19:28:33.185,19.734
2026-09-07 19:28:34.186,19.699
2026-09-07 19:28:35.186,19.718
2026-09-07 19:28:36.186,19.820
2026-09-07 19:28:37.186,19.959
2026-09-07 19:28:38.186,19.824
2026-09-07 19:28:39.187,19.709
2026-09-07 19:28:40.187,19.692
2026-09-07 19:28:41.187,19.696
2026-09-07 19:28:42.187,19.712
2026-09-07 19:28:43.187,19.708
2026-09-07 19:28:44.188,19.824
2026-09-07 19:28:45.188,19.946
2026-09-07 19:28:46.188,19.853
2026-09-07 19:28:47.188,19.814
2026-09-07 19:28:48.189,19.712
2026-09-07 19:28:49.189,19.856
2026-09-07 19:28:50.189,19.746
2026-09-07 19:28:51.189,19.792
2026-09-07 19:28:52.189,19.867
2026-09-07 19:28:53.190,19.799
2026-09-07 19:28:54.190,19.976
2026-09-07 19:28:55.190,19.771
2026-09-07 19:28:56.190,19.859
2026-09-07 19:28:57.191,20.792
2026-09-07 19:28:58.191,22.933
2026-09-07 19:28:59.191,20.781
2026-09-07 19:29:00.191,21.320
2026-09-07 19:29:01.192,21.809
2026-09-07 19:29:02.192,21.361
2026-09-07 19:29:03.192,22.422
2026-09-07 19:29:04.192,19.956
2026-09-07 19:29:05.193,19.049
2026-09-07 19:29:06.193,18.843
2026-09-07 19:29:07.193,18.670
2026-09-07 19:29:08.193,18.527
2026-09-07 19:29:09.194,18.455
2026-09-07 19:29:10.194,19.430
2026-09-07 19:29:11.194,16.797
2026-09-07 19:29:12.194,18.316
2026-09-07 19:29:13.194,17.170
2026-09-07 19:29:14.195,16.872
2026-09-07 19:29:15.195,17.391
2026-09-07 19:29:16.195,19.122
2026-09-07 19:29:17.195,19.288
2026-09-07 19:29:18.196,19.217
2026-09-07 19:29:19.196,19.182
2026-09-07 19:29:20.196,19.231
2026-09-07 19:29:21.197,19.241
2026-09-07 19:29:22.197,19.183
2026-09-07 19:29:23.197,19.066
2026-09-07 19:29:24.197,19.169
2026-09-07 19:29:25.198,19.200
2026-09-07 19:29:26.198,19.294
2026-09-07 19:29:27.198,19.304
2026-09-07 19:29:28.198,19.261
2026-09-07 19:29:29.199,19.236
2026-09-07 19:29:30.199,19.257
2026-09-07 19:29:31.199,19.669
2026-09-07 19:29:32.199,18.095
2026-09-07 19:29:33.200,18.114
2026-09-07 19:29:34.200,21.206
2026-09-07 19:29:35.200,21.345
2026-09-07 19:29:36.200,21.346
2026-09-07 19:29:37.200,21.166
2026-09-07 19:29:38.201,21.216
2026-09-07 19:29:39.201,21.181
2026-09-07 19:29:40.201,21.217
2026-09-07 19:29:41.201,21.281
2026-09-07 19:29:42.201,21.150
2026-09-07 19:29:43.202,21.184
2026-09-07 19:29:44.202,21.196
2026-09-07 19:29:45.202,21.216
2026-09-07 19:29:46.202,21.187
2026-09-07 19:29:47.203,21.331
2026-09-07 19:29:48.203,21.210
2026-09-07 19:29:49.203,21.339
2026-09-07 19:29:50.203,21.240
2026-09-07 19:29:51.203,21.209
2026-09-07 19:29:52.204,21.212
2026-09-07 19:29:53.204,21.329
2026-09-07 19:29:54.204,21.282
2026-09-07 19:29:55.204,21.383
2026-09-07 19:29:56.204,21.294
2026-09-07 19:29:57.205,21.273
2026-09-07 19:29:58.205,21.286
2026-09-07 19:29:59.205,21.296
2026-09-07 19:30:00.205,21.410
2026-09-07 19:30:01.206,21.487
2026-09-07 19:30:02.206,21.264
2026-09-07 19:30:03.206,21.402
2026-09-07 19:30:04.206,21.276
2026-09-07 19:30:05.206,21.304
2026-09-07 19:30:06.207,21.113
2026-09-07 19:30:07.207,21.427
2026-09-07 19:30:08.207,21.340
2026-09-07 19:30:09.207,21.291
2026-09-07 19:30:10.207,21.305
2026-09-07 19:30:11.208,21.377
2026-09-07 19:30:12.208,21.274
2026-09-07 19:30:13.208,21.187
2026-09-07 19:30:14.208,21.411
2026-09-07 19:30:15.208,21.290
2026-09-07 19:30:16.209,21.296
2026-09-07 19:30:17.209,21.150
2026-09-07 19:30:18.209,21.184
2026-09-07 19:30:19.209,21.257
2026-09-07 19:30:20.210,21.389
2026-09-07 19:30:21.210,21.287
2026-09-07 19:30:22.210,21.313
2026-09-07 19:30:23.210,21.289
2026-09-07 19:30:24.210,21.174
2026-09-07 19:30:25.210,21.180
2026-09-07 19:30:26.211,21.264
2026-09-07 19:30:27.211,21.314
2026-09-07 19:30:28.211,21.291
2026-09-07 19:30:29.211,21.304
2026-09-07 19:30:30.212,21.334
2026-09-07 19:30:31.212,21.436
2026-09-07 19:30:32.212,21.347
2026-09-07 19:30:33.212,21.298
2026-09-07 19:30:34.212,21.340
2026-09-07 19:30:35.213,21.322
2026-09-07 19:30:36.213,21.319
2026-09-07 19:30:37.213,21.338
2026-09-07 19:30:38.213,21.452
2026-09-07 19:30:39.213,21.512
2026-09-07 19:30:40.214,21.322
2026-09-07 19:30:41.214,21.376
2026-09-07 19:30:42.218,21.355
2026-09-07 19:30:43.218,21.356
2026-09-07 19:30:44.218,21.317
2026-09-07 19:30:45.218,21.340
2026-09-07 19:30:46.219,21.348
2026-09-07 19:30:47.219,21.301
2026-09-07 19:30:48.219,21.343
2026-09-07 19:30:49.219,21.338
2026-09-07 19:30:50.220,21.295
2026-09-07 19:30:51.220,21.296
2026-09-07 19:30:52.220,21.195
2026-09-07 19:30:53.220,21.766
2026-09-07 19:30:54.220,20.497
2026-09-07 19:30:55.221,20.761
2026-09-07 19:30:56.221,20.567
2026-09-07 19:30:57.221,20.515
2026-09-07 19:30:58.221,20.545
2026-09-07 19:30:59.222,20.635
2026-09-07 19:31:00.222,20.685
2026-09-07 19:31:01.222,20.545
2026-09-07 19:31:02.222,20.527
2026-09-07 19:31:03.222,20.385
2026-09-07 19:31:04.223,20.389
2026-09-07 19:31:05.223,20.567
2026-09-07 19:31:06.223,20.514
2026-09-07 19:31:07.224,20.518
2026-09-07 19:31:08.224,20.575
2026-09-07 19:31:09.224,20.527
2026-09-07 19:31:10.224,20.551
2026-09-07 19:31:11.225,20.594
2026-09-07 19:31:12.225,20.572
2026-09-07 19:31:13.225,20.646
2026-09-07 19:31:14.226,20.489
2026-09-07 19:31:15.226,20.501
2026-09-07 19:31:16.226,20.624
2026-09-07 19:31:17.226,20.467
2026-09-07 19:31:18.227,20.481
2026-09-07 19:31:19.227,20.482
2026-09-07 19:31:20.227,20.614
2026-09-07 19:31:21.228,20.652
2026-09-07 19:31:22.228,20.511
2026-09-07 19:31:23.228,20.499
2026-09-07 19:31:24.229,20.636
2026-09-07 19:31:25.229,20.532
2026-09-07 19:31:26.229,20.473
2026-09-07 19:31:27.229,20.492
2026-09-07 19:31:28.230,20.657
2026-09-07 19:31:29.230,20.496
2026-09-07 19:31:30.230,20.523
2026-09-07 19:31:31.231,20.501
2026-09-07 19:31:32.231,20.682
2026-09-07 19:31:33.231,20.555
2026-09-07 19:31:34.231,20.541
2026-09-07 19:31:35.232,20.560
2026-09-07 19:31:36.232,20.753
2026-09-07 19:31:37.232,20.756
2026-09-07 19:31:38.232,20.655
2026-09-07 19:31:39.233,20.684
2026-09-07 19:31:40.233,20.782
2026-09-07 19:31:41.233,20.965
2026-09-07 19:31:42.234,20.691
2026-09-07 19:31:43.234,20.721
2026-09-07 19:31:44.234,20.749
2026-09-07 19:31:45.234,20.705
2026-09-07 19:31:46.235,20.856
2026-09-07 19:31:47.235,20.760
2026-09-07 19:31:48.235,20.727
2026-09-07 19:31:49.236,20.909
2026-09-07 19:31:50.236,20.680
2026-09-07 19:31:51.236,20.783
2026-09-07 19:31:52.237,20.764
2026-09-07 19:31:53.237,20.985
2026-09-07 19:31:54.237,20.959
2026-09-07 19:31:55.238,20.792
2026-09-07 19:31:56.238,20.861
2026-09-07 19:31:57.238,21.011
2026-09-07 19:31:58.238,20.896
2026-09-07 19:31:59.239,21.024
2026-09-07 19:32:00.239,21.108
2026-09-07 19:32:01.239,21.106
2026-09-07 19:32:02.240,21.146
2026-09-07 19:32:03.240,21.160
2026-09-07 19:32:04.240,21.188
2026-09-07 19:32:05.241,21.395
2026-09-07 19:32:06.241,21.226
2026-09-07 19:32:07.241,21.251
2026-09-07 19:32:08.242,21.263
2026-09-07 19:32:09.242,21.435
2026-09-07 19:32:10.242,21.299
2026-09-07 19:32:11.243,21.389
2026-09-07 19:32:12.243,21.411
2026-09-07 19:32:13.243,21.377
2026-09-07 19:32:14.243,21.418
2026-09-07 19:32:15.244,21.487
2026-09-07 19:32:16.244,21.516
2026-09-07 19:32:17.244,21.835
2026-09-07 19:32:18.245,21.618
2026-09-07 19:32:19.245,21.716
2026-09-07 19:32:20.245,21.827
2026-09-07 19:32:21.245,22.194
2026-09-07 19:32:22.246,22.363
2026-09-07 19:32:23.246,22.222
2026-09-07 19:32:24.246,21.457
2026-09-07 19:32:25.247,22.726
2026-09-07 19:32:26.247,22.529
2026-09-07 19:32:27.247,22.568
2026-09-07 19:32:28.247,22.621
2026-09-07 19:32:29.248,22.616
2026-09-07 19:32:30.248,22.517
2026-09-07 19:32:31.248,22.761
2026-09-07 19:32:32.249,22.901
2026-09-07 19:32:33.249,22.941
2026-09-07 19:32:34.249,22.644
2026-09-07 19:32:35.249,22.608
2026-09-07 19:32:36.250,22.575
2026-09-07 19:32:37.250,22.444
2026-09-07 19:32:38.250,22.393
2026-09-07 19:32:39.251,22.268
2026-09-07 19:32:40.251,22.148
2026-09-07 19:32:41.251,22.055
2026-09-07 19:32:42.252,22.026
2026-09-07 19:32:43.252,22.016
2026-09-07 19:32:44.252,22.081
2026-09-07 19:32:45.252,21.935
2026-09-07 19:32:46.253,21.893
2026-09-07 19:32:47.253,21.919
2026-09-07 19:32:48.253,22.386
2026-09-07 19:32:49.254,21.151
2026-09-07 19:32:50.254,21.135
2026-09-07 19:32:51.254,21.247
2026-09-07 19:32:52.254,21.256
2026-09-07 19:32:53.255,21.166
2026-09-07 19:32:54.255,21.147
2026-09-07 19:32:55.255,21.130
2026-09-07 19:32:56.255,21.111
2026-09-07 19:32:57.255,21.168
2026-09-07 19:32:58.256,21.161
2026-09-07 19:32:59.256,21.269
2026-09-07 19:33:00.256,21.390
2026-09-07 19:33:01.256,21.163
2026-09-07 19:33:02.257,21.160
2026-09-07 19:33:03.257,21.215
2026-09-07 19:33:04.257,21.317
2026-09-07 19:33:05.257,20.947
2026-09-07 19:33:06.258,21.146
2026-09-07 19:33:07.258,21.165
2026-09-07 19:33:08.258,21.163
2026-09-07 19:33:09.258,21.127
2026-09-07 19:33:10.258,21.177
2026-09-07 19:33:11.259,21.245
2026-09-07 19:33:12.259,21.266
2026-09-07 19:33:13.259,21.282
2026-09-07 19:33:14.259,21.190
2026-09-07 19:33:15.260,21.148
2026-09-07 19:33:16.260,21.263
2026-09-07 19:33:17.260,21.149
2026-09-07 19:33:18.260,21.183
2026-09-07 19:33:19.261,21.161
2026-09-07 19:33:20.261,21.013
2026-09-07 19:33:21.261,21.159
2026-09-07 19:33:22.261,21.146
2026-09-07 19:33:23.262,21.147
2026-09-07 19:33:24.262,21.247
2026-09-07 19:33:25.262,21.109
2026-09-07 19:33:26.262,21.136
2026-09-07 19:33:27.263,21.144
2026-09-07 19:33:28.263,21.253
2026-09-07 19:33:29.263,21.104
2026-09-07 19:33:30.263,21.235
2026-09-07 19:33:31.264,21.142
2026-09-07 19:33:32.264,21.230
2026-09-07 19:33:33.264,21.106
2026-09-07 19:33:34.264,21.118
2026-09-07 19:33:35.264,21.165
2026-09-07 19:33:36.265,21.241
2026-09-07 19:33:37.265,21.147
2026-09-07 19:33:38.265,21.136
2026-09-07 19:33:39.265,21.189
2026-09-07 19:33:40.266,21.265
2026-09-07 19:33:41.266,21.331
2026-09-07 19:33:42.266,21.160
2026-09-07 19:33:43.266,21.133
2026-09-07 19:33:44.267,21.164
2026-09-07 19:33:45.267,21.291
2026-09-07 19:33:46.267,20.983
2026-09-07 19:33:47.267,21.053
2026-09-07 19:33:48.267,21.166
2026-09-07 19:33:49.268,21.267
2026-09-07 19:33:50.268,21.155
2026-09-07 19:33:51.268,21.169
2026-09-07 19:33:52.268,21.170
2026-09-07 19:33:53.269,21.286
2026-09-07 19:33:54.269,21.251
2026-09-07 19:33:55.269,21.160
2026-09-07 19:33:56.269,21.184
2026-09-07 19:33:57.270,21.176
2026-09-07 19:33:58.270,21.173
2026-09-07 19:33:59.270,21.177
2026-09-07 19:34:00.270,21.197
2026-09-07 19:34:01.271,21.128
2026-09-07 19:34:02.271,21.145
2026-09-07 19:34:03.271,21.145
2026-09-07 19:34:04.271,21.150
2026-09-07 19:34:05.272,21.126
2026-09-07 19:34:06.272,21.207
2026-09-07 19:34:07.272,21.107
2026-09-07 19:34:08.272,21.128
2026-09-07 19:34:09.273,21.269
2026-09-07 19:34:10.273,21.125
2026-09-07 19:34:11.273,21.194
2026-09-07 19:34:12.273,21.177
2026-09-07 19:34:13.274,21.134
2026-09-07 19:34:14.274,21.165
2026-09-07 19:34:15.274,21.185
2026-09-07 19:34:16.274,21.155
2026-09-07 19:34:17.274,21.241
2026-09-07 19:34:18.275,21.144
2026-09-07 19:34:19.275,21.158
2026-09-07 19:34:20.275,21.169
2026-09-07 19:34:21.275,21.273
2026-09-07 19:34:22.276,21.318
2026-09-07 19:34:23.276,21.176
2026-09-07 19:34:24.276,21.176
2026-09-07 19:34:25.276,21.197
2026-09-07 19:34:26.277,21.354
2026-09-07 19:34:27.277,21.120
2026-09-07 19:34:28.280,20.934
2026-09-07 19:34:29.280,21.175
2026-09-07 19:34:30.280,21.307
2026-09-07 19:34:31.280,21.168
2026-09-07 19:34:32.281,21.172
2026-09-07 19:34:33.281,21.161
2026-09-07 19:34:34.281,21.254
2026-09-07 19:34:35.281,21.223
2026-09-07 19:34:36.282,21.130
2026-09-07 19:34:37.282,21.134
2026-09-07 19:34:38.282,21.257
2026-09-07 19:34:39.282,21.165
2026-09-07 19:34:40.283,21.139
2026-09-07 19:34:41.283,21.118
2026-09-07 19:34:42.283,21.098
2026-09-07 19:34:43.283,21.215
2026-09-07 19:34:44.284,21.169
2026-09-07 19:34:45.284,21.133
2026-09-07 19:34:46.284,21.256
2026-09-07 19:34:47.285,21.254
2026-09-07 19:34:48.285,21.141
2026-09-07 19:34:49.285,21.011
2026-09-07 19:34:50.285,21.016
2026-09-07 19:34:51.286,21.223
2026-09-07 19:34:52.286,21.108
2026-09-07 19:34:53.286,21.114
2026-09-07 19:34:54.286,21.114
2026-09-07 19:34:55.287,21.147
2026-09-07 19:34:56.287,21.136
2026-09-07 19:34:57.287,21.131
2026-09-07 19:34:58.287,21.135
2026-09-07 19:34:59.287,21.150
2026-09-07 19:35:00.288,21.188
2026-09-07 19:35:01.288,21.154
2026-09-07 19:35:02.288,21.136
2026-09-07 19:35:03.288,21.273
2026-09-07 19:35:04.289,21.238
2026-09-07 19:35:05.289,21.166
2026-09-07 19:35:06.289,21.056
2026-09-07 19:35:07.290,21.202
2026-09-07 19:35:08.290,21.142
2026-09-07 19:35:09.290,20.937
2026-09-07 19:35:10.290,21.160
2026-09-07 19:35:11.290,21.339
2026-09-07 19:35:12.291,21.147
2026-09-07 19:35:13.291,21.154
2026-09-07 19:35:14.291,21.172
2026-09-07 19:35:15.291,21.170
2026-09-07 19:35:16.292,21.192
2026-09-07 19:35:17.292,21.167
2026-09-07 19:35:18.292,21.146
2026-09-07 19:35:19.292,21.266
2026-09-07 19:35:20.293,21.280
2026-09-07 19:35:21.293,21.135
2026-09-07 19:35:22.293,21.138
2026-09-07 19:35:23.293,21.268
2026-09-07 19:35:24.294,21.231
2026-09-07 19:35:25.294,21.125
2026-09-07 19:35:26.294,21.123
2026-09-07 19:35:27.294,21.245
2026-09-07 19:35:28.295,21.207
2026-09-07 19:35:29.295,21.143
2026-09-07 19:35:30.295,21.136
2026-09-07 19:35:31.295,21.245
2026-09-07 19:35:32.296,21.113
2026-09-07 19:35:33.296,21.116
2026-09-07 19:35:34.296,21.127
2026-09-07 19:35:35.296,21.327
2026-09-07 19:35:36.297,21.293
2026-09-07 19:35:37.297,21.200
2026-09-07 19:35:38.297,21.153
2026-09-07 19:35:39.297,21.271
2026-09-07 19:35:40.298,21.285
2026-09-07 19:35:41.298,21.164
2026-09-07 19:35:42.298,21.174
2026-09-07 19:35:43.298,21.310
2026-09-07 19:35:44.299,21.350
2026-09-07 19:35:45.299,21.241
2026-09-07 19:35:46.299,21.201
2026-09-07 19:35:47.299,21.247
2026-09-07 19:35:48.300,21.366
2026-09-07 19:35:49.300,21.297
2026-09-07 19:35:50.300,21.093
2026-09-07 19:35:51.300,21.024
2026-09-07 19:35:52.301,21.301
2026-09-07 19:35:53.301,21.302
2026-09-07 19:35:54.301,21.194
2026-09-07 19:35:55.301,21.174
2026-09-07 19:35:56.302,21.319
2026-09-07 19:35:57.302,21.186
2026-09-07 19:35:58.302,21.189
2026-09-07 19:35:59.302,21.193
2026-09-07 19:36:00.303,21.106
2026-09-07 19:36:01.303,21.191
2026-09-07 19:36:02.303,21.185
2026-09-07 19:36:03.303,21.178
2026-09-07 19:36:04.304,21.270
2026-09-07 19:36:05.304,21.346
2026-09-07 19:36:06.304,21.180
2026-09-07 19:36:07.304,21.156
2026-09-07 19:36:08.305,21.298
2026-09-07 19:36:09.305,21.269
2026-09-07 19:36:10.305,21.175
2026-09-07 19:36:11.305,21.258
2026-09-07 19:36:12.306,21.281
2026-09-07 19:36:13.306,21.279
2026-09-07 19:36:14.306,21.166
2026-09-07 19:36:15.306,21.187
2026-09-07 19:36:16.307,21.325
2026-09-07 19:36:17.307,21.315
2026-09-07 19:36:18.307,21.226
2026-09-07 19:36:19.307,21.219
2026-09-07 19:36:20.308,21.375
2026-09-07 19:36:21.308,21.515
2026-09-07 19:36:22.308,21.301
2026-09-07 19:36:23.308,21.294
2026-09-07 19:36:24.309,21.472
2026-09-07 19:36:25.309,21.598
2026-09-07 19:36:26.309,21.530
2026-09-07 19:36:27.309,21.515
2026-09-07 19:36:28.310,21.574
2026-09-07 19:36:29.310,21.590
2026-09-07 19:36:30.310,21.753
2026-09-07 19:36:31.310,21.634
2026-09-07 19:36:32.311,21.467
2026-09-07 19:36:33.311,21.732
2026-09-07 19:36:34.311,21.551
2026-09-07 19:36:35.311,21.680
2026-09-07 19:36:36.312,21.696
2026-09-07 19:36:37.312,21.680
2026-09-07 19:36:38.312,21.923
2026-09-07 19:36:39.312,21.652
2026-09-07 19:36:40.313,21.661
2026-09-07 19:36:41.313,21.689
2026-09-07 19:36:42.313,21.758
2026-09-07 19:36:43.313,21.649
2026-09-07 19:36:44.313,21.969
2026-09-07 19:36:45.314,22.649
2026-09-07 19:36:46.314,22.846
2026-09-07 19:36:47.314,22.667
2026-09-07 19:36:48.315,22.793
2026-09-07 19:36:49.315,22.923
2026-09-07 19:36:50.315,22.745
2026-09-07 19:36:51.315,22.663
2026-09-07 19:36:52.316,22.484
2026-09-07 19:36:53.316,22.316
2026-09-07 19:36:54.316,22.189
2026-09-07 19:36:55.317,22.715
2026-09-07 19:36:56.317,22.317
2026-09-07 19:36:57.317,22.827
2026-09-07 19:36:58.317,23.093
2026-09-07 19:36:59.318,23.627
2026-09-07 19:37:00.318,23.123
2026-09-07 19:37:01.318,21.579
2026-09-07 19:37:02.319,21.687
2026-09-07 19:37:03.319,23.416
2026-09-07 19:37:04.319,21.099
2026-09-07 19:37:05.319,21.384
2026-09-07 19:37:06.319,21.880
2026-09-07 19:37:07.320,21.544
2026-09-07 19:37:08.320,21.201
2026-09-07 19:37:09.320,21.031
2026-09-07 19:37:10.320,21.335
2026-09-07 19:37:11.321,22.055
2026-09-07 19:37:12.321,24.260
2026-09-07 19:37:13.321,20.510
2026-09-07 19:37:14.322,18.087
2026-09-07 19:37:15.322,21.563
2026-09-07 19:37:16.322,21.600
2026-09-07 19:37:17.323,21.531
2026-09-07 19:37:18.323,17.387
2026-09-07 19:37:19.323,21.890
2026-09-07 19:37:20.324,22.031
2026-09-07 19:37:21.324,21.575
2026-09-07 19:37:22.324,17.080
2026-09-07 19:37:23.325,20.890
2026-09-07 19:37:24.325,21.457
2026-09-07 19:37:25.325,21.417
2026-09-07 19:37:26.325,19.411
2026-09-07 19:37:27.326,24.479
2026-09-07 19:37:28.326,21.290
2026-09-07 19:37:29.326,21.574
2026-09-07 19:37:30.327,21.365
2026-09-07 19:37:31.327,21.095
2026-09-07 19:37:32.327,23.478
2026-09-07 19:37:33.328,20.858
2026-09-07 19:37:34.328,21.670
2026-09-07 19:37:35.328,21.694
2026-09-07 19:37:36.328,21.349
2026-09-07 19:37:37.329,20.834
2026-09-07 19:37:38.329,8.907
2026-09-07 19:37:39.329,20.400
2026-09-07 19:37:40.330,20.883
2026-09-07 19:37:41.330,21.231
2026-09-07 19:37:42.330,21.540
2026-09-07 19:37:43.331,21.508
2026-09-07 19:37:44.331,21.599
2026-09-07 19:37:45.331,21.364
2026-09-07 19:37:46.332,21.328
2026-09-07 19:37:47.332,20.374
2026-09-07 19:37:48.332,18.075
2026-09-07 19:37:49.332,18.157
2026-09-07 19:37:50.333,18.019
2026-09-07 19:37:51.333,18.041
2026-09-07 19:37:52.333,18.025
2026-09-07 19:37:53.334,18.011
2026-09-07 19:37:54.334,18.113
2026-09-07 19:37:55.334,18.150
2026-09-07 19:37:56.334,18.153
2026-09-07 19:37:57.335,18.036
2026-09-07 19:37:58.335,18.023
2026-09-07 19:37:59.335,18.052
2026-09-07 19:38:00.336,18.059
2026-09-07 19:38:01.336,18.019
2026-09-07 19:38:02.336,18.028
2026-09-07 19:38:03.337,18.131
2026-09-07 19:38:04.337,18.129
2026-09-07 19:38:05.337,18.004
2026-09-07 19:38:06.337,18.119
2026-09-07 19:38:07.338,18.023
2026-09-07 19:38:08.338,18.010
2026-09-07 19:38:09.338,18.036
2026-09-07 19:38:10.339,18.023
2026-09-07 19:38:11.339,18.058
2026-09-07 19:38:12.339,18.004
2026-09-07 19:38:13.339,18.020
2026-09-07 19:38:14.340,18.005
2026-09-07 19:38:15.340,18.111
2026-09-07 19:38:16.340,18.004
2026-09-07 19:38:17.340,18.018
2026-09-07 19:38:18.341,17.982
2026-09-07 19:38:19.341,17.997
2026-09-07 19:38:20.341,18.044
2026-09-07 19:38:21.342,17.987
2026-09-07 19:38:22.342,18.228
2026-09-07 19:38:23.342,18.088
2026-09-07 19:38:24.342,18.016
2026-09-07 19:38:25.343,17.988
2026-09-07 19:38:26.343,17.990
2026-09-07 19:38:27.343,17.986
2026-09-07 19:38:28.344,18.020
2026-09-07 19:38:29.344,17.996
2026-09-07 19:38:30.344,18.106
2026-09-07 19:38:31.344,18.074
2026-09-07 19:38:32.345,17.995
2026-09-07 19:38:33.345,17.958
2026-09-07 19:38:34.345,17.968
2026-09-07 19:38:35.346,17.962
2026-09-07 19:38:36.346,17.987
2026-09-07 19:38:37.346,18.089
2026-09-07 19:38:38.346,17.940
2026-09-07 19:38:39.347,18.073
2026-09-07 19:38:40.347,18.000
2026-09-07 19:38:41.347,17.933
2026-09-07 19:38:42.348,17.950
2026-09-07 19:38:43.348,17.953
2026-09-07 19:38:44.348,17.967
2026-09-07 19:38:45.349,18.078
2026-09-07 19:38:46.349,18.195
2026-09-07 19:38:47.349,18.167
2026-09-07 19:38:48.349,18.081
2026-09-07 19:38:49.350,18.030
2026-09-07 19:38:50.350,17.978
2026-09-07 19:38:51.350,18.006
2026-09-07 19:38:52.351,18.001
2026-09-07 19:38:53.351,18.095
2026-09-07 19:38:54.351,18.081
2026-09-07 19:38:55.351,18.101
2026-09-07 19:38:56.352,18.079
2026-09-07 19:38:57.352,18.101
2026-09-07 19:38:58.352,17.962
2026-09-07 19:38:59.353,17.986
2026-09-07 19:39:00.353,18.071
2026-09-07 19:39:01.353,17.985
2026-09-07 19:39:02.353,18.082
2026-09-07 19:39:03.354,18.085
2026-09-07 19:39:04.354,18.094
2026-09-07 19:39:05.354,17.974
2026-09-07 19:39:06.355,18.098
2026-09-07 19:39:07.355,17.983
2026-09-07 19:39:08.355,17.973
2026-09-07 19:39:09.355,17.990
2026-09-07 19:39:10.356,18.096
2026-09-07 19:39:11.356,18.147
2026-09-07 19:39:12.356,18.073
2026-09-07 19:39:13.357,17.904
2026-09-07 19:39:14.357,17.948
2026-09-07 19:39:15.357,17.930
2026-09-07 19:39:16.357,17.957
2026-09-07 19:39:17.358,17.922
2026-09-07 19:39:18.358,18.067
2026-09-07 19:39:19.358,18.051
2026-09-07 19:39:20.359,18.200
2026-09-07 19:39:21.359,18.054
2026-09-07 19:39:22.359,17.972
2026-09-07 19:39:23.359,18.055
2026-09-07 19:39:24.360,18.072
2026-09-07 19:39:25.360,17.961
2026-09-07 19:39:26.360,17.953
2026-09-07 19:39:27.361,18.064
2026-09-07 19:39:28.361,18.192
2026-09-07 19:39:29.361,18.164
2026-09-07 19:39:30.361,18.100
2026-09-07 19:39:31.362,17.960
2026-09-07 19:39:32.362,18.071
2026-09-07 19:39:33.362,17.958
2026-09-07 19:39:34.363,17.952
2026-09-07 19:39:35.363,17.960
2026-09-07 19:39:36.363,17.955
2026-09-07 19:39:37.363,17.921
2026-09-07 19:39:38.364,17.999
2026-09-07 19:39:39.364,17.817
2026-09-07 19:39:40.364,18.030
2026-09-07 19:39:41.364,17.942
2026-09-07 19:39:42.365,17.905
2026-09-07 19:39:43.365,17.922
2026-09-07 19:39:44.365,17.914
2026-09-07 19:39:45.366,18.065
2026-09-07 19:39:46.366,17.945
2026-09-07 19:39:47.366,17.996
2026-09-07 19:39:48.366,17.945
2026-09-07 19:39:49.367,17.951
2026-09-07 19:39:50.367,17.914
2026-09-07 19:39:51.367,18.038
2026-09-07 19:39:52.368,18.075
2026-09-07 19:39:53.368,17.929
2026-09-07 19:39:54.368,18.037
2026-09-07 19:39:55.368,18.038
2026-09-07 19:39:56.369,17.947
2026-09-07 19:39:57.369,17.921
2026-09-07 19:39:58.369,18.034
2026-09-07 19:39:59.369,17.923
2026-09-07 19:40:00.370,18.119
2026-09-07 19:40:01.370,17.928
2026-09-07 19:40:02.370,18.183
2026-09-07 19:40:03.370,18.056
2026-09-07 19:40:04.371,17.934
2026-09-07 19:40:05.371,17.947
2026-09-07 19:40:06.371,17.910
2026-09-07 19:40:07.372,17.936
2026-09-07 19:40:08.372,17.931
2026-09-07 19:40:09.372,18.070
2026-09-07 19:40:10.372,18.146
2026-09-07 19:40:11.373,17.978
2026-09-07 19:40:12.373,17.911
2026-09-07 19:40:13.373,17.895
2026-09-07 19:40:14.373,17.919
2026-09-07 19:40:15.374,17.914
2026-09-07 19:40:16.374,18.043
2026-09-07 19:40:17.374,18.031
2026-09-07 19:40:18.374,18.209
2026-09-07 19:40:19.375,18.153
2026-09-07 19:40:20.375,18.045
2026-09-07 19:40:21.375,18.038
2026-09-07 19:40:22.376,17.924
2026-09-07 19:40:23.376,18.065
2026-09-07 19:40:24.376,17.906
2026-09-07 19:40:25.376,18.024
2026-09-07 19:40:26.377,18.177
2026-09-07 19:40:27.377,18.158
2026-09-07 19:40:28.377,18.072
2026-09-07 19:40:29.378,17.922
2026-09-07 19:40:30.378,18.057
2026-09-07 19:40:31.378,17.927
2026-09-07 19:40:32.378,17.906
2026-09-07 19:40:33.379,18.026
2026-09-07 19:40:34.379,18.031
2026-09-07 19:40:35.379,18.145
2026-09-07 19:40:36.380,18.164
2026-09-07 19:40:37.380,17.896
2026-09-07 19:40:38.380,17.915
2026-09-07 19:40:39.380,18.069
2026-09-07 19:40:40.381,19.148
2026-09-07 19:40:41.381,21.401
2026-09-07 19:40:42.381,19.673
2026-09-07 19:40:43.382,23.189
2026-09-07 19:40:44.382,21.277
2026-09-07 19:40:45.382,21.493
2026-09-07 19:40:46.382,21.263
2026-09-07 19:40:47.383,21.510
2026-09-07 19:40:48.383,19.730
2026-09-07 19:40:49.383,19.739
2026-09-07 19:40:50.383,19.853
2026-09-07 19:40:51.384,19.953
2026-09-07 19:40:52.384,19.909
2026-09-07 19:40:53.384,19.705
2026-09-07 19:40:54.385,19.769
2026-09-07 19:40:55.385,19.782
2026-09-07 19:40:56.385,19.822
2026-09-07 19:40:57.385,19.668
2026-09-07 19:40:58.386,19.693
2026-09-07 19:40:59.386,19.765
2026-09-07 19:41:00.386,19.783
2026-09-07 19:41:01.386,19.717
2026-09-07 19:41:02.387,19.736
2026-09-07 19:41:03.387,19.639
2026-09-07 19:41:04.387,19.701
2026-09-07 19:41:05.387,19.732
2026-09-07 19:41:06.388,19.718
2026-09-07 19:41:07.388,19.739
2026-09-07 19:41:08.388,19.728
2026-09-07 19:41:09.389,19.625
2026-09-07 19:41:10.389,19.737
2026-09-07 19:41:11.389,19.823
2026-09-07 19:41:12.389,19.740
2026-09-07 19:41:13.390,19.728
2026-09-07 19:41:14.390,19.741
2026-09-07 19:41:15.390,19.867
2026-09-07 19:41:16.390,19.825
2026-09-07 19:41:17.391,19.863
2026-09-07 19:41:18.391,19.837
2026-09-07 19:41:19.391,19.726
2026-09-07 19:41:20.391,19.739
2026-09-07 19:41:21.392,19.733
2026-09-07 19:41:22.392,19.747
2026-09-07 19:41:23.392,19.840
2026-09-07 19:41:24.393,20.033
2026-09-07 19:41:25.393,19.988
2026-09-07 19:41:26.393,19.761
2026-09-07 19:41:27.393,19.727
2026-09-07 19:41:28.394,19.786
2026-09-07 19:41:29.394,19.747
2026-09-07 19:41:30.394,19.740
2026-09-07 19:41:31.394,19.748
2026-09-07 19:41:32.395,19.771
2026-09-07 19:41:33.395,19.981
2026-09-07 19:41:34.395,19.747
2026-09-07 19:41:35.395,19.738
2026-09-07 19:41:36.396,19.844
2026-09-07 19:41:37.396,19.767
2026-09-07 19:41:38.396,19.744
2026-09-07 19:41:39.396,19.754
2026-09-07 19:41:40.397,19.949
2026-09-07 19:41:41.397,19.885
2026-09-07 19:41:42.397,19.866
2026-09-07 19:41:43.398,19.742
2026-09-07 19:41:44.398,19.761
2026-09-07 19:41:45.398,19.746
2026-09-07 19:41:46.398,19.744
2026-09-07 19:41:47.399,19.760
2026-09-07 19:41:48.399,19.867
2026-09-07 19:41:49.399,19.982
2026-09-07 19:41:50.399,19.876
2026-09-07 19:41:51.400,19.853
2026-09-07 19:41:52.400,19.731
2026-09-07 19:41:53.400,19.730
2026-09-07 19:41:54.400,19.741
2026-09-07 19:41:55.401,19.732
2026-09-07 19:41:56.401,19.854
2026-09-07 19:41:57.401,19.853
2026-09-07 19:41:58.401,19.879
2026-09-07 19:41:59.402,19.741
2026-09-07 19:42:00.402,19.803
2026-09-07 19:42:01.402,19.727
2026-09-07 19:42:02.403,19.757
2026-09-07 19:42:03.403,19.736
2026-09-07 19:42:04.403,19.872
2026-09-07 19:42:05.403,19.987
2026-09-07 19:42:06.404,19.903
2026-09-07 19:42:07.404,19.742
2026-09-07 19:42:08.404,19.739
2026-09-07 19:42:09.404,19.740
2026-09-07 19:42:10.405,19.767
2026-09-07 19:42:11.405,19.808
2026-09-07 19:42:12.405,19.857
2026-09-07 19:42:13.405,19.909
2026-09-07 19:42:14.406,19.904
2026-09-07 19:42:15.406,19.869
2026-09-07 19:42:16.406,19.751
2026-09-07 19:42:17.407,19.758
2026-09-07 19:42:18.407,19.748
2026-09-07 19:42:19.407,19.811
2026-09-07 19:42:20.407,19.870
2026-09-07 19:42:21.408,19.940
2026-09-07 19:42:22.408,19.837
2026-09-07 19:42:23.408,19.744
2026-09-07 19:42:24.409,19.747
2026-09-07 19:42:25.409,19.754
2026-09-07 19:42:26.409,19.726
2026-09-07 19:42:27.409,19.649
2026-09-07 19:42:28.410,19.736
2026-09-07 19:42:29.410,19.738
2026-09-07 19:42:30.410,19.888
2026-09-07 19:42:31.410,19.760
2026-09-07 19:42:32.411,20.732
2026-09-07 19:42:33.411,23.055
2026-09-07 19:42:34.411,20.758
2026-09-07 19:42:35.412,21.144
2026-09-07 19:42:36.412,21.845
2026-09-07 19:42:37.412,21.419
2026-09-07 19:42:38.412,22.371
2026-09-07 19:42:39.413,20.351
2026-09-07 19:42:40.413,19.170
2026-09-07 19:42:41.413,18.922
2026-09-07 19:42:42.414,18.765
2026-09-07 19:42:43.414,18.701
2026-09-07 19:42:44.414,18.520
2026-09-07 19:42:45.415,19.816
2026-09-07 19:42:46.415,16.977
2026-09-07 19:42:47.415,18.242
2026-09-07 19:42:48.415,17.664
2026-09-07 19:42:49.416,17.058
2026-09-07 19:42:50.416,17.437
2026-09-07 19:42:51.416,19.228
2026-09-07 19:42:52.417,19.368
2026-09-07 19:42:53.417,19.334
2026-09-07 19:42:54.417,19.297
2026-09-07 19:42:55.417,19.353
2026-09-07 19:42:56.418,19.362
2026-09-07 19:42:57.418,19.410
2026-09-07 19:42:58.418,19.194
2026-09-07 19:42:59.418,19.168
2026-09-07 19:43:00.419,19.261
2026-09-07 19:43:01.419,19.187
2026-09-07 19:43:02.419,19.271
2026-09-07 19:43:03.419,19.170
2026-09-07 19:43:04.420,19.156
2026-09-07 19:43:05.420,19.305
2026-09-07 19:43:06.420,19.623
2026-09-07 19:43:07.420,18.150
2026-09-07 19:43:08.421,18.046
2026-09-07 19:43:09.421,21.224
2026-09-07 19:43:10.421,21.232
2026-09-07 19:43:11.421,21.365
2026-09-07 19:43:12.422,21.337
2026-09-07 19:43:13.422,21.239
2026-09-07 19:43:14.422,21.195
2026-09-07 19:43:15.422,21.202
2026-09-07 19:43:16.422,21.245
2026-09-07 19:43:17.423,21.159
2026-09-07 19:43:18.423,21.284
2026-09-07 19:43:19.423,21.210
2026-09-07 19:43:20.423,21.279
2026-09-07 19:43:21.424,21.295
2026-09-07 19:43:22.424,21.178
2026-09-07 19:43:23.424,21.202
2026-09-07 19:43:24.424,21.417
2026-09-07 19:43:25.425,21.345
2026-09-07 19:43:26.425,21.292
2026-09-07 19:43:27.425,21.319
2026-09-07 19:43:28.425,21.320
2026-09-07 19:43:29.425,21.333
2026-09-07 19:43:30.426,21.506
2026-09-07 19:43:31.426,21.299
2026-09-07 19:43:32.426,21.303
2026-09-07 19:43:33.426,21.165
2026-09-07 19:43:34.427,21.344
2026-09-07 19:43:35.427,21.345
2026-09-07 19:43:36.427,21.362
2026-09-07 19:43:37.427,21.392
2026-09-07 19:43:38.427,21.321
2026-09-07 19:43:39.428,21.319
2026-09-07 19:43:40.428,21.411
2026-09-07 19:43:41.428,21.355
2026-09-07 19:43:42.428,21.470
2026-09-07 19:43:43.428,21.388
2026-09-07 19:43:44.429,21.309
2026-09-07 19:43:45.429,21.347
2026-09-07 19:43:46.429,21.370
2026-09-07 19:43:47.429,21.373
2026-09-07 19:43:48.429,21.462
2026-09-07 19:43:49.430,21.434
2026-09-07 19:43:50.430,21.346
2026-09-07 19:43:51.430,21.359
2026-09-07 19:43:52.430,21.357
2026-09-07 19:43:53.430,21.338
2026-09-07 19:43:54.431,21.444
2026-09-07 19:43:55.431,21.337
2026-09-07 19:43:56.431,21.266
2026-09-07 19:43:57.431,21.298
2026-09-07 19:43:58.432,21.266
2026-09-07 19:43:59.432,21.270
2026-09-07 19:44:00.432,21.421
2026-09-07 19:44:01.432,21.534
2026-09-07 19:44:02.432,21.283
2026-09-07 19:44:03.433,21.299
2026-09-07 19:44:04.433,20.849
2026-09-07 19:44:05.433,21.298
2026-09-07 19:44:06.433,21.431
2026-09-07 19:44:07.434,21.600
2026-09-07 19:44:08.434,21.305
2026-09-07 19:44:09.434,21.292
2026-09-07 19:44:10.434,21.279
2026-09-07 19:44:11.435,21.324
2026-09-07 19:44:12.435,21.442
2026-09-07 19:44:13.435,21.610
2026-09-07 19:44:14.435,21.493
2026-09-07 19:44:15.435,21.378
2026-09-07 19:44:16.436,21.337
2026-09-07 19:44:17.436,21.387
2026-09-07 19:44:18.436,21.421
2026-09-07 19:44:19.436,21.378
2026-09-07 19:44:20.436,21.396
2026-09-07 19:44:21.437,21.333
2026-09-07 19:44:22.437,21.302
2026-09-07 19:44:23.437,21.291
2026-09-07 19:44:24.437,21.327
2026-09-07 19:44:25.437,21.210
2026-09-07 19:44:26.438,21.409
2026-09-07 19:44:27.438,21.029
2026-09-07 19:44:28.438,20.755
2026-09-07 19:44:29.439,20.332
2026-09-07 19:44:30.439,20.457
2026-09-07 19:44:31.439,20.356
2026-09-07 19:44:32.439,20.324
2026-09-07 19:44:33.440,20.375
2026-09-07 19:44:34.440,20.324
2026-09-07 19:44:35.440,20.350
2026-09-07 19:44:36.440,20.328
2026-09-07 19:44:37.441,20.310
2026-09-07 19:44:38.441,20.305
2026-09-07 19:44:39.441,20.331
2026-09-07 19:44:40.442,20.444
2026-09-07 19:44:41.442,20.317
2026-09-07 19:44:42.442,20.321
2026-09-07 19:44:43.442,20.472
2026-09-07 19:44:44.443,20.368
2026-09-07 19:44:45.443,20.305
2026-09-07 19:44:46.443,20.326
2026-09-07 19:44:47.443,20.339
2026-09-07 19:44:48.444,20.319
2026-09-07 19:44:49.444,20.313
2026-09-07 19:44:50.444,20.329
2026-09-07 19:44:51.444,20.585
2026-09-07 19:44:52.444,20.334
2026-09-07 19:44:53.445,20.325
2026-09-07 19:44:54.445,20.322
2026-09-07 19:44:55.445,20.316
2026-09-07 19:44:56.445,20.437
2026-09-07 19:44:57.446,20.329
2026-09-07 19:44:58.446,20.314
2026-09-07 19:44:59.446,20.374
2026-09-07 19:45:00.446,20.388
2026-09-07 19:45:01.446,20.361
2026-09-07 19:45:02.447,20.351
2026-09-07 19:45:03.447,20.553
2026-09-07 19:45:04.447,20.463
2026-09-07 19:45:05.447,20.348
2026-09-07 19:45:06.448,20.349
2026-09-07 19:45:07.448,20.217
2026-09-07 19:45:08.448,20.349
2026-09-07 19:45:09.448,20.357
2026-09-07 19:45:10.449,20.420
2026-09-07 19:45:11.449,20.385
2026-09-07 19:45:12.449,20.616
2026-09-07 19:45:13.449,20.364
2026-09-07 19:45:14.450,20.380
2026-09-07 19:45:15.450,20.402
2026-09-07 19:45:16.450,20.639
2026-09-07 19:45:17.451,20.388
2026-09-07 19:45:18.451,20.395
2026-09-07 19:45:19.451,20.309
2026-09-07 19:45:20.451,20.408
2026-09-07 19:45:21.452,20.399
2026-09-07 19:45:22.452,20.413
2026-09-07 19:45:23.452,20.467
2026-09-07 19:45:24.453,20.578
2026-09-07 19:45:25.453,20.458
2026-09-07 19:45:26.453,20.440
2026-09-07 19:45:27.454,20.533
2026-09-07 19:45:28.454,20.735
2026-09-07 19:45:29.454,20.642
2026-09-07 19:45:30.454,20.719
2026-09-07 19:45:31.455,20.692
2026-09-07 19:45:32.455,20.719
2026-09-07 19:45:33.455,20.742
2026-09-07 19:45:34.456,20.730
2026-09-07 19:45:35.456,20.799
2026-09-07 19:45:36.456,20.816
2026-09-07 19:45:37.456,20.832
2026-09-07 19:45:38.457,20.893
2026-09-07 19:45:39.457,20.957
2026-09-07 19:45:40.457,21.192
2026-09-07 19:45:41.458,21.089
2026-09-07 19:45:42.458,21.090
2026-09-07 19:45:43.458,21.107
2026-09-07 19:45:44.459,21.413
2026-09-07 19:45:45.459,21.277
2026-09-07 19:45:46.459,21.164
2026-09-07 19:45:47.460,21.189
2026-09-07 19:45:48.460,21.200
2026-09-07 19:45:49.460,21.089
2026-09-07 19:45:50.460,21.252
2026-09-07 19:45:51.460,21.266
2026-09-07 19:45:52.461,21.338
2026-09-07 19:45:53.461,21.484
2026-09-07 19:45:54.461,21.379
2026-09-07 19:45:55.461,21.431
2026-09-07 19:45:56.462,21.480
2026-09-07 19:45:57.462,21.701
2026-09-07 19:45:58.462,21.625
2026-09-07 19:45:59.462,21.712
2026-09-07 19:46:00.462,21.879
2026-09-07 19:46:01.463,22.294
2026-09-07 19:46:02.463,22.284
2026-09-07 19:46:03.463,22.235
2026-09-07 19:46:04.463,21.398
2026-09-07 19:46:05.464,22.584
2026-09-07 19:46:06.464,22.553
2026-09-07 19:46:07.464,22.570
2026-09-07 19:46:08.464,22.527
2026-09-07 19:46:09.464,22.598
2026-09-07 19:46:10.465,22.667
2026-09-07 19:46:11.465,22.691
2026-09-07 19:46:12.465,22.587
2026-09-07 19:46:13.465,22.657
2026-09-07 19:46:14.466,22.671
2026-09-07 19:46:15.466,22.649
2026-09-07 19:46:16.466,22.688
2026-09-07 19:46:17.466,22.665
2026-09-07 19:46:18.466,22.523
2026-09-07 19:46:19.467,22.520
2026-09-07 19:46:20.467,22.604
2026-09-07 19:46:21.467,22.754
2026-09-07 19:46:22.467,21.220
2026-09-07 19:46:23.468,21.219
2026-09-07 19:46:24.468,21.331
2026-09-07 19:46:25.468,21.331
2026-09-07 19:46:26.468,21.238
2026-09-07 19:46:27.468,21.268
2026-09-07 19:46:28.469,21.259
2026-09-07 19:46:29.469,21.025
2026-09-07 19:46:30.469,21.188
2026-09-07 19:46:31.469,21.263
2026-09-07 19:46:32.470,21.255
2026-09-07 19:46:33.470,21.371
2026-09-07 19:46:34.470,21.222
2026-09-07 19:46:35.470,21.241
2026-09-07 19:46:36.471,21.272
2026-09-07 19:46:37.471,21.355
2026-09-07 19:46:38.471,21.344
2026-09-07 19:46:39.471,21.242
2026-09-07 19:46:40.472,21.248
2026-09-07 19:46:41.472,21.369
2026-09-07 19:46:42.472,21.335
2026-09-07 19:46:43.472,21.206
2026-09-07 19:46:44.472,21.216
2026-09-07 19:46:45.473,21.237
2026-09-07 19:46:46.473,21.318
2026-09-07 19:46:47.473,21.224
2026-09-07 19:46:48.473,21.215
2026-09-07 19:46:49.474,21.189
2026-09-07 19:46:50.474,21.491
2026-09-07 19:46:51.474,21.173
2026-09-07 19:46:52.474,21.212
2026-09-07 19:46:53.475,21.217
2026-09-07 19:46:54.475,21.215
2026-09-07 19:46:55.475,21.199
2026-09-07 19:46:56.475,21.182
2026-09-07 19:46:57.476,21.283
2026-09-07 19:46:58.476,21.480
2026-09-07 19:46:59.476,21.176
2026-09-07 19:47:00.476,21.178
2026-09-07 19:47:01.477,21.297
2026-09-07 19:47:02.477,21.474
2026-09-07 19:47:03.477,21.232
2026-09-07 19:47:04.477,21.190
2026-09-07 19:47:05.478,21.177
2026-09-07 19:47:06.478,21.450
2026-09-07 19:47:07.478,21.326
2026-09-07 19:47:08.478,21.222
2026-09-07 19:47:09.478,21.226
2026-09-07 19:47:10.479,21.305
2026-09-07 19:47:11.479,21.183
2026-09-07 19:47:12.479,21.098
2026-09-07 19:47:13.480,21.209
2026-09-07 19:47:14.480,21.218
2026-09-07 19:47:15.480,21.336
2026-09-07 19:47:16.480,21.211
2026-09-07 19:47:17.481,21.188
2026-09-07 19:47:18.481,21.213
2026-09-07 19:47:19.481,21.195
2026-09-07 19:47:20.482,21.191
2026-09-07 19:47:21.482,21.139
2026-09-07 19:47:22.482,21.314
2026-09-07 19:47:23.482,21.469
2026-09-07 19:47:24.483,21.135
2026-09-07 19:47:25.483,21.225
2026-09-07 19:47:26.483,21.189
2026-09-07 19:47:27.484,21.318
2026-09-07 19:47:28.484,21.221
2026-09-07 19:47:29.484,21.157
2026-09-07 19:47:30.484,21.218
2026-09-07 19:47:31.485,21.343
2026-09-07 19:47:32.485,21.217
2026-09-07 19:47:33.485,21.194
2026-09-07 19:47:34.486,21.252
2026-09-07 19:47:35.486,21.191
2026-09-07 19:47:36.486,21.183
2026-09-07 19:47:37.487,21.187
2026-09-07 19:47:38.487,21.197
2026-09-07 19:47:39.487,21.321
2026-09-07 19:47:40.487,21.238
2026-09-07 19:47:41.488,21.218
2026-09-07 19:47:42.488,21.208
2026-09-07 19:47:43.488,21.332
2026-09-07 19:47:44.489,21.201
2026-09-07 19:47:45.489,21.216
2026-09-07 19:47:46.489,21.219
2026-09-07 19:47:47.489,21.301
2026-09-07 19:47:48.490,21.292
2026-09-07 19:47:49.490,21.227
2026-09-07 19:47:50.490,21.237
2026-09-07 19:47:51.491,21.317
2026-09-07 19:47:52.491,21.367
2026-09-07 19:47:53.491,21.031
2026-09-07 19:47:54.491,21.167
2026-09-07 19:47:55.492,21.235
2026-09-07 19:47:56.492,21.364
2026-09-07 19:47:57.492,21.211
2026-09-07 19:47:58.493,21.222
2026-09-07 19:47:59.493,21.230
2026-09-07 19:48:00.493,21.238
2026-09-07 19:48:01.493,21.331
2026-09-07 19:48:02.494,21.227
2026-09-07 19:48:03.494,21.240
2026-09-07 19:48:04.494,21.369
2026-09-07 19:48:05.495,21.325
2026-09-07 19:48:06.495,21.209
2026-09-07 19:48:07.495,21.228
2026-09-07 19:48:08.495,21.334
2026-09-07 19:48:09.496,21.206
2026-09-07 19:48:10.496,21.241
2026-09-07 19:48:11.496,21.253
2026-09-07 19:48:12.497,21.371
2026-09-07 19:48:13.497,21.355
2026-09-07 19:48:14.497,21.274
2026-09-07 19:48:15.497,21.290
2026-09-07 19:48:16.498,21.365
2026-09-07 19:48:17.498,21.227
2026-09-07 19:48:18.498,21.268
2026-09-07 19:48:19.499,21.257
2026-09-07 19:48:20.499,21.374
2026-09-07 19:48:21.499,21.343
2026-09-07 19:48:22.499,21.264
2026-09-07 19:48:23.500,21.238
2026-09-07 19:48:24.500,21.234
2026-09-07 19:48:25.500,21.277
2026-09-07 19:48:26.501,21.280
2026-09-07 19:48:27.501,21.283
2026-09-07 19:48:28.501,21.330
2026-09-07 19:48:29.501,21.321
2026-09-07 19:48:30.502,21.281
2026-09-07 19:48:31.502,21.253
2026-09-07 19:48:32.502,21.312
2026-09-07 19:48:33.503,21.326
2026-09-07 19:48:34.503,21.256
2026-09-07 19:48:35.503,21.002
2026-09-07 19:48:36.503,21.264
2026-09-07 19:48:37.504,21.278
2026-09-07 19:48:38.504,21.142
2026-09-07 19:48:39.504,21.264
2026-09-07 19:48:40.504,21.242
2026-09-07 19:48:41.504,21.362
2026-09-07 19:48:42.505,21.269
2026-09-07 19:48:43.505,21.261
2026-09-07 19:48:44.505,21.255
2026-09-07 19:48:45.505,21.264
2026-09-07 19:48:46.506,21.228
2026-09-07 19:48:47.506,21.243
2026-09-07 19:48:48.506,21.229
2026-09-07 19:48:49.506,21.363
2026-09-07 19:48:50.507,21.345
2026-09-07 19:48:51.507,21.252
2026-09-07 19:48:52.507,21.233
2026-09-07 19:48:53.507,21.349
2026-09-07 19:48:54.507,21.243
2026-09-07 19:48:55.508,21.238
2026-09-07 19:48:56.508,21.260
2026-09-07 19:48:57.508,21.267
2026-09-07 19:48:58.508,21.263
2026-09-07 19:48:59.509,21.254
2026-09-07 19:49:00.509,21.316
2026-09-07 19:49:01.509,21.272
2026-09-07 19:49:02.509,21.361
2026-09-07 19:49:03.510,21.256
2026-09-07 19:49:04.510,21.262
2026-09-07 19:49:05.510,21.278
2026-09-07 19:49:06.510,21.353
2026-09-07 19:49:07.511,21.253
2026-09-07 19:49:08.511,21.232
2026-09-07 19:49:09.511,21.394
2026-09-07 19:49:10.511,21.457
2026-09-07 19:49:11.512,21.260
2026-09-07 19:49:12.512,21.285
2026-09-07 19:49:13.512,21.323
2026-09-07 19:49:14.512,21.319
2026-09-07 19:49:15.513,21.379
2026-09-07 19:49:16.513,21.131
2026-09-07 19:49:17.513,21.208
2026-09-07 19:49:18.513,21.347
2026-09-07 19:49:19.513,21.264
2026-09-07 19:49:20.514,21.292
2026-09-07 19:49:21.514,21.297
2026-09-07 19:49:22.514,21.292
2026-09-07 19:49:23.514,21.307
2026-09-07 19:49:24.515,21.266
2026-09-07 19:49:25.515,21.274
2026-09-07 19:49:26.515,21.391
2026-09-07 19:49:27.515,21.396
2026-09-07 19:49:28.516,21.281
2026-09-07 19:49:29.516,21.251
2026-09-07 19:49:30.516,21.408
2026-09-07 19:49:31.516,21.278
2026-09-07 19:49:32.517,21.294
2026-09-07 19:49:33.517,21.271
2026-09-07 19:49:34.517,21.134
2026-09-07 19:49:35.517,21.534
2026-09-07 19:49:36.518,21.312
2026-09-07 19:49:37.518,21.270
2026-09-07 19:49:38.518,21.288
2026-09-07 19:49:39.518,21.430
2026-09-07 19:49:40.518,21.366
2026-09-07 19:49:41.519,21.314
2026-09-07 19:49:42.519,21.149
2026-09-07 19:49:43.519,21.266
2026-09-07 19:49:44.519,21.292
2026-09-07 19:49:45.520,21.309
2026-09-07 19:49:46.520,21.182
2026-09-07 19:49:47.520,21.417
2026-09-07 19:49:48.520,21.296
2026-09-07 19:49:49.520,21.295
2026-09-07 19:49:50.521,21.356
2026-09-07 19:49:51.521,21.503
2026-09-07 19:49:52.521,21.408
2026-09-07 19:49:53.521,21.356
2026-09-07 19:49:54.522,21.390
2026-09-07 19:49:55.522,21.383
2026-09-07 19:49:56.522,21.338
2026-09-07 19:49:57.522,21.358
2026-09-07 19:49:58.522,21.175
2026-09-07 19:49:59.523,21.367
2026-09-07 19:50:00.523,21.337
2026-09-07 19:50:01.523,21.435
2026-09-07 19:50:02.523,21.416
2026-09-07 19:50:03.524,21.417
2026-09-07 19:50:04.524,21.415
2026-09-07 19:50:05.524,21.430
2026-09-07 19:50:06.524,21.373
2026-09-07 19:50:07.524,21.368
2026-09-07 19:50:08.525,21.473
2026-09-07 19:50:09.525,21.418
2026-09-07 19:50:10.525,21.439
2026-09-07 19:50:11.525,21.368
2026-09-07 19:50:12.526,21.542
2026-09-07 19:50:13.526,21.463
2026-09-07 19:50:14.526,21.485
2026-09-07 19:50:15.526,21.510
2026-09-07 19:50:16.527,21.546
2026-09-07 19:50:17.527,21.561
2026-09-07 19:50:18.527,21.627
2026-09-07 19:50:19.527,21.702
2026-09-07 19:50:20.527,21.715
2026-09-07 19:50:21.528,21.740
2026-09-07 19:50:22.528,21.733
2026-09-07 19:50:23.528,21.776
2026-09-07 19:50:24.528,21.752
2026-09-07 19:50:25.529,21.779
2026-09-07 19:50:26.529,21.760
2026-09-07 19:50:27.529,21.620
2026-09-07 19:50:28.529,21.898
2026-09-07 19:50:29.530,21.751
2026-09-07 19:50:30.530,21.758
2026-09-07 19:50:31.530,21.747
2026-09-07 19:50:32.530,21.753
2026-09-07 19:50:33.530,22.165
2026-09-07 19:50:34.531,22.701
2026-09-07 19:50:35.531,22.797
2026-09-07 19:50:36.531,22.740
2026-09-07 19:50:37.531,22.798
2026-09-07 19:50:38.531,22.758
2026-09-07 19:50:39.532,22.658
2026-09-07 19:50:40.532,22.701
2026-09-07 19:50:41.532,22.870
2026-09-07 19:50:42.532,22.724
2026-09-07 19:50:43.533,22.837
2026-09-07 19:50:44.533,22.424
2026-09-07 19:50:45.533,22.979
2026-09-07 19:50:46.533,23.103
2026-09-07 19:50:47.534,23.800
2026-09-07 19:50:48.534,22.469
2026-09-07 19:50:49.534,21.486
2026-09-07 19:50:50.534,22.070
2026-09-07 19:50:51.535,23.128
2026-09-07 19:50:52.535,21.002
2026-09-07 19:50:53.535,21.381
2026-09-07 19:50:54.535,21.791
2026-09-07 19:50:55.535,21.238
2026-09-07 19:50:56.536,21.388
2026-09-07 19:50:57.536,21.142
2026-09-07 19:50:58.536,21.751
2026-09-07 19:50:59.537,22.189
2026-09-07 19:51:00.537,23.567
2026-09-07 19:51:01.537,19.221
2026-09-07 19:51:02.537,19.455
2026-09-07 19:51:03.538,21.631
2026-09-07 19:51:04.538,21.663
2026-09-07 19:51:05.538,19.617
2026-09-07 19:51:06.538,19.132
2026-09-07 19:51:07.539,21.566
2026-09-07 19:51:08.539,22.122
2026-09-07 19:51:09.539,19.640
2026-09-07 19:51:10.539,18.823
2026-09-07 19:51:11.540,21.842
2026-09-07 19:51:12.540,21.940
2026-09-07 19:51:13.540,20.453
2026-09-07 19:51:14.540,23.260
2026-09-07 19:51:15.541,20.775
2026-09-07 19:51:16.541,21.618
2026-09-07 19:51:17.541,21.835
2026-09-07 19:51:18.541,21.404
2026-09-07 19:51:19.542,22.303
2026-09-07 19:51:20.542,20.703
2026-09-07 19:51:21.542,20.944
2026-09-07 19:51:22.542,21.823
2026-09-07 19:51:23.543,21.519
2026-09-07 19:51:24.543,20.793
2026-09-07 19:51:25.543,20.915
2026-09-07 19:51:26.543,24.744
2026-09-07 19:51:27.546,44.169
2026-09-07 19:51:28.546,49.069
2026-09-07 19:51:29.546,50.502
2026-09-07 19:51:30.546,49.050
2026-09-07 19:51:31.549,51.790
2026-09-07 19:51:32.549,50.418
2026-09-07 19:51:33.549,51.342
2026-09-07 19:51:34.549,50.817
2026-09-07 19:51:35.554,51.283
2026-09-07 19:51:36.555,49.600
2026-09-07 19:51:37.556,52.012
2026-09-07 19:51:38.556,48.983
2026-09-07 19:51:39.556,51.275
2026-09-07 19:51:40.558,45.712
2026-09-07 19:51:41.558,40.503
2026-09-07 19:51:42.558,40.497
2026-09-07 19:51:43.558,40.527
2026-09-07 19:51:44.559,40.308
2026-09-07 19:51:45.559,40.554
2026-09-07 19:51:46.559,40.527
2026-09-07 19:51:47.559,40.572
2026-09-07 19:51:48.560,40.570
2026-09-07 19:51:49.560,40.595
2026-09-07 19:51:50.561,48.013
2026-09-07 19:51:51.562,51.070
2026-09-07 19:51:52.562,50.071
2026-09-07 19:51:53.562,51.000
2026-09-07 19:51:54.562,49.851
2026-09-07 19:51:55.563,49.145
2026-09-07 19:51:56.563,32.343
2026-09-07 19:51:57.563,31.326
2026-09-07 19:51:58.564,31.656
2026-09-07 19:51:59.564,31.660
2026-09-07 19:52:00.565,37.279
2026-09-07 19:52:01.565,50.953
2026-09-07 19:52:02.565,49.099
2026-09-07 19:52:03.569,49.704
2026-09-07 19:52:04.570,48.312
2026-09-07 19:52:05.574,50.472
2026-09-07 19:52:06.574,48.655
2026-09-07 19:52:07.574,49.271
2026-09-07 19:52:08.574,49.223
2026-09-07 19:52:09.575,48.084
2026-09-07 19:52:10.575,48.133
2026-09-07 19:52:11.575,47.763
2026-09-07 19:52:12.575,48.532
2026-09-07 19:52:13.576,30.472
2026-09-07 19:52:14.576,2.106
2026-09-07 19:52:15.577,3.127
2026-09-07 19:52:16.577,2.571
