/shared/users/grupo1/lemmi16s_env/lib/python3.10/site-packages/google/api_core/_python_version_support.py:254: FutureWarning: You are using a Python version (3.10.21) which Google will stop supporting in new releases of google.api_core once it reaches its end of life (2026-10-04). Please upgrade to the latest Python version, or at least Python 3.11, to continue receiving updates for google.api_core past that date.
  warnings.warn(message, FutureWarning)
Building DAG of jobs...
Nothing to be done (all requested files are present and up to date).
Complete log: ../../../.snakemake/log/2026-09-08T152242.291362.snakemake.log
/shared/users/grupo1/lemmi16s_env/lib/python3.10/site-packages/google/api_core/_python_version_support.py:254: FutureWarning: You are using a Python version (3.10.21) which Google will stop supporting in new releases of google.api_core once it reaches its end of life (2026-10-04). Please upgrade to the latest Python version, or at least Python 3.11, to continue receiving updates for google.api_core past that date.
  warnings.warn(message, FutureWarning)
Building DAG of jobs...
Nothing to be done (all requested files are present and up to date).
Complete log: ../../../.snakemake/log/2026-09-08T152246.880517.snakemake.log
/shared/users/grupo1/lemmi16s_env/lib/python3.10/site-packages/google/api_core/_python_version_support.py:254: FutureWarning: You are using a Python version (3.10.21) which Google will stop supporting in new releases of google.api_core once it reaches its end of life (2026-10-04). Please upgrade to the latest Python version, or at least Python 3.11, to continue receiving updates for google.api_core past that date.
  warnings.warn(message, FutureWarning)
Building DAG of jobs...
Using shell: /usr/bin/bash
Provided cores: 4
Rules claiming more threads will be scaled down.
Job stats:
job                                                 count
------------------------------------------------  -------
auprc_to_final_table                                    1
compute_f1                                              2
compute_fp                                              2
compute_l2                                              2
compute_precision                                       2
compute_recall                                          2
compute_tp                                              2
create_frontend_additional_files                        1
define_thresholds                                       2
evaluated_predictions_by_tools_and_ranks                6
evaluated_predictions_by_tools_and_ranks_to_json        1
f1_to_final_table                                       1
filtering_thresholds_to_final_table                     1
fp_to_final_table                                       1
l2_to_final_table                                       1
memory_analysis_to_final_table                          1
memory_training_to_final_table                          1
prc_to_final_table                                      1
precision_to_final_table                                1
predictions_by_ranks                                    6
recall_to_final_table                                   1
runtime_analysis_to_final_table                         1
runtime_training_to_final_table                         1
target                                                  1
tp_to_final_table                                       1
total                                                  42

Select jobs to execute...
/shared/users/grupo1/lemmi16s_env/lib/python3.10/site-packages/stopit/__init__.py:10: UserWarning: pkg_resources is deprecated as an API. See https://setuptools.pypa.io/en/latest/pkg_resources.html. The pkg_resources package is slated for removal as early as 2025-11-30. Refrain from using this package or pin to Setuptools<81.
  import pkg_resources

[Tue Sep  8 15:22:51 2026]
Job 5: Predictions at the given rank
Reason: Missing output files: /shared/users/grupo1/lemmi16s/benchmark/evaluations/predictions.lotus_303_lemmi16s.HM_Contaminated_Soil-e001.family.tsv

[Tue Sep  8 15:22:51 2026]
Job 41: Creating default json files for frontend specific content...
Reason: Missing output files: /shared/users/grupo1/lemmi16s/benchmark/final_results/HM_Contaminated_Soil.structure.json, /shared/users/grupo1/lemmi16s/benchmark/final_results/HM_Contaminated_Soil.ranks.json

[Tue Sep  8 15:22:51 2026]
Job 2: Predictions at the given rank
Reason: Missing output files: /shared/users/grupo1/lemmi16s/benchmark/evaluations/predictions.lotus_303_lemmi16s.HM_Contaminated_Soil-c001.genus.tsv

[Tue Sep  8 15:22:51 2026]
Job 1: Predictions at the given rank
Reason: Missing output files: /shared/users/grupo1/lemmi16s/benchmark/evaluations/predictions.lotus_303_lemmi16s.HM_Contaminated_Soil-c001.family.tsv

/shared/users/grupo1/lemmi16s_env/lib/python3.10/site-packages/google/api_core/_python_version_support.py:254: FutureWarning: You are using a Python version (3.10.21) which Google will stop supporting in new releases of google.api_core once it reaches its end of life (2026-10-04). Please upgrade to the latest Python version, or at least Python 3.11, to continue receiving updates for google.api_core past that date.
  warnings.warn(message, FutureWarning)
/shared/users/grupo1/lemmi16s_env/lib/python3.10/site-packages/google/api_core/_python_version_support.py:254: FutureWarning: You are using a Python version (3.10.21) which Google will stop supporting in new releases of google.api_core once it reaches its end of life (2026-10-04). Please upgrade to the latest Python version, or at least Python 3.11, to continue receiving updates for google.api_core past that date.
  warnings.warn(message, FutureWarning)
/shared/users/grupo1/lemmi16s_env/lib/python3.10/site-packages/google/api_core/_python_version_support.py:254: FutureWarning: You are using a Python version (3.10.21) which Google will stop supporting in new releases of google.api_core once it reaches its end of life (2026-10-04). Please upgrade to the latest Python version, or at least Python 3.11, to continue receiving updates for google.api_core past that date.
  warnings.warn(message, FutureWarning)
/shared/users/grupo1/lemmi16s_env/lib/python3.10/site-packages/google/api_core/_python_version_support.py:254: FutureWarning: You are using a Python version (3.10.21) which Google will stop supporting in new releases of google.api_core once it reaches its end of life (2026-10-04). Please upgrade to the latest Python version, or at least Python 3.11, to continue receiving updates for google.api_core past that date.
  warnings.warn(message, FutureWarning)
Building DAG of jobs...
Using shell: /usr/bin/bash
Provided cores: 4
Rules claiming more threads will be scaled down.
Select jobs to execute...
Building DAG of jobs...
/shared/users/grupo1/lemmi16s_env/lib/python3.10/site-packages/stopit/__init__.py:10: UserWarning: pkg_resources is deprecated as an API. See https://setuptools.pypa.io/en/latest/pkg_resources.html. The pkg_resources package is slated for removal as early as 2025-11-30. Refrain from using this package or pin to Setuptools<81.
  import pkg_resources
Using shell: /usr/bin/bash
Provided cores: 4
Rules claiming more threads will be scaled down.
Select jobs to execute...
Building DAG of jobs...
Building DAG of jobs...
Using shell: /usr/bin/bash
Provided cores: 4
Rules claiming more threads will be scaled down.
Select jobs to execute...
Using shell: /usr/bin/bash
Provided cores: 4
Rules claiming more threads will be scaled down.
Select jobs to execute...
/shared/users/grupo1/lemmi16s_env/lib/python3.10/site-packages/stopit/__init__.py:10: UserWarning: pkg_resources is deprecated as an API. See https://setuptools.pypa.io/en/latest/pkg_resources.html. The pkg_resources package is slated for removal as early as 2025-11-30. Refrain from using this package or pin to Setuptools<81.
  import pkg_resources
/shared/users/grupo1/lemmi16s_env/lib/python3.10/site-packages/stopit/__init__.py:10: UserWarning: pkg_resources is deprecated as an API. See https://setuptools.pypa.io/en/latest/pkg_resources.html. The pkg_resources package is slated for removal as early as 2025-11-30. Refrain from using this package or pin to Setuptools<81.
  import pkg_resources
/shared/users/grupo1/lemmi16s_env/lib/python3.10/site-packages/stopit/__init__.py:10: UserWarning: pkg_resources is deprecated as an API. See https://setuptools.pypa.io/en/latest/pkg_resources.html. The pkg_resources package is slated for removal as early as 2025-11-30. Refrain from using this package or pin to Setuptools<81.
  import pkg_resources
[Tue Sep  8 15:22:56 2026]
Finished job 41.
1 of 42 steps (2%) done
Select jobs to execute...

[Tue Sep  8 15:22:56 2026]
Job 6: Predictions at the given rank
Reason: Missing output files: /shared/users/grupo1/lemmi16s/benchmark/evaluations/predictions.lotus_303_lemmi16s.HM_Contaminated_Soil-e001.genus.tsv

[Tue Sep  8 15:22:56 2026]
Finished job 5.
2 of 42 steps (5%) done
[Tue Sep  8 15:22:56 2026]
Finished job 1.
3 of 42 steps (7%) done
[Tue Sep  8 15:22:56 2026]
Finished job 2.
4 of 42 steps (10%) done
Select jobs to execute...

[Tue Sep  8 15:22:56 2026]
Job 34: Producing the detailed evaluation of each sample for each tool at each rank
Reason: Missing output files: /shared/users/grupo1/lemmi16s/benchmark/final_results/lotus_303_lemmi16s.HM_Contaminated_Soil-e001.family.tsv; Input files updated by another job: /shared/users/grupo1/lemmi16s/benchmark/evaluations/predictions.lotus_303_lemmi16s.HM_Contaminated_Soil-e001.family.tsv

[Tue Sep  8 15:22:56 2026]
Job 36: Producing the detailed evaluation of each sample for each tool at each rank
Reason: Missing output files: /shared/users/grupo1/lemmi16s/benchmark/final_results/lotus_303_lemmi16s.HM_Contaminated_Soil-c001.family.tsv; Input files updated by another job: /shared/users/grupo1/lemmi16s/benchmark/evaluations/predictions.lotus_303_lemmi16s.HM_Contaminated_Soil-c001.family.tsv

[Tue Sep  8 15:22:56 2026]
Job 37: Producing the detailed evaluation of each sample for each tool at each rank
Reason: Missing output files: /shared/users/grupo1/lemmi16s/benchmark/final_results/lotus_303_lemmi16s.HM_Contaminated_Soil-c001.genus.tsv; Input files updated by another job: /shared/users/grupo1/lemmi16s/benchmark/evaluations/predictions.lotus_303_lemmi16s.HM_Contaminated_Soil-c001.genus.tsv

Select jobs to execute...
/shared/users/grupo1/lemmi16s_env/lib/python3.10/site-packages/google/api_core/_python_version_support.py:254: FutureWarning: You are using a Python version (3.10.21) which Google will stop supporting in new releases of google.api_core once it reaches its end of life (2026-10-04). Please upgrade to the latest Python version, or at least Python 3.11, to continue receiving updates for google.api_core past that date.
  warnings.warn(message, FutureWarning)
/shared/users/grupo1/lemmi16s_env/lib/python3.10/site-packages/google/api_core/_python_version_support.py:254: FutureWarning: You are using a Python version (3.10.21) which Google will stop supporting in new releases of google.api_core once it reaches its end of life (2026-10-04). Please upgrade to the latest Python version, or at least Python 3.11, to continue receiving updates for google.api_core past that date.
  warnings.warn(message, FutureWarning)
/shared/users/grupo1/lemmi16s_env/lib/python3.10/site-packages/google/api_core/_python_version_support.py:254: FutureWarning: You are using a Python version (3.10.21) which Google will stop supporting in new releases of google.api_core once it reaches its end of life (2026-10-04). Please upgrade to the latest Python version, or at least Python 3.11, to continue receiving updates for google.api_core past that date.
  warnings.warn(message, FutureWarning)
/shared/users/grupo1/lemmi16s_env/lib/python3.10/site-packages/google/api_core/_python_version_support.py:254: FutureWarning: You are using a Python version (3.10.21) which Google will stop supporting in new releases of google.api_core once it reaches its end of life (2026-10-04). Please upgrade to the latest Python version, or at least Python 3.11, to continue receiving updates for google.api_core past that date.
  warnings.warn(message, FutureWarning)
Building DAG of jobs...
Using shell: /usr/bin/bash
Provided cores: 4
Rules claiming more threads will be scaled down.
Select jobs to execute...
/shared/users/grupo1/lemmi16s_env/lib/python3.10/site-packages/stopit/__init__.py:10: UserWarning: pkg_resources is deprecated as an API. See https://setuptools.pypa.io/en/latest/pkg_resources.html. The pkg_resources package is slated for removal as early as 2025-11-30. Refrain from using this package or pin to Setuptools<81.
  import pkg_resources
Building DAG of jobs...
Using shell: /usr/bin/bash
Provided cores: 4
Rules claiming more threads will be scaled down.
Select jobs to execute...
Building DAG of jobs...
Using shell: /usr/bin/bash
Provided cores: 4
Rules claiming more threads will be scaled down.
Select jobs to execute...
Building DAG of jobs...
Using shell: /usr/bin/bash
Provided cores: 4
Rules claiming more threads will be scaled down.
Select jobs to execute...
/shared/users/grupo1/lemmi16s_env/lib/python3.10/site-packages/stopit/__init__.py:10: UserWarning: pkg_resources is deprecated as an API. See https://setuptools.pypa.io/en/latest/pkg_resources.html. The pkg_resources package is slated for removal as early as 2025-11-30. Refrain from using this package or pin to Setuptools<81.
  import pkg_resources
/shared/users/grupo1/lemmi16s_env/lib/python3.10/site-packages/stopit/__init__.py:10: UserWarning: pkg_resources is deprecated as an API. See https://setuptools.pypa.io/en/latest/pkg_resources.html. The pkg_resources package is slated for removal as early as 2025-11-30. Refrain from using this package or pin to Setuptools<81.
  import pkg_resources
/shared/users/grupo1/lemmi16s_env/lib/python3.10/site-packages/stopit/__init__.py:10: UserWarning: pkg_resources is deprecated as an API. See https://setuptools.pypa.io/en/latest/pkg_resources.html. The pkg_resources package is slated for removal as early as 2025-11-30. Refrain from using this package or pin to Setuptools<81.
  import pkg_resources
[Tue Sep  8 15:23:01 2026]
Finished job 6.
5 of 42 steps (12%) done

[Tue Sep  8 15:23:01 2026]
Job 35: Producing the detailed evaluation of each sample for each tool at each rank
Reason: Missing output files: /shared/users/grupo1/lemmi16s/benchmark/final_results/lotus_303_lemmi16s.HM_Contaminated_Soil-e001.genus.tsv; Input files updated by another job: /shared/users/grupo1/lemmi16s/benchmark/evaluations/predictions.lotus_303_lemmi16s.HM_Contaminated_Soil-e001.genus.tsv

[Tue Sep  8 15:23:01 2026]
Finished job 34.
6 of 42 steps (14%) done
Select jobs to execute...

[Tue Sep  8 15:23:01 2026]
Job 3: Predictions at the given rank
Reason: Missing output files: /shared/users/grupo1/lemmi16s/benchmark/evaluations/predictions.lotus_303_lemmi16s.HM_Contaminated_Soil-c002.family.tsv

[Tue Sep  8 15:23:01 2026]
Finished job 36.
7 of 42 steps (17%) done
[Tue Sep  8 15:23:01 2026]
Finished job 37.
8 of 42 steps (19%) done
Select jobs to execute...

[Tue Sep  8 15:23:01 2026]
Job 4: Predictions at the given rank
Reason: Missing output files: /shared/users/grupo1/lemmi16s/benchmark/evaluations/predictions.lotus_303_lemmi16s.HM_Contaminated_Soil-c002.genus.tsv

/shared/users/grupo1/lemmi16s_env/lib/python3.10/site-packages/google/api_core/_python_version_support.py:254: FutureWarning: You are using a Python version (3.10.21) which Google will stop supporting in new releases of google.api_core once it reaches its end of life (2026-10-04). Please upgrade to the latest Python version, or at least Python 3.11, to continue receiving updates for google.api_core past that date.
  warnings.warn(message, FutureWarning)
/shared/users/grupo1/lemmi16s_env/lib/python3.10/site-packages/google/api_core/_python_version_support.py:254: FutureWarning: You are using a Python version (3.10.21) which Google will stop supporting in new releases of google.api_core once it reaches its end of life (2026-10-04). Please upgrade to the latest Python version, or at least Python 3.11, to continue receiving updates for google.api_core past that date.
  warnings.warn(message, FutureWarning)
/shared/users/grupo1/lemmi16s_env/lib/python3.10/site-packages/google/api_core/_python_version_support.py:254: FutureWarning: You are using a Python version (3.10.21) which Google will stop supporting in new releases of google.api_core once it reaches its end of life (2026-10-04). Please upgrade to the latest Python version, or at least Python 3.11, to continue receiving updates for google.api_core past that date.
  warnings.warn(message, FutureWarning)
Building DAG of jobs...
Using shell: /usr/bin/bash
Provided cores: 4
Rules claiming more threads will be scaled down.
Select jobs to execute...
/shared/users/grupo1/lemmi16s_env/lib/python3.10/site-packages/stopit/__init__.py:10: UserWarning: pkg_resources is deprecated as an API. See https://setuptools.pypa.io/en/latest/pkg_resources.html. The pkg_resources package is slated for removal as early as 2025-11-30. Refrain from using this package or pin to Setuptools<81.
  import pkg_resources
Building DAG of jobs...
Using shell: /usr/bin/bash
Provided cores: 4
Rules claiming more threads will be scaled down.
Select jobs to execute...
/shared/users/grupo1/lemmi16s_env/lib/python3.10/site-packages/stopit/__init__.py:10: UserWarning: pkg_resources is deprecated as an API. See https://setuptools.pypa.io/en/latest/pkg_resources.html. The pkg_resources package is slated for removal as early as 2025-11-30. Refrain from using this package or pin to Setuptools<81.
  import pkg_resources
Building DAG of jobs...
Using shell: /usr/bin/bash
Provided cores: 4
Rules claiming more threads will be scaled down.
Select jobs to execute...
/shared/users/grupo1/lemmi16s_env/lib/python3.10/site-packages/stopit/__init__.py:10: UserWarning: pkg_resources is deprecated as an API. See https://setuptools.pypa.io/en/latest/pkg_resources.html. The pkg_resources package is slated for removal as early as 2025-11-30. Refrain from using this package or pin to Setuptools<81.
  import pkg_resources
[Tue Sep  8 15:23:05 2026]
Finished job 35.
9 of 42 steps (21%) done
Select jobs to execute...

[Tue Sep  8 15:23:05 2026]
Job 40: Producing the detailed evaluation of each evaluation sample for each tool at each rank in a single json
Reason: Missing output files: /shared/users/grupo1/lemmi16s/benchmark/final_results/HM_Contaminated_Soil-e001.json; Input files updated by another job: /shared/users/grupo1/lemmi16s/benchmark/final_results/lotus_303_lemmi16s.HM_Contaminated_Soil-e001.genus.tsv, /shared/users/grupo1/lemmi16s/benchmark/final_results/lotus_303_lemmi16s.HM_Contaminated_Soil-e001.family.tsv

[Tue Sep  8 15:23:05 2026]
Finished job 3.
10 of 42 steps (24%) done
Select jobs to execute...

[Tue Sep  8 15:23:05 2026]
Job 7: Exploring the AUprC and defining the threshold to stay at the FDR...
Reason: Missing output files: /shared/users/grupo1/lemmi16s/benchmark/evaluations/prc.lotus_303_lemmi16s.HM_Contaminated_Soil.family.tsv, /shared/users/grupo1/lemmi16s/benchmark/evaluations/filtering_threshold.lotus_303_lemmi16s.HM_Contaminated_Soil.family.tsv, /shared/users/grupo1/lemmi16s/benchmark/evaluations/auprc.lotus_303_lemmi16s.HM_Contaminated_Soil.family.tsv; Input files updated by another job: /shared/users/grupo1/lemmi16s/benchmark/evaluations/predictions.lotus_303_lemmi16s.HM_Contaminated_Soil-c002.family.tsv, /shared/users/grupo1/lemmi16s/benchmark/evaluations/predictions.lotus_303_lemmi16s.HM_Contaminated_Soil-c001.family.tsv

[Tue Sep  8 15:23:05 2026]
Job 38: Producing the detailed evaluation of each sample for each tool at each rank
Reason: Missing output files: /shared/users/grupo1/lemmi16s/benchmark/final_results/lotus_303_lemmi16s.HM_Contaminated_Soil-c002.family.tsv; Input files updated by another job: /shared/users/grupo1/lemmi16s/benchmark/evaluations/predictions.lotus_303_lemmi16s.HM_Contaminated_Soil-c002.family.tsv

[Tue Sep  8 15:23:05 2026]
Finished job 4.
11 of 42 steps (26%) done
Select jobs to execute...

[Tue Sep  8 15:23:05 2026]
Job 39: Producing the detailed evaluation of each sample for each tool at each rank
Reason: Missing output files: /shared/users/grupo1/lemmi16s/benchmark/final_results/lotus_303_lemmi16s.HM_Contaminated_Soil-c002.genus.tsv; Input files updated by another job: /shared/users/grupo1/lemmi16s/benchmark/evaluations/predictions.lotus_303_lemmi16s.HM_Contaminated_Soil-c002.genus.tsv

/shared/users/grupo1/lemmi16s_env/lib/python3.10/site-packages/google/api_core/_python_version_support.py:254: FutureWarning: You are using a Python version (3.10.21) which Google will stop supporting in new releases of google.api_core once it reaches its end of life (2026-10-04). Please upgrade to the latest Python version, or at least Python 3.11, to continue receiving updates for google.api_core past that date.
  warnings.warn(message, FutureWarning)
/shared/users/grupo1/lemmi16s_env/lib/python3.10/site-packages/google/api_core/_python_version_support.py:254: FutureWarning: You are using a Python version (3.10.21) which Google will stop supporting in new releases of google.api_core once it reaches its end of life (2026-10-04). Please upgrade to the latest Python version, or at least Python 3.11, to continue receiving updates for google.api_core past that date.
  warnings.warn(message, FutureWarning)
/shared/users/grupo1/lemmi16s_env/lib/python3.10/site-packages/google/api_core/_python_version_support.py:254: FutureWarning: You are using a Python version (3.10.21) which Google will stop supporting in new releases of google.api_core once it reaches its end of life (2026-10-04). Please upgrade to the latest Python version, or at least Python 3.11, to continue receiving updates for google.api_core past that date.
  warnings.warn(message, FutureWarning)
/shared/users/grupo1/lemmi16s_env/lib/python3.10/site-packages/google/api_core/_python_version_support.py:254: FutureWarning: You are using a Python version (3.10.21) which Google will stop supporting in new releases of google.api_core once it reaches its end of life (2026-10-04). Please upgrade to the latest Python version, or at least Python 3.11, to continue receiving updates for google.api_core past that date.
  warnings.warn(message, FutureWarning)
Building DAG of jobs...
Using shell: /usr/bin/bash
Provided cores: 4
Rules claiming more threads will be scaled down.
Select jobs to execute...
/shared/users/grupo1/lemmi16s_env/lib/python3.10/site-packages/stopit/__init__.py:10: UserWarning: pkg_resources is deprecated as an API. See https://setuptools.pypa.io/en/latest/pkg_resources.html. The pkg_resources package is slated for removal as early as 2025-11-30. Refrain from using this package or pin to Setuptools<81.
  import pkg_resources
Building DAG of jobs...
Building DAG of jobs...
Using shell: /usr/bin/bash
Provided cores: 4
Rules claiming more threads will be scaled down.
Select jobs to execute...
Using shell: /usr/bin/bash
Provided cores: 4
Rules claiming more threads will be scaled down.
Select jobs to execute...
/shared/users/grupo1/lemmi16s_env/lib/python3.10/site-packages/stopit/__init__.py:10: UserWarning: pkg_resources is deprecated as an API. See https://setuptools.pypa.io/en/latest/pkg_resources.html. The pkg_resources package is slated for removal as early as 2025-11-30. Refrain from using this package or pin to Setuptools<81.
  import pkg_resources
/shared/users/grupo1/lemmi16s_env/lib/python3.10/site-packages/stopit/__init__.py:10: UserWarning: pkg_resources is deprecated as an API. See https://setuptools.pypa.io/en/latest/pkg_resources.html. The pkg_resources package is slated for removal as early as 2025-11-30. Refrain from using this package or pin to Setuptools<81.
  import pkg_resources
/shared/users/grupo1/lemmi16s/workflow/rules/eval.smk:2006: FutureWarning: The frame.append method is deprecated and will be removed from pandas in a future version. Use pandas.concat instead.
/shared/users/grupo1/lemmi16s/workflow/rules/eval.smk:2006: FutureWarning: The frame.append method is deprecated and will be removed from pandas in a future version. Use pandas.concat instead.
/shared/users/grupo1/lemmi16s/workflow/rules/eval.smk:2006: FutureWarning: In a future version, object-dtype columns with all-bool values will not be included in reductions with bool_only=True. Explicitly cast to bool dtype instead.
Building DAG of jobs...
Using shell: /usr/bin/bash
Provided cores: 4
Rules claiming more threads will be scaled down.
Select jobs to execute...
/shared/users/grupo1/lemmi16s_env/lib/python3.10/site-packages/stopit/__init__.py:10: UserWarning: pkg_resources is deprecated as an API. See https://setuptools.pypa.io/en/latest/pkg_resources.html. The pkg_resources package is slated for removal as early as 2025-11-30. Refrain from using this package or pin to Setuptools<81.
  import pkg_resources
/shared/users/grupo1/lemmi16s/workflow/rules/toolbox.py:1014: RuntimeWarning: invalid value encountered in scalar divide
  if (2 * (precision * recall) / (precision + recall)) >= 0:
[Tue Sep  8 15:23:09 2026]
Finished job 40.
12 of 42 steps (29%) done
Select jobs to execute...

[Tue Sep  8 15:23:09 2026]
Job 8: Exploring the AUprC and defining the threshold to stay at the FDR...
Reason: Missing output files: /shared/users/grupo1/lemmi16s/benchmark/evaluations/auprc.lotus_303_lemmi16s.HM_Contaminated_Soil.genus.tsv, /shared/users/grupo1/lemmi16s/benchmark/evaluations/prc.lotus_303_lemmi16s.HM_Contaminated_Soil.genus.tsv, /shared/users/grupo1/lemmi16s/benchmark/evaluations/filtering_threshold.lotus_303_lemmi16s.HM_Contaminated_Soil.genus.tsv; Input files updated by another job: /shared/users/grupo1/lemmi16s/benchmark/evaluations/predictions.lotus_303_lemmi16s.HM_Contaminated_Soil-c002.genus.tsv, /shared/users/grupo1/lemmi16s/benchmark/evaluations/predictions.lotus_303_lemmi16s.HM_Contaminated_Soil-c001.genus.tsv

/shared/users/grupo1/lemmi16s/workflow/rules/toolbox.py:1014: RuntimeWarning: invalid value encountered in scalar divide
  if (2 * (precision * recall) / (precision + recall)) >= 0:
[Tue Sep  8 15:23:10 2026]
Finished job 38.
13 of 42 steps (31%) done
[Tue Sep  8 15:23:10 2026]
Finished job 39.
14 of 42 steps (33%) done
[Tue Sep  8 15:23:10 2026]
Finished job 7.
15 of 42 steps (36%) done
Select jobs to execute...

[Tue Sep  8 15:23:10 2026]
Job 13: Computing fp...
Reason: Missing output files: /shared/users/grupo1/lemmi16s/benchmark/evaluations/fp.lotus_303_lemmi16s.HM_Contaminated_Soil-e001.family.tsv; Input files updated by another job: /shared/users/grupo1/lemmi16s/benchmark/evaluations/predictions.lotus_303_lemmi16s.HM_Contaminated_Soil-e001.family.tsv, /shared/users/grupo1/lemmi16s/benchmark/evaluations/filtering_threshold.lotus_303_lemmi16s.HM_Contaminated_Soil.family.tsv

/shared/users/grupo1/lemmi16s_env/lib/python3.10/site-packages/google/api_core/_python_version_support.py:254: FutureWarning: You are using a Python version (3.10.21) which Google will stop supporting in new releases of google.api_core once it reaches its end of life (2026-10-04). Please upgrade to the latest Python version, or at least Python 3.11, to continue receiving updates for google.api_core past that date.
  warnings.warn(message, FutureWarning)
[Tue Sep  8 15:23:10 2026]
Job 19: Computing recall...
Reason: Missing output files: /shared/users/grupo1/lemmi16s/benchmark/evaluations/recall.lotus_303_lemmi16s.HM_Contaminated_Soil-e001.family.tsv; Input files updated by another job: /shared/users/grupo1/lemmi16s/benchmark/evaluations/predictions.lotus_303_lemmi16s.HM_Contaminated_Soil-e001.family.tsv, /shared/users/grupo1/lemmi16s/benchmark/evaluations/filtering_threshold.lotus_303_lemmi16s.HM_Contaminated_Soil.family.tsv

[Tue Sep  8 15:23:10 2026]
Job 11: Computing tp...
Reason: Missing output files: /shared/users/grupo1/lemmi16s/benchmark/evaluations/tp.lotus_303_lemmi16s.HM_Contaminated_Soil-e001.family.tsv; Input files updated by another job: /shared/users/grupo1/lemmi16s/benchmark/evaluations/predictions.lotus_303_lemmi16s.HM_Contaminated_Soil-e001.family.tsv, /shared/users/grupo1/lemmi16s/benchmark/evaluations/filtering_threshold.lotus_303_lemmi16s.HM_Contaminated_Soil.family.tsv

/shared/users/grupo1/lemmi16s_env/lib/python3.10/site-packages/google/api_core/_python_version_support.py:254: FutureWarning: You are using a Python version (3.10.21) which Google will stop supporting in new releases of google.api_core once it reaches its end of life (2026-10-04). Please upgrade to the latest Python version, or at least Python 3.11, to continue receiving updates for google.api_core past that date.
  warnings.warn(message, FutureWarning)
/shared/users/grupo1/lemmi16s_env/lib/python3.10/site-packages/google/api_core/_python_version_support.py:254: FutureWarning: You are using a Python version (3.10.21) which Google will stop supporting in new releases of google.api_core once it reaches its end of life (2026-10-04). Please upgrade to the latest Python version, or at least Python 3.11, to continue receiving updates for google.api_core past that date.
  warnings.warn(message, FutureWarning)
/shared/users/grupo1/lemmi16s_env/lib/python3.10/site-packages/google/api_core/_python_version_support.py:254: FutureWarning: You are using a Python version (3.10.21) which Google will stop supporting in new releases of google.api_core once it reaches its end of life (2026-10-04). Please upgrade to the latest Python version, or at least Python 3.11, to continue receiving updates for google.api_core past that date.
  warnings.warn(message, FutureWarning)
Building DAG of jobs...
Using shell: /usr/bin/bash
Provided cores: 4
Rules claiming more threads will be scaled down.
Select jobs to execute...
/shared/users/grupo1/lemmi16s_env/lib/python3.10/site-packages/stopit/__init__.py:10: UserWarning: pkg_resources is deprecated as an API. See https://setuptools.pypa.io/en/latest/pkg_resources.html. The pkg_resources package is slated for removal as early as 2025-11-30. Refrain from using this package or pin to Setuptools<81.
  import pkg_resources
Building DAG of jobs...
Building DAG of jobs...
Using shell: /usr/bin/bash
Provided cores: 4
Rules claiming more threads will be scaled down.
Select jobs to execute...
Using shell: /usr/bin/bash
Provided cores: 4
Rules claiming more threads will be scaled down.
Select jobs to execute...
/shared/users/grupo1/lemmi16s_env/lib/python3.10/site-packages/stopit/__init__.py:10: UserWarning: pkg_resources is deprecated as an API. See https://setuptools.pypa.io/en/latest/pkg_resources.html. The pkg_resources package is slated for removal as early as 2025-11-30. Refrain from using this package or pin to Setuptools<81.
  import pkg_resources
/shared/users/grupo1/lemmi16s_env/lib/python3.10/site-packages/stopit/__init__.py:10: UserWarning: pkg_resources is deprecated as an API. See https://setuptools.pypa.io/en/latest/pkg_resources.html. The pkg_resources package is slated for removal as early as 2025-11-30. Refrain from using this package or pin to Setuptools<81.
  import pkg_resources
Building DAG of jobs...
Using shell: /usr/bin/bash
Provided cores: 4
Rules claiming more threads will be scaled down.
Select jobs to execute...
/shared/users/grupo1/lemmi16s_env/lib/python3.10/site-packages/stopit/__init__.py:10: UserWarning: pkg_resources is deprecated as an API. See https://setuptools.pypa.io/en/latest/pkg_resources.html. The pkg_resources package is slated for removal as early as 2025-11-30. Refrain from using this package or pin to Setuptools<81.
  import pkg_resources
[Tue Sep  8 15:23:15 2026]
Finished job 13.
16 of 42 steps (38%) done
Select jobs to execute...

[Tue Sep  8 15:23:15 2026]
Job 17: Computing f1...
Reason: Missing output files: /shared/users/grupo1/lemmi16s/benchmark/evaluations/f1.lotus_303_lemmi16s.HM_Contaminated_Soil-e001.family.tsv; Input files updated by another job: /shared/users/grupo1/lemmi16s/benchmark/evaluations/predictions.lotus_303_lemmi16s.HM_Contaminated_Soil-e001.family.tsv, /shared/users/grupo1/lemmi16s/benchmark/evaluations/filtering_threshold.lotus_303_lemmi16s.HM_Contaminated_Soil.family.tsv

[Tue Sep  8 15:23:15 2026]
Finished job 19.
17 of 42 steps (40%) done
[Tue Sep  8 15:23:15 2026]
Finished job 11.
18 of 42 steps (43%) done
Select jobs to execute...

[Tue Sep  8 15:23:15 2026]
Job 9: Computing precision...
Reason: Missing output files: /shared/users/grupo1/lemmi16s/benchmark/evaluations/precision.lotus_303_lemmi16s.HM_Contaminated_Soil-e001.family.tsv; Input files updated by another job: /shared/users/grupo1/lemmi16s/benchmark/evaluations/predictions.lotus_303_lemmi16s.HM_Contaminated_Soil-e001.family.tsv, /shared/users/grupo1/lemmi16s/benchmark/evaluations/filtering_threshold.lotus_303_lemmi16s.HM_Contaminated_Soil.family.tsv

[Tue Sep  8 15:23:16 2026]
Job 15: Computing l2...
Reason: Missing output files: /shared/users/grupo1/lemmi16s/benchmark/evaluations/l2.lotus_303_lemmi16s.HM_Contaminated_Soil-e001.family.tsv; Input files updated by another job: /shared/users/grupo1/lemmi16s/benchmark/evaluations/predictions.lotus_303_lemmi16s.HM_Contaminated_Soil-e001.family.tsv, /shared/users/grupo1/lemmi16s/benchmark/evaluations/filtering_threshold.lotus_303_lemmi16s.HM_Contaminated_Soil.family.tsv

[Tue Sep  8 15:23:16 2026]
Finished job 8.
19 of 42 steps (45%) done
Select jobs to execute...

[Tue Sep  8 15:23:16 2026]
Job 14: Computing fp...
Reason: Missing output files: /shared/users/grupo1/lemmi16s/benchmark/evaluations/fp.lotus_303_lemmi16s.HM_Contaminated_Soil-e001.genus.tsv; Input files updated by another job: /shared/users/grupo1/lemmi16s/benchmark/evaluations/predictions.lotus_303_lemmi16s.HM_Contaminated_Soil-e001.genus.tsv, /shared/users/grupo1/lemmi16s/benchmark/evaluations/filtering_threshold.lotus_303_lemmi16s.HM_Contaminated_Soil.genus.tsv

Select jobs to execute...
/shared/users/grupo1/lemmi16s_env/lib/python3.10/site-packages/google/api_core/_python_version_support.py:254: FutureWarning: You are using a Python version (3.10.21) which Google will stop supporting in new releases of google.api_core once it reaches its end of life (2026-10-04). Please upgrade to the latest Python version, or at least Python 3.11, to continue receiving updates for google.api_core past that date.
  warnings.warn(message, FutureWarning)
/shared/users/grupo1/lemmi16s_env/lib/python3.10/site-packages/google/api_core/_python_version_support.py:254: FutureWarning: You are using a Python version (3.10.21) which Google will stop supporting in new releases of google.api_core once it reaches its end of life (2026-10-04). Please upgrade to the latest Python version, or at least Python 3.11, to continue receiving updates for google.api_core past that date.
  warnings.warn(message, FutureWarning)
/shared/users/grupo1/lemmi16s_env/lib/python3.10/site-packages/google/api_core/_python_version_support.py:254: FutureWarning: You are using a Python version (3.10.21) which Google will stop supporting in new releases of google.api_core once it reaches its end of life (2026-10-04). Please upgrade to the latest Python version, or at least Python 3.11, to continue receiving updates for google.api_core past that date.
  warnings.warn(message, FutureWarning)
/shared/users/grupo1/lemmi16s_env/lib/python3.10/site-packages/google/api_core/_python_version_support.py:254: FutureWarning: You are using a Python version (3.10.21) which Google will stop supporting in new releases of google.api_core once it reaches its end of life (2026-10-04). Please upgrade to the latest Python version, or at least Python 3.11, to continue receiving updates for google.api_core past that date.
  warnings.warn(message, FutureWarning)
Building DAG of jobs...
Using shell: /usr/bin/bash
Provided cores: 4
Rules claiming more threads will be scaled down.
Select jobs to execute...
/shared/users/grupo1/lemmi16s_env/lib/python3.10/site-packages/stopit/__init__.py:10: UserWarning: pkg_resources is deprecated as an API. See https://setuptools.pypa.io/en/latest/pkg_resources.html. The pkg_resources package is slated for removal as early as 2025-11-30. Refrain from using this package or pin to Setuptools<81.
  import pkg_resources
Building DAG of jobs...
Using shell: /usr/bin/bash
Provided cores: 4
Rules claiming more threads will be scaled down.
Select jobs to execute...
/shared/users/grupo1/lemmi16s_env/lib/python3.10/site-packages/stopit/__init__.py:10: UserWarning: pkg_resources is deprecated as an API. See https://setuptools.pypa.io/en/latest/pkg_resources.html. The pkg_resources package is slated for removal as early as 2025-11-30. Refrain from using this package or pin to Setuptools<81.
  import pkg_resources
Building DAG of jobs...
Using shell: /usr/bin/bash
Provided cores: 4
Rules claiming more threads will be scaled down.
Select jobs to execute...
/shared/users/grupo1/lemmi16s_env/lib/python3.10/site-packages/stopit/__init__.py:10: UserWarning: pkg_resources is deprecated as an API. See https://setuptools.pypa.io/en/latest/pkg_resources.html. The pkg_resources package is slated for removal as early as 2025-11-30. Refrain from using this package or pin to Setuptools<81.
  import pkg_resources
Building DAG of jobs...
Using shell: /usr/bin/bash
Provided cores: 4
Rules claiming more threads will be scaled down.
Select jobs to execute...
/shared/users/grupo1/lemmi16s_env/lib/python3.10/site-packages/stopit/__init__.py:10: UserWarning: pkg_resources is deprecated as an API. See https://setuptools.pypa.io/en/latest/pkg_resources.html. The pkg_resources package is slated for removal as early as 2025-11-30. Refrain from using this package or pin to Setuptools<81.
  import pkg_resources
[Tue Sep  8 15:23:20 2026]
Finished job 17.
20 of 42 steps (48%) done

[Tue Sep  8 15:23:20 2026]
Job 12: Computing tp...
Reason: Missing output files: /shared/users/grupo1/lemmi16s/benchmark/evaluations/tp.lotus_303_lemmi16s.HM_Contaminated_Soil-e001.genus.tsv; Input files updated by another job: /shared/users/grupo1/lemmi16s/benchmark/evaluations/predictions.lotus_303_lemmi16s.HM_Contaminated_Soil-e001.genus.tsv, /shared/users/grupo1/lemmi16s/benchmark/evaluations/filtering_threshold.lotus_303_lemmi16s.HM_Contaminated_Soil.genus.tsv

[Tue Sep  8 15:23:20 2026]
Finished job 9.
21 of 42 steps (50%) done
Select jobs to execute...

[Tue Sep  8 15:23:20 2026]
Job 16: Computing l2...
Reason: Missing output files: /shared/users/grupo1/lemmi16s/benchmark/evaluations/l2.lotus_303_lemmi16s.HM_Contaminated_Soil-e001.genus.tsv; Input files updated by another job: /shared/users/grupo1/lemmi16s/benchmark/evaluations/predictions.lotus_303_lemmi16s.HM_Contaminated_Soil-e001.genus.tsv, /shared/users/grupo1/lemmi16s/benchmark/evaluations/filtering_threshold.lotus_303_lemmi16s.HM_Contaminated_Soil.genus.tsv

[Tue Sep  8 15:23:20 2026]
Finished job 15.
22 of 42 steps (52%) done
Select jobs to execute...

[Tue Sep  8 15:23:20 2026]
Job 10: Computing precision...
Reason: Missing output files: /shared/users/grupo1/lemmi16s/benchmark/evaluations/precision.lotus_303_lemmi16s.HM_Contaminated_Soil-e001.genus.tsv; Input files updated by another job: /shared/users/grupo1/lemmi16s/benchmark/evaluations/predictions.lotus_303_lemmi16s.HM_Contaminated_Soil-e001.genus.tsv, /shared/users/grupo1/lemmi16s/benchmark/evaluations/filtering_threshold.lotus_303_lemmi16s.HM_Contaminated_Soil.genus.tsv

[Tue Sep  8 15:23:21 2026]
Finished job 14.
23 of 42 steps (55%) done
Select jobs to execute...

[Tue Sep  8 15:23:21 2026]
Job 18: Computing f1...
Reason: Missing output files: /shared/users/grupo1/lemmi16s/benchmark/evaluations/f1.lotus_303_lemmi16s.HM_Contaminated_Soil-e001.genus.tsv; Input files updated by another job: /shared/users/grupo1/lemmi16s/benchmark/evaluations/predictions.lotus_303_lemmi16s.HM_Contaminated_Soil-e001.genus.tsv, /shared/users/grupo1/lemmi16s/benchmark/evaluations/filtering_threshold.lotus_303_lemmi16s.HM_Contaminated_Soil.genus.tsv

/shared/users/grupo1/lemmi16s_env/lib/python3.10/site-packages/google/api_core/_python_version_support.py:254: FutureWarning: You are using a Python version (3.10.21) which Google will stop supporting in new releases of google.api_core once it reaches its end of life (2026-10-04). Please upgrade to the latest Python version, or at least Python 3.11, to continue receiving updates for google.api_core past that date.
  warnings.warn(message, FutureWarning)
/shared/users/grupo1/lemmi16s_env/lib/python3.10/site-packages/google/api_core/_python_version_support.py:254: FutureWarning: You are using a Python version (3.10.21) which Google will stop supporting in new releases of google.api_core once it reaches its end of life (2026-10-04). Please upgrade to the latest Python version, or at least Python 3.11, to continue receiving updates for google.api_core past that date.
  warnings.warn(message, FutureWarning)
/shared/users/grupo1/lemmi16s_env/lib/python3.10/site-packages/google/api_core/_python_version_support.py:254: FutureWarning: You are using a Python version (3.10.21) which Google will stop supporting in new releases of google.api_core once it reaches its end of life (2026-10-04). Please upgrade to the latest Python version, or at least Python 3.11, to continue receiving updates for google.api_core past that date.
  warnings.warn(message, FutureWarning)
/shared/users/grupo1/lemmi16s_env/lib/python3.10/site-packages/google/api_core/_python_version_support.py:254: FutureWarning: You are using a Python version (3.10.21) which Google will stop supporting in new releases of google.api_core once it reaches its end of life (2026-10-04). Please upgrade to the latest Python version, or at least Python 3.11, to continue receiving updates for google.api_core past that date.
  warnings.warn(message, FutureWarning)
Building DAG of jobs...
Using shell: /usr/bin/bash
Provided cores: 4
Rules claiming more threads will be scaled down.
Select jobs to execute...
/shared/users/grupo1/lemmi16s_env/lib/python3.10/site-packages/stopit/__init__.py:10: UserWarning: pkg_resources is deprecated as an API. See https://setuptools.pypa.io/en/latest/pkg_resources.html. The pkg_resources package is slated for removal as early as 2025-11-30. Refrain from using this package or pin to Setuptools<81.
  import pkg_resources
Building DAG of jobs...
Using shell: /usr/bin/bash
Provided cores: 4
Rules claiming more threads will be scaled down.
Select jobs to execute...
/shared/users/grupo1/lemmi16s_env/lib/python3.10/site-packages/stopit/__init__.py:10: UserWarning: pkg_resources is deprecated as an API. See https://setuptools.pypa.io/en/latest/pkg_resources.html. The pkg_resources package is slated for removal as early as 2025-11-30. Refrain from using this package or pin to Setuptools<81.
  import pkg_resources
Building DAG of jobs...
Using shell: /usr/bin/bash
Provided cores: 4
Rules claiming more threads will be scaled down.
Select jobs to execute...
/shared/users/grupo1/lemmi16s_env/lib/python3.10/site-packages/stopit/__init__.py:10: UserWarning: pkg_resources is deprecated as an API. See https://setuptools.pypa.io/en/latest/pkg_resources.html. The pkg_resources package is slated for removal as early as 2025-11-30. Refrain from using this package or pin to Setuptools<81.
  import pkg_resources
Building DAG of jobs...
Using shell: /usr/bin/bash
Provided cores: 4
Rules claiming more threads will be scaled down.
Select jobs to execute...
/shared/users/grupo1/lemmi16s_env/lib/python3.10/site-packages/stopit/__init__.py:10: UserWarning: pkg_resources is deprecated as an API. See https://setuptools.pypa.io/en/latest/pkg_resources.html. The pkg_resources package is slated for removal as early as 2025-11-30. Refrain from using this package or pin to Setuptools<81.
  import pkg_resources
[Tue Sep  8 15:23:25 2026]
Finished job 12.
24 of 42 steps (57%) done
Select jobs to execute...

[Tue Sep  8 15:23:25 2026]
Job 20: Computing recall...
Reason: Missing output files: /shared/users/grupo1/lemmi16s/benchmark/evaluations/recall.lotus_303_lemmi16s.HM_Contaminated_Soil-e001.genus.tsv; Input files updated by another job: /shared/users/grupo1/lemmi16s/benchmark/evaluations/predictions.lotus_303_lemmi16s.HM_Contaminated_Soil-e001.genus.tsv, /shared/users/grupo1/lemmi16s/benchmark/evaluations/filtering_threshold.lotus_303_lemmi16s.HM_Contaminated_Soil.genus.tsv

[Tue Sep  8 15:23:25 2026]
Finished job 10.
25 of 42 steps (60%) done
[Tue Sep  8 15:23:25 2026]
Finished job 16.
26 of 42 steps (62%) done
[Tue Sep  8 15:23:26 2026]
Finished job 18.
27 of 42 steps (64%) done
Select jobs to execute...

[Tue Sep  8 15:23:26 2026]
Job 21: Outputting the f1 table...
Reason: Missing output files: /shared/users/grupo1/lemmi16s/benchmark/final_results/HM_Contaminated_Soil.f1.json, /shared/users/grupo1/lemmi16s/benchmark/final_results/HM_Contaminated_Soil.f1.tsv; Input files updated by another job: /shared/users/grupo1/lemmi16s/benchmark/evaluations/f1.lotus_303_lemmi16s.HM_Contaminated_Soil-e001.family.tsv, /shared/users/grupo1/lemmi16s/benchmark/evaluations/f1.lotus_303_lemmi16s.HM_Contaminated_Soil-e001.genus.tsv

/shared/users/grupo1/lemmi16s_env/lib/python3.10/site-packages/google/api_core/_python_version_support.py:254: FutureWarning: You are using a Python version (3.10.21) which Google will stop supporting in new releases of google.api_core once it reaches its end of life (2026-10-04). Please upgrade to the latest Python version, or at least Python 3.11, to continue receiving updates for google.api_core past that date.
  warnings.warn(message, FutureWarning)
/shared/users/grupo1/lemmi16s_env/lib/python3.10/site-packages/google/api_core/_python_version_support.py:254: FutureWarning: You are using a Python version (3.10.21) which Google will stop supporting in new releases of google.api_core once it reaches its end of life (2026-10-04). Please upgrade to the latest Python version, or at least Python 3.11, to continue receiving updates for google.api_core past that date.
  warnings.warn(message, FutureWarning)
Building DAG of jobs...
Using shell: /usr/bin/bash
Provided cores: 4
Rules claiming more threads will be scaled down.
Select jobs to execute...
/shared/users/grupo1/lemmi16s_env/lib/python3.10/site-packages/stopit/__init__.py:10: UserWarning: pkg_resources is deprecated as an API. See https://setuptools.pypa.io/en/latest/pkg_resources.html. The pkg_resources package is slated for removal as early as 2025-11-30. Refrain from using this package or pin to Setuptools<81.
  import pkg_resources
Building DAG of jobs...
Using shell: /usr/bin/bash
Provided cores: 4
Rules claiming more threads will be scaled down.
Select jobs to execute...
/shared/users/grupo1/lemmi16s_env/lib/python3.10/site-packages/stopit/__init__.py:10: UserWarning: pkg_resources is deprecated as an API. See https://setuptools.pypa.io/en/latest/pkg_resources.html. The pkg_resources package is slated for removal as early as 2025-11-30. Refrain from using this package or pin to Setuptools<81.
  import pkg_resources
[Tue Sep  8 15:23:29 2026]
Finished job 20.
28 of 42 steps (67%) done
[Tue Sep  8 15:23:29 2026]
Finished job 21.
29 of 42 steps (69%) done
Select jobs to execute...

[Tue Sep  8 15:23:29 2026]
Job 33: Outputting the runtime for training table...
Reason: Missing output files: /shared/users/grupo1/lemmi16s/benchmark/final_results/HM_Contaminated_Soil.runtime_training.json, /shared/users/grupo1/lemmi16s/benchmark/final_results/HM_Contaminated_Soil.runtime_training.tsv; Input files updated by another job: /shared/users/grupo1/lemmi16s/benchmark/final_results/HM_Contaminated_Soil.f1.tsv

[Tue Sep  8 15:23:29 2026]
Job 22: Outputting the precision table...
Reason: Missing output files: /shared/users/grupo1/lemmi16s/benchmark/final_results/HM_Contaminated_Soil.precision.json, /shared/users/grupo1/lemmi16s/benchmark/final_results/HM_Contaminated_Soil.precision.tsv; Input files updated by another job: /shared/users/grupo1/lemmi16s/benchmark/final_results/HM_Contaminated_Soil.f1.tsv, /shared/users/grupo1/lemmi16s/benchmark/evaluations/precision.lotus_303_lemmi16s.HM_Contaminated_Soil-e001.genus.tsv, /shared/users/grupo1/lemmi16s/benchmark/evaluations/precision.lotus_303_lemmi16s.HM_Contaminated_Soil-e001.family.tsv

[Tue Sep  8 15:23:29 2026]
Job 31: Outputting the prc table...
Reason: Missing output files: /shared/users/grupo1/lemmi16s/benchmark/final_results/HM_Contaminated_Soil.prc.tsv, /shared/users/grupo1/lemmi16s/benchmark/final_results/HM_Contaminated_Soil.prc.json; Input files updated by another job: /shared/users/grupo1/lemmi16s/benchmark/evaluations/prc.lotus_303_lemmi16s.HM_Contaminated_Soil.family.tsv, /shared/users/grupo1/lemmi16s/benchmark/evaluations/prc.lotus_303_lemmi16s.HM_Contaminated_Soil.genus.tsv, /shared/users/grupo1/lemmi16s/benchmark/final_results/HM_Contaminated_Soil.f1.tsv

[Tue Sep  8 15:23:29 2026]
Job 32: Outputting the memory for training table...
Reason: Missing output files: /shared/users/grupo1/lemmi16s/benchmark/final_results/HM_Contaminated_Soil.memory_training.tsv, /shared/users/grupo1/lemmi16s/benchmark/final_results/HM_Contaminated_Soil.memory_training.json; Input files updated by another job: /shared/users/grupo1/lemmi16s/benchmark/final_results/HM_Contaminated_Soil.f1.tsv

/shared/users/grupo1/lemmi16s_env/lib/python3.10/site-packages/google/api_core/_python_version_support.py:254: FutureWarning: You are using a Python version (3.10.21) which Google will stop supporting in new releases of google.api_core once it reaches its end of life (2026-10-04). Please upgrade to the latest Python version, or at least Python 3.11, to continue receiving updates for google.api_core past that date.
  warnings.warn(message, FutureWarning)
/shared/users/grupo1/lemmi16s_env/lib/python3.10/site-packages/google/api_core/_python_version_support.py:254: FutureWarning: You are using a Python version (3.10.21) which Google will stop supporting in new releases of google.api_core once it reaches its end of life (2026-10-04). Please upgrade to the latest Python version, or at least Python 3.11, to continue receiving updates for google.api_core past that date.
  warnings.warn(message, FutureWarning)
/shared/users/grupo1/lemmi16s_env/lib/python3.10/site-packages/google/api_core/_python_version_support.py:254: FutureWarning: You are using a Python version (3.10.21) which Google will stop supporting in new releases of google.api_core once it reaches its end of life (2026-10-04). Please upgrade to the latest Python version, or at least Python 3.11, to continue receiving updates for google.api_core past that date.
  warnings.warn(message, FutureWarning)
/shared/users/grupo1/lemmi16s_env/lib/python3.10/site-packages/google/api_core/_python_version_support.py:254: FutureWarning: You are using a Python version (3.10.21) which Google will stop supporting in new releases of google.api_core once it reaches its end of life (2026-10-04). Please upgrade to the latest Python version, or at least Python 3.11, to continue receiving updates for google.api_core past that date.
  warnings.warn(message, FutureWarning)
Building DAG of jobs...
Using shell: /usr/bin/bash
Provided cores: 4
Rules claiming more threads will be scaled down.
Select jobs to execute...
/shared/users/grupo1/lemmi16s_env/lib/python3.10/site-packages/stopit/__init__.py:10: UserWarning: pkg_resources is deprecated as an API. See https://setuptools.pypa.io/en/latest/pkg_resources.html. The pkg_resources package is slated for removal as early as 2025-11-30. Refrain from using this package or pin to Setuptools<81.
  import pkg_resources
Building DAG of jobs...
Using shell: /usr/bin/bash
Provided cores: 4
Rules claiming more threads will be scaled down.
Select jobs to execute...
/shared/users/grupo1/lemmi16s_env/lib/python3.10/site-packages/stopit/__init__.py:10: UserWarning: pkg_resources is deprecated as an API. See https://setuptools.pypa.io/en/latest/pkg_resources.html. The pkg_resources package is slated for removal as early as 2025-11-30. Refrain from using this package or pin to Setuptools<81.
  import pkg_resources
Building DAG of jobs...
Using shell: /usr/bin/bash
Provided cores: 4
Rules claiming more threads will be scaled down.
Select jobs to execute...
/shared/users/grupo1/lemmi16s_env/lib/python3.10/site-packages/stopit/__init__.py:10: UserWarning: pkg_resources is deprecated as an API. See https://setuptools.pypa.io/en/latest/pkg_resources.html. The pkg_resources package is slated for removal as early as 2025-11-30. Refrain from using this package or pin to Setuptools<81.
  import pkg_resources
Building DAG of jobs...
Using shell: /usr/bin/bash
Provided cores: 4
Rules claiming more threads will be scaled down.
Select jobs to execute...
/shared/users/grupo1/lemmi16s_env/lib/python3.10/site-packages/stopit/__init__.py:10: UserWarning: pkg_resources is deprecated as an API. See https://setuptools.pypa.io/en/latest/pkg_resources.html. The pkg_resources package is slated for removal as early as 2025-11-30. Refrain from using this package or pin to Setuptools<81.
  import pkg_resources
[Tue Sep  8 15:23:34 2026]
Finished job 33.
30 of 42 steps (71%) done
Select jobs to execute...

[Tue Sep  8 15:23:34 2026]
Job 30: Outputting the auprc table...
Reason: Missing output files: /shared/users/grupo1/lemmi16s/benchmark/final_results/HM_Contaminated_Soil.auprc.json, /shared/users/grupo1/lemmi16s/benchmark/final_results/HM_Contaminated_Soil.auprc.tsv; Input files updated by another job: /shared/users/grupo1/lemmi16s/benchmark/evaluations/auprc.lotus_303_lemmi16s.HM_Contaminated_Soil.genus.tsv, /shared/users/grupo1/lemmi16s/benchmark/final_results/HM_Contaminated_Soil.f1.tsv, /shared/users/grupo1/lemmi16s/benchmark/evaluations/auprc.lotus_303_lemmi16s.HM_Contaminated_Soil.family.tsv

[Tue Sep  8 15:23:34 2026]
Finished job 22.
31 of 42 steps (74%) done
Select jobs to execute...

[Tue Sep  8 15:23:34 2026]
Job 29: Outputting the filtering thresholds table...
Reason: Missing output files: /shared/users/grupo1/lemmi16s/benchmark/final_results/HM_Contaminated_Soil.filtering_threshold.tsv, /shared/users/grupo1/lemmi16s/benchmark/final_results/HM_Contaminated_Soil.filtering_threshold.json; Input files updated by another job: /shared/users/grupo1/lemmi16s/benchmark/final_results/HM_Contaminated_Soil.f1.tsv, /shared/users/grupo1/lemmi16s/benchmark/evaluations/filtering_threshold.lotus_303_lemmi16s.HM_Contaminated_Soil.family.tsv, /shared/users/grupo1/lemmi16s/benchmark/evaluations/filtering_threshold.lotus_303_lemmi16s.HM_Contaminated_Soil.genus.tsv

[Tue Sep  8 15:23:34 2026]
Finished job 31.
32 of 42 steps (76%) done
[Tue Sep  8 15:23:34 2026]
Finished job 32.
33 of 42 steps (79%) done
Select jobs to execute...

[Tue Sep  8 15:23:35 2026]
Job 24: Outputting the fp table...
Reason: Missing output files: /shared/users/grupo1/lemmi16s/benchmark/final_results/HM_Contaminated_Soil.fp.tsv, /shared/users/grupo1/lemmi16s/benchmark/final_results/HM_Contaminated_Soil.fp.json; Input files updated by another job: /shared/users/grupo1/lemmi16s/benchmark/final_results/HM_Contaminated_Soil.f1.tsv, /shared/users/grupo1/lemmi16s/benchmark/evaluations/fp.lotus_303_lemmi16s.HM_Contaminated_Soil-e001.genus.tsv, /shared/users/grupo1/lemmi16s/benchmark/evaluations/fp.lotus_303_lemmi16s.HM_Contaminated_Soil-e001.family.tsv

[Tue Sep  8 15:23:35 2026]
Job 25: Outputting the recall table...
Reason: Missing output files: /shared/users/grupo1/lemmi16s/benchmark/final_results/HM_Contaminated_Soil.recall.tsv, /shared/users/grupo1/lemmi16s/benchmark/final_results/HM_Contaminated_Soil.recall.json; Input files updated by another job: /shared/users/grupo1/lemmi16s/benchmark/evaluations/recall.lotus_303_lemmi16s.HM_Contaminated_Soil-e001.family.tsv, /shared/users/grupo1/lemmi16s/benchmark/final_results/HM_Contaminated_Soil.f1.tsv, /shared/users/grupo1/lemmi16s/benchmark/evaluations/recall.lotus_303_lemmi16s.HM_Contaminated_Soil-e001.genus.tsv

Select jobs to execute...
/shared/users/grupo1/lemmi16s_env/lib/python3.10/site-packages/google/api_core/_python_version_support.py:254: FutureWarning: You are using a Python version (3.10.21) which Google will stop supporting in new releases of google.api_core once it reaches its end of life (2026-10-04). Please upgrade to the latest Python version, or at least Python 3.11, to continue receiving updates for google.api_core past that date.
  warnings.warn(message, FutureWarning)
/shared/users/grupo1/lemmi16s_env/lib/python3.10/site-packages/google/api_core/_python_version_support.py:254: FutureWarning: You are using a Python version (3.10.21) which Google will stop supporting in new releases of google.api_core once it reaches its end of life (2026-10-04). Please upgrade to the latest Python version, or at least Python 3.11, to continue receiving updates for google.api_core past that date.
  warnings.warn(message, FutureWarning)
/shared/users/grupo1/lemmi16s_env/lib/python3.10/site-packages/google/api_core/_python_version_support.py:254: FutureWarning: You are using a Python version (3.10.21) which Google will stop supporting in new releases of google.api_core once it reaches its end of life (2026-10-04). Please upgrade to the latest Python version, or at least Python 3.11, to continue receiving updates for google.api_core past that date.
  warnings.warn(message, FutureWarning)
/shared/users/grupo1/lemmi16s_env/lib/python3.10/site-packages/google/api_core/_python_version_support.py:254: FutureWarning: You are using a Python version (3.10.21) which Google will stop supporting in new releases of google.api_core once it reaches its end of life (2026-10-04). Please upgrade to the latest Python version, or at least Python 3.11, to continue receiving updates for google.api_core past that date.
  warnings.warn(message, FutureWarning)
Building DAG of jobs...
Using shell: /usr/bin/bash
Provided cores: 4
Rules claiming more threads will be scaled down.
Select jobs to execute...
/shared/users/grupo1/lemmi16s_env/lib/python3.10/site-packages/stopit/__init__.py:10: UserWarning: pkg_resources is deprecated as an API. See https://setuptools.pypa.io/en/latest/pkg_resources.html. The pkg_resources package is slated for removal as early as 2025-11-30. Refrain from using this package or pin to Setuptools<81.
  import pkg_resources
Building DAG of jobs...
Using shell: /usr/bin/bash
Provided cores: 4
Rules claiming more threads will be scaled down.
Select jobs to execute...
/shared/users/grupo1/lemmi16s_env/lib/python3.10/site-packages/stopit/__init__.py:10: UserWarning: pkg_resources is deprecated as an API. See https://setuptools.pypa.io/en/latest/pkg_resources.html. The pkg_resources package is slated for removal as early as 2025-11-30. Refrain from using this package or pin to Setuptools<81.
  import pkg_resources
Building DAG of jobs...
Using shell: /usr/bin/bash
Provided cores: 4
Rules claiming more threads will be scaled down.
Select jobs to execute...
/shared/users/grupo1/lemmi16s_env/lib/python3.10/site-packages/stopit/__init__.py:10: UserWarning: pkg_resources is deprecated as an API. See https://setuptools.pypa.io/en/latest/pkg_resources.html. The pkg_resources package is slated for removal as early as 2025-11-30. Refrain from using this package or pin to Setuptools<81.
  import pkg_resources
Building DAG of jobs...
Using shell: /usr/bin/bash
Provided cores: 4
Rules claiming more threads will be scaled down.
Select jobs to execute...
/shared/users/grupo1/lemmi16s_env/lib/python3.10/site-packages/stopit/__init__.py:10: UserWarning: pkg_resources is deprecated as an API. See https://setuptools.pypa.io/en/latest/pkg_resources.html. The pkg_resources package is slated for removal as early as 2025-11-30. Refrain from using this package or pin to Setuptools<81.
  import pkg_resources
[Tue Sep  8 15:23:39 2026]
Finished job 30.
34 of 42 steps (81%) done

[Tue Sep  8 15:23:39 2026]
Job 26: Outputting the l2 table...
Reason: Missing output files: /shared/users/grupo1/lemmi16s/benchmark/final_results/HM_Contaminated_Soil.l2.json, /shared/users/grupo1/lemmi16s/benchmark/final_results/HM_Contaminated_Soil.l2.tsv; Input files updated by another job: /shared/users/grupo1/lemmi16s/benchmark/final_results/HM_Contaminated_Soil.f1.tsv, /shared/users/grupo1/lemmi16s/benchmark/evaluations/l2.lotus_303_lemmi16s.HM_Contaminated_Soil-e001.family.tsv, /shared/users/grupo1/lemmi16s/benchmark/evaluations/l2.lotus_303_lemmi16s.HM_Contaminated_Soil-e001.genus.tsv

[Tue Sep  8 15:23:39 2026]
Finished job 29.
35 of 42 steps (83%) done
Select jobs to execute...

[Tue Sep  8 15:23:39 2026]
Job 28: Outputting the runtime for analysis table...
Reason: Missing output files: /shared/users/grupo1/lemmi16s/benchmark/final_results/HM_Contaminated_Soil.runtime_analysis.tsv, /shared/users/grupo1/lemmi16s/benchmark/final_results/HM_Contaminated_Soil.runtime_analysis.json; Input files updated by another job: /shared/users/grupo1/lemmi16s/benchmark/final_results/HM_Contaminated_Soil.f1.tsv

[Tue Sep  8 15:23:39 2026]
Finished job 24.
36 of 42 steps (86%) done
Select jobs to execute...

[Tue Sep  8 15:23:39 2026]
Job 23: Outputting the tp table...
Reason: Missing output files: /shared/users/grupo1/lemmi16s/benchmark/final_results/HM_Contaminated_Soil.tp.json, /shared/users/grupo1/lemmi16s/benchmark/final_results/HM_Contaminated_Soil.tp.tsv; Input files updated by another job: /shared/users/grupo1/lemmi16s/benchmark/evaluations/tp.lotus_303_lemmi16s.HM_Contaminated_Soil-e001.genus.tsv, /shared/users/grupo1/lemmi16s/benchmark/final_results/HM_Contaminated_Soil.f1.tsv, /shared/users/grupo1/lemmi16s/benchmark/evaluations/tp.lotus_303_lemmi16s.HM_Contaminated_Soil-e001.family.tsv

[Tue Sep  8 15:23:39 2026]
Finished job 25.
37 of 42 steps (88%) done
Select jobs to execute...

[Tue Sep  8 15:23:39 2026]
Job 27: Outputting the memory for analysis table...
Reason: Missing output files: /shared/users/grupo1/lemmi16s/benchmark/final_results/HM_Contaminated_Soil.memory_analysis.tsv, /shared/users/grupo1/lemmi16s/benchmark/final_results/HM_Contaminated_Soil.memory_analysis.json; Input files updated by another job: /shared/users/grupo1/lemmi16s/benchmark/final_results/HM_Contaminated_Soil.f1.tsv

/shared/users/grupo1/lemmi16s_env/lib/python3.10/site-packages/google/api_core/_python_version_support.py:254: FutureWarning: You are using a Python version (3.10.21) which Google will stop supporting in new releases of google.api_core once it reaches its end of life (2026-10-04). Please upgrade to the latest Python version, or at least Python 3.11, to continue receiving updates for google.api_core past that date.
  warnings.warn(message, FutureWarning)
/shared/users/grupo1/lemmi16s_env/lib/python3.10/site-packages/google/api_core/_python_version_support.py:254: FutureWarning: You are using a Python version (3.10.21) which Google will stop supporting in new releases of google.api_core once it reaches its end of life (2026-10-04). Please upgrade to the latest Python version, or at least Python 3.11, to continue receiving updates for google.api_core past that date.
  warnings.warn(message, FutureWarning)
/shared/users/grupo1/lemmi16s_env/lib/python3.10/site-packages/google/api_core/_python_version_support.py:254: FutureWarning: You are using a Python version (3.10.21) which Google will stop supporting in new releases of google.api_core once it reaches its end of life (2026-10-04). Please upgrade to the latest Python version, or at least Python 3.11, to continue receiving updates for google.api_core past that date.
  warnings.warn(message, FutureWarning)
/shared/users/grupo1/lemmi16s_env/lib/python3.10/site-packages/google/api_core/_python_version_support.py:254: FutureWarning: You are using a Python version (3.10.21) which Google will stop supporting in new releases of google.api_core once it reaches its end of life (2026-10-04). Please upgrade to the latest Python version, or at least Python 3.11, to continue receiving updates for google.api_core past that date.
  warnings.warn(message, FutureWarning)
Building DAG of jobs...
Using shell: /usr/bin/bash
Provided cores: 4
Rules claiming more threads will be scaled down.
Select jobs to execute...
Building DAG of jobs...
Using shell: /usr/bin/bash
Provided cores: 4
Rules claiming more threads will be scaled down.
Select jobs to execute...
/shared/users/grupo1/lemmi16s_env/lib/python3.10/site-packages/stopit/__init__.py:10: UserWarning: pkg_resources is deprecated as an API. See https://setuptools.pypa.io/en/latest/pkg_resources.html. The pkg_resources package is slated for removal as early as 2025-11-30. Refrain from using this package or pin to Setuptools<81.
  import pkg_resources
/shared/users/grupo1/lemmi16s_env/lib/python3.10/site-packages/stopit/__init__.py:10: UserWarning: pkg_resources is deprecated as an API. See https://setuptools.pypa.io/en/latest/pkg_resources.html. The pkg_resources package is slated for removal as early as 2025-11-30. Refrain from using this package or pin to Setuptools<81.
  import pkg_resources
Building DAG of jobs...
Using shell: /usr/bin/bash
Provided cores: 4
Rules claiming more threads will be scaled down.
Select jobs to execute...
/shared/users/grupo1/lemmi16s_env/lib/python3.10/site-packages/stopit/__init__.py:10: UserWarning: pkg_resources is deprecated as an API. See https://setuptools.pypa.io/en/latest/pkg_resources.html. The pkg_resources package is slated for removal as early as 2025-11-30. Refrain from using this package or pin to Setuptools<81.
  import pkg_resources
Building DAG of jobs...
Using shell: /usr/bin/bash
Provided cores: 4
Rules claiming more threads will be scaled down.
Select jobs to execute...
/shared/users/grupo1/lemmi16s_env/lib/python3.10/site-packages/stopit/__init__.py:10: UserWarning: pkg_resources is deprecated as an API. See https://setuptools.pypa.io/en/latest/pkg_resources.html. The pkg_resources package is slated for removal as early as 2025-11-30. Refrain from using this package or pin to Setuptools<81.
  import pkg_resources
[Tue Sep  8 15:23:43 2026]
Finished job 26.
38 of 42 steps (90%) done
[Tue Sep  8 15:23:43 2026]
Finished job 28.
39 of 42 steps (93%) done
[Tue Sep  8 15:23:44 2026]
Finished job 23.
40 of 42 steps (95%) done
[Tue Sep  8 15:23:44 2026]
Finished job 27.
41 of 42 steps (98%) done
Select jobs to execute...

[Tue Sep  8 15:23:44 2026]
localrule target:
    input: /shared/users/grupo1/lemmi16s/benchmark/evaluations/predictions.lotus_303_lemmi16s.HM_Contaminated_Soil-c001.family.tsv, /shared/users/grupo1/lemmi16s/benchmark/evaluations/predictions.lotus_303_lemmi16s.HM_Contaminated_Soil-c001.genus.tsv, /shared/users/grupo1/lemmi16s/benchmark/evaluations/predictions.lotus_303_lemmi16s.HM_Contaminated_Soil-c002.family.tsv, /shared/users/grupo1/lemmi16s/benchmark/evaluations/predictions.lotus_303_lemmi16s.HM_Contaminated_Soil-c002.genus.tsv, /shared/users/grupo1/lemmi16s/benchmark/evaluations/predictions.lotus_303_lemmi16s.HM_Contaminated_Soil-e001.family.tsv, /shared/users/grupo1/lemmi16s/benchmark/evaluations/predictions.lotus_303_lemmi16s.HM_Contaminated_Soil-e001.genus.tsv, /shared/users/grupo1/lemmi16s/benchmark/evaluations/filtering_threshold.lotus_303_lemmi16s.HM_Contaminated_Soil.family.tsv, /shared/users/grupo1/lemmi16s/benchmark/evaluations/filtering_threshold.lotus_303_lemmi16s.HM_Contaminated_Soil.genus.tsv, /shared/users/grupo1/lemmi16s/benchmark/evaluations/precision.lotus_303_lemmi16s.HM_Contaminated_Soil-e001.family.tsv, /shared/users/grupo1/lemmi16s/benchmark/evaluations/precision.lotus_303_lemmi16s.HM_Contaminated_Soil-e001.genus.tsv, /shared/users/grupo1/lemmi16s/benchmark/evaluations/tp.lotus_303_lemmi16s.HM_Contaminated_Soil-e001.family.tsv, /shared/users/grupo1/lemmi16s/benchmark/evaluations/tp.lotus_303_lemmi16s.HM_Contaminated_Soil-e001.genus.tsv, /shared/users/grupo1/lemmi16s/benchmark/evaluations/fp.lotus_303_lemmi16s.HM_Contaminated_Soil-e001.family.tsv, /shared/users/grupo1/lemmi16s/benchmark/evaluations/fp.lotus_303_lemmi16s.HM_Contaminated_Soil-e001.genus.tsv, /shared/users/grupo1/lemmi16s/benchmark/evaluations/l2.lotus_303_lemmi16s.HM_Contaminated_Soil-e001.family.tsv, /shared/users/grupo1/lemmi16s/benchmark/evaluations/l2.lotus_303_lemmi16s.HM_Contaminated_Soil-e001.genus.tsv, /shared/users/grupo1/lemmi16s/benchmark/evaluations/f1.lotus_303_lemmi16s.HM_Contaminated_Soil-e001.family.tsv, /shared/users/grupo1/lemmi16s/benchmark/evaluations/f1.lotus_303_lemmi16s.HM_Contaminated_Soil-e001.genus.tsv, /shared/users/grupo1/lemmi16s/benchmark/evaluations/recall.lotus_303_lemmi16s.HM_Contaminated_Soil-e001.family.tsv, /shared/users/grupo1/lemmi16s/benchmark/evaluations/recall.lotus_303_lemmi16s.HM_Contaminated_Soil-e001.genus.tsv, /shared/users/grupo1/lemmi16s/benchmark/final_results/HM_Contaminated_Soil.f1.tsv, /shared/users/grupo1/lemmi16s/benchmark/final_results/HM_Contaminated_Soil.f1.json, /shared/users/grupo1/lemmi16s/benchmark/final_results/HM_Contaminated_Soil.precision.tsv, /shared/users/grupo1/lemmi16s/benchmark/final_results/HM_Contaminated_Soil.precision.json, /shared/users/grupo1/lemmi16s/benchmark/final_results/HM_Contaminated_Soil.tp.tsv, /shared/users/grupo1/lemmi16s/benchmark/final_results/HM_Contaminated_Soil.tp.json, /shared/users/grupo1/lemmi16s/benchmark/final_results/HM_Contaminated_Soil.fp.tsv, /shared/users/grupo1/lemmi16s/benchmark/final_results/HM_Contaminated_Soil.fp.json, /shared/users/grupo1/lemmi16s/benchmark/final_results/HM_Contaminated_Soil.recall.tsv, /shared/users/grupo1/lemmi16s/benchmark/final_results/HM_Contaminated_Soil.recall.json, /shared/users/grupo1/lemmi16s/benchmark/final_results/HM_Contaminated_Soil.l2.tsv, /shared/users/grupo1/lemmi16s/benchmark/final_results/HM_Contaminated_Soil.l2.json, /shared/users/grupo1/lemmi16s/benchmark/final_results/HM_Contaminated_Soil.memory_analysis.tsv, /shared/users/grupo1/lemmi16s/benchmark/final_results/HM_Contaminated_Soil.memory_analysis.json, /shared/users/grupo1/lemmi16s/benchmark/final_results/HM_Contaminated_Soil.runtime_analysis.tsv, /shared/users/grupo1/lemmi16s/benchmark/final_results/HM_Contaminated_Soil.runtime_analysis.json, /shared/users/grupo1/lemmi16s/benchmark/final_results/HM_Contaminated_Soil.filtering_threshold.tsv, /shared/users/grupo1/lemmi16s/benchmark/final_results/HM_Contaminated_Soil.filtering_threshold.json, /shared/users/grupo1/lemmi16s/benchmark/final_results/HM_Contaminated_Soil.auprc.tsv, /shared/users/grupo1/lemmi16s/benchmark/final_results/HM_Contaminated_Soil.auprc.json, /shared/users/grupo1/lemmi16s/benchmark/final_results/HM_Contaminated_Soil.prc.tsv, /shared/users/grupo1/lemmi16s/benchmark/final_results/HM_Contaminated_Soil.prc.json, /shared/users/grupo1/lemmi16s/benchmark/final_results/HM_Contaminated_Soil.memory_training.tsv, /shared/users/grupo1/lemmi16s/benchmark/final_results/HM_Contaminated_Soil.memory_training.json, /shared/users/grupo1/lemmi16s/benchmark/final_results/HM_Contaminated_Soil.runtime_training.tsv, /shared/users/grupo1/lemmi16s/benchmark/final_results/HM_Contaminated_Soil.runtime_training.json, /shared/users/grupo1/lemmi16s/benchmark/final_results/lotus_303_lemmi16s.HM_Contaminated_Soil-e001.family.tsv, /shared/users/grupo1/lemmi16s/benchmark/final_results/lotus_303_lemmi16s.HM_Contaminated_Soil-e001.genus.tsv, /shared/users/grupo1/lemmi16s/benchmark/final_results/lotus_303_lemmi16s.HM_Contaminated_Soil-c001.family.tsv, /shared/users/grupo1/lemmi16s/benchmark/final_results/lotus_303_lemmi16s.HM_Contaminated_Soil-c001.genus.tsv, /shared/users/grupo1/lemmi16s/benchmark/final_results/lotus_303_lemmi16s.HM_Contaminated_Soil-c002.family.tsv, /shared/users/grupo1/lemmi16s/benchmark/final_results/lotus_303_lemmi16s.HM_Contaminated_Soil-c002.genus.tsv, /shared/users/grupo1/lemmi16s/benchmark/final_results/HM_Contaminated_Soil-e001.json, /shared/users/grupo1/lemmi16s/benchmark/final_results/HM_Contaminated_Soil.structure.json, /shared/users/grupo1/lemmi16s/benchmark/final_results/HM_Contaminated_Soil.ranks.json
    jobid: 0
    reason: Input files updated by another job: /shared/users/grupo1/lemmi16s/benchmark/final_results/HM_Contaminated_Soil.f1.tsv, /shared/users/grupo1/lemmi16s/benchmark/evaluations/predictions.lotus_303_lemmi16s.HM_Contaminated_Soil-c002.genus.tsv, /shared/users/grupo1/lemmi16s/benchmark/evaluations/filtering_threshold.lotus_303_lemmi16s.HM_Contaminated_Soil.family.tsv, /shared/users/grupo1/lemmi16s/benchmark/evaluations/precision.lotus_303_lemmi16s.HM_Contaminated_Soil-e001.genus.tsv, /shared/users/grupo1/lemmi16s/benchmark/evaluations/f1.lotus_303_lemmi16s.HM_Contaminated_Soil-e001.genus.tsv, /shared/users/grupo1/lemmi16s/benchmark/final_results/HM_Contaminated_Soil.tp.tsv, /shared/users/grupo1/lemmi16s/benchmark/final_results/HM_Contaminated_Soil.fp.json, /shared/users/grupo1/lemmi16s/benchmark/final_results/HM_Contaminated_Soil.prc.json, /shared/users/grupo1/lemmi16s/benchmark/final_results/HM_Contaminated_Soil-e001.json, /shared/users/grupo1/lemmi16s/benchmark/final_results/HM_Contaminated_Soil.runtime_analysis.json, /shared/users/grupo1/lemmi16s/benchmark/final_results/HM_Contaminated_Soil.tp.json, /shared/users/grupo1/lemmi16s/benchmark/final_results/HM_Contaminated_Soil.precision.tsv, /shared/users/grupo1/lemmi16s/benchmark/final_results/lotus_303_lemmi16s.HM_Contaminated_Soil-c002.family.tsv, /shared/users/grupo1/lemmi16s/benchmark/final_results/HM_Contaminated_Soil.recall.tsv, /shared/users/grupo1/lemmi16s/benchmark/final_results/HM_Contaminated_Soil.memory_training.json, /shared/users/grupo1/lemmi16s/benchmark/final_results/HM_Contaminated_Soil.memory_analysis.json, /shared/users/grupo1/lemmi16s/benchmark/final_results/HM_Contaminated_Soil.l2.tsv, /shared/users/grupo1/lemmi16s/benchmark/evaluations/fp.lotus_303_lemmi16s.HM_Contaminated_Soil-e001.family.tsv, /shared/users/grupo1/lemmi16s/benchmark/evaluations/predictions.lotus_303_lemmi16s.HM_Contaminated_Soil-c001.family.tsv, /shared/users/grupo1/lemmi16s/benchmark/evaluations/recall.lotus_303_lemmi16s.HM_Contaminated_Soil-e001.family.tsv, /shared/users/grupo1/lemmi16s/benchmark/final_results/lotus_303_lemmi16s.HM_Contaminated_Soil-e001.genus.tsv, /shared/users/grupo1/lemmi16s/benchmark/final_results/HM_Contaminated_Soil.memory_training.tsv, /shared/users/grupo1/lemmi16s/benchmark/final_results/HM_Contaminated_Soil.filtering_threshold.json, /shared/users/grupo1/lemmi16s/benchmark/evaluations/precision.lotus_303_lemmi16s.HM_Contaminated_Soil-e001.family.tsv, /shared/users/grupo1/lemmi16s/benchmark/final_results/HM_Contaminated_Soil.precision.json, /shared/users/grupo1/lemmi16s/benchmark/final_results/lotus_303_lemmi16s.HM_Contaminated_Soil-e001.family.tsv, /shared/users/grupo1/lemmi16s/benchmark/evaluations/filtering_threshold.lotus_303_lemmi16s.HM_Contaminated_Soil.genus.tsv, /shared/users/grupo1/lemmi16s/benchmark/evaluations/f1.lotus_303_lemmi16s.HM_Contaminated_Soil-e001.family.tsv, /shared/users/grupo1/lemmi16s/benchmark/final_results/HM_Contaminated_Soil.l2.json, /shared/users/grupo1/lemmi16s/benchmark/final_results/HM_Contaminated_Soil.filtering_threshold.tsv, /shared/users/grupo1/lemmi16s/benchmark/evaluations/tp.lotus_303_lemmi16s.HM_Contaminated_Soil-e001.family.tsv, /shared/users/grupo1/lemmi16s/benchmark/final_results/lotus_303_lemmi16s.HM_Contaminated_Soil-c001.family.tsv, /shared/users/grupo1/lemmi16s/benchmark/final_results/HM_Contaminated_Soil.prc.tsv, /shared/users/grupo1/lemmi16s/benchmark/evaluations/fp.lotus_303_lemmi16s.HM_Contaminated_Soil-e001.genus.tsv, /shared/users/grupo1/lemmi16s/benchmark/final_results/HM_Contaminated_Soil.runtime_analysis.tsv, /shared/users/grupo1/lemmi16s/benchmark/evaluations/predictions.lotus_303_lemmi16s.HM_Contaminated_Soil-e001.genus.tsv, /shared/users/grupo1/lemmi16s/benchmark/evaluations/predictions.lotus_303_lemmi16s.HM_Contaminated_Soil-c001.genus.tsv, /shared/users/grupo1/lemmi16s/benchmark/evaluations/l2.lotus_303_lemmi16s.HM_Contaminated_Soil-e001.genus.tsv, /shared/users/grupo1/lemmi16s/benchmark/evaluations/tp.lotus_303_lemmi16s.HM_Contaminated_Soil-e001.genus.tsv, /shared/users/grupo1/lemmi16s/benchmark/final_results/HM_Contaminated_Soil.ranks.json, /shared/users/grupo1/lemmi16s/benchmark/final_results/HM_Contaminated_Soil.fp.tsv, /shared/users/grupo1/lemmi16s/benchmark/final_results/lotus_303_lemmi16s.HM_Contaminated_Soil-c002.genus.tsv, /shared/users/grupo1/lemmi16s/benchmark/evaluations/predictions.lotus_303_lemmi16s.HM_Contaminated_Soil-c002.family.tsv, /shared/users/grupo1/lemmi16s/benchmark/final_results/lotus_303_lemmi16s.HM_Contaminated_Soil-c001.genus.tsv, /shared/users/grupo1/lemmi16s/benchmark/final_results/HM_Contaminated_Soil.runtime_training.json, /shared/users/grupo1/lemmi16s/benchmark/evaluations/predictions.lotus_303_lemmi16s.HM_Contaminated_Soil-e001.family.tsv, /shared/users/grupo1/lemmi16s/benchmark/final_results/HM_Contaminated_Soil.recall.json, /shared/users/grupo1/lemmi16s/benchmark/final_results/HM_Contaminated_Soil.memory_analysis.tsv, /shared/users/grupo1/lemmi16s/benchmark/final_results/HM_Contaminated_Soil.f1.json, /shared/users/grupo1/lemmi16s/benchmark/final_results/HM_Contaminated_Soil.auprc.tsv, /shared/users/grupo1/lemmi16s/benchmark/final_results/HM_Contaminated_Soil.runtime_training.tsv, /shared/users/grupo1/lemmi16s/benchmark/final_results/HM_Contaminated_Soil.structure.json, /shared/users/grupo1/lemmi16s/benchmark/evaluations/recall.lotus_303_lemmi16s.HM_Contaminated_Soil-e001.genus.tsv, /shared/users/grupo1/lemmi16s/benchmark/final_results/HM_Contaminated_Soil.auprc.json, /shared/users/grupo1/lemmi16s/benchmark/evaluations/l2.lotus_303_lemmi16s.HM_Contaminated_Soil-e001.family.tsv
    resources: tmpdir=/tmp

[Tue Sep  8 15:23:44 2026]
Finished job 0.
42 of 42 steps (100%) done
Complete log: ../../../.snakemake/log/2026-09-08T152249.477592.snakemake.log
/shared/users/grupo1/lemmi16s_env/lib/python3.10/site-packages/google/api_core/_python_version_support.py:254: FutureWarning: You are using a Python version (3.10.21) which Google will stop supporting in new releases of google.api_core once it reaches its end of life (2026-10-04). Please upgrade to the latest Python version, or at least Python 3.11, to continue receiving updates for google.api_core past that date.
  warnings.warn(message, FutureWarning)
Building DAG of jobs...
Using shell: /usr/bin/bash
Provided cores: 4
Rules claiming more threads will be scaled down.
Job stats:
job                                                 count
------------------------------------------------  -------
auprc_to_final_table                                    1
compute_f1                                              6
compute_fp                                              6
compute_l2                                              6
compute_precision                                       6
compute_recall                                          6
compute_tp                                              6
create_frontend_additional_files                        1
define_thresholds                                       3
evaluated_predictions_by_tools_and_ranks               15
evaluated_predictions_by_tools_and_ranks_to_json        2
f1_to_final_table                                       1
filtering_thresholds_to_final_table                     1
fp_to_final_table                                       1
l2_to_final_table                                       1
memory_analysis_to_final_table                          1
memory_training_to_final_table                          1
prc_to_final_table                                      1
precision_to_final_table                                1
predictions_by_ranks                                   15
recall_to_final_table                                   1
runtime_analysis_to_final_table                         1
runtime_training_to_final_table                         1
target                                                  1
tp_to_final_table                                       1
total                                                  86

Select jobs to execute...
/shared/users/grupo1/lemmi16s_env/lib/python3.10/site-packages/stopit/__init__.py:10: UserWarning: pkg_resources is deprecated as an API. See https://setuptools.pypa.io/en/latest/pkg_resources.html. The pkg_resources package is slated for removal as early as 2025-11-30. Refrain from using this package or pin to Setuptools<81.
  import pkg_resources

[Tue Sep  8 15:23:48 2026]
Job 7: Predictions at the given rank
Reason: Missing output files: /shared/users/grupo1/lemmi16s/benchmark/evaluations/predictions.kraken_213_lemmi16s.HOMD_v4_GTDB-c003.family.tsv

[Tue Sep  8 15:23:48 2026]
Job 12: Predictions at the given rank
Reason: Missing output files: /shared/users/grupo1/lemmi16s/benchmark/evaluations/predictions.kraken_213_lemmi16s.HOMD_v4_GTDB-e001.species.tsv

[Tue Sep  8 15:23:48 2026]
Job 14: Predictions at the given rank
Reason: Missing output files: /shared/users/grupo1/lemmi16s/benchmark/evaluations/predictions.kraken_213_lemmi16s.HOMD_v4_GTDB-e002.genus.tsv

[Tue Sep  8 15:23:48 2026]
Job 2: Predictions at the given rank
Reason: Missing output files: /shared/users/grupo1/lemmi16s/benchmark/evaluations/predictions.kraken_213_lemmi16s.HOMD_v4_GTDB-c001.genus.tsv

/shared/users/grupo1/lemmi16s_env/lib/python3.10/site-packages/google/api_core/_python_version_support.py:254: FutureWarning: You are using a Python version (3.10.21) which Google will stop supporting in new releases of google.api_core once it reaches its end of life (2026-10-04). Please upgrade to the latest Python version, or at least Python 3.11, to continue receiving updates for google.api_core past that date.
  warnings.warn(message, FutureWarning)
/shared/users/grupo1/lemmi16s_env/lib/python3.10/site-packages/google/api_core/_python_version_support.py:254: FutureWarning: You are using a Python version (3.10.21) which Google will stop supporting in new releases of google.api_core once it reaches its end of life (2026-10-04). Please upgrade to the latest Python version, or at least Python 3.11, to continue receiving updates for google.api_core past that date.
  warnings.warn(message, FutureWarning)
/shared/users/grupo1/lemmi16s_env/lib/python3.10/site-packages/google/api_core/_python_version_support.py:254: FutureWarning: You are using a Python version (3.10.21) which Google will stop supporting in new releases of google.api_core once it reaches its end of life (2026-10-04). Please upgrade to the latest Python version, or at least Python 3.11, to continue receiving updates for google.api_core past that date.
  warnings.warn(message, FutureWarning)
/shared/users/grupo1/lemmi16s_env/lib/python3.10/site-packages/google/api_core/_python_version_support.py:254: FutureWarning: You are using a Python version (3.10.21) which Google will stop supporting in new releases of google.api_core once it reaches its end of life (2026-10-04). Please upgrade to the latest Python version, or at least Python 3.11, to continue receiving updates for google.api_core past that date.
  warnings.warn(message, FutureWarning)
Building DAG of jobs...
Using shell: /usr/bin/bash
Provided cores: 4
Rules claiming more threads will be scaled down.
Select jobs to execute...
/shared/users/grupo1/lemmi16s_env/lib/python3.10/site-packages/stopit/__init__.py:10: UserWarning: pkg_resources is deprecated as an API. See https://setuptools.pypa.io/en/latest/pkg_resources.html. The pkg_resources package is slated for removal as early as 2025-11-30. Refrain from using this package or pin to Setuptools<81.
  import pkg_resources
Building DAG of jobs...
Using shell: /usr/bin/bash
Provided cores: 4
Rules claiming more threads will be scaled down.
Select jobs to execute...
Building DAG of jobs...
Using shell: /usr/bin/bash
Provided cores: 4
Rules claiming more threads will be scaled down.
Select jobs to execute...
Building DAG of jobs...
Using shell: /usr/bin/bash
Provided cores: 4
Rules claiming more threads will be scaled down.
Select jobs to execute...
/shared/users/grupo1/lemmi16s_env/lib/python3.10/site-packages/stopit/__init__.py:10: UserWarning: pkg_resources is deprecated as an API. See https://setuptools.pypa.io/en/latest/pkg_resources.html. The pkg_resources package is slated for removal as early as 2025-11-30. Refrain from using this package or pin to Setuptools<81.
  import pkg_resources
/shared/users/grupo1/lemmi16s_env/lib/python3.10/site-packages/stopit/__init__.py:10: UserWarning: pkg_resources is deprecated as an API. See https://setuptools.pypa.io/en/latest/pkg_resources.html. The pkg_resources package is slated for removal as early as 2025-11-30. Refrain from using this package or pin to Setuptools<81.
  import pkg_resources
/shared/users/grupo1/lemmi16s_env/lib/python3.10/site-packages/stopit/__init__.py:10: UserWarning: pkg_resources is deprecated as an API. See https://setuptools.pypa.io/en/latest/pkg_resources.html. The pkg_resources package is slated for removal as early as 2025-11-30. Refrain from using this package or pin to Setuptools<81.
  import pkg_resources
[Tue Sep  8 15:23:52 2026]
Finished job 7.
1 of 86 steps (1%) done
Select jobs to execute...

[Tue Sep  8 15:23:52 2026]
Job 3: Predictions at the given rank
Reason: Missing output files: /shared/users/grupo1/lemmi16s/benchmark/evaluations/predictions.kraken_213_lemmi16s.HOMD_v4_GTDB-c001.species.tsv

[Tue Sep  8 15:23:53 2026]
Finished job 12.
2 of 86 steps (2%) done
Select jobs to execute...

[Tue Sep  8 15:23:53 2026]
Job 80: Producing the detailed evaluation of each sample for each tool at each rank
Reason: Missing output files: /shared/users/grupo1/lemmi16s/benchmark/final_results/kraken_213_lemmi16s.HOMD_v4_GTDB-c003.family.tsv; Input files updated by another job: /shared/users/grupo1/lemmi16s/benchmark/evaluations/predictions.kraken_213_lemmi16s.HOMD_v4_GTDB-c003.family.tsv

[Tue Sep  8 15:23:53 2026]
Finished job 2.
3 of 86 steps (3%) done
[Tue Sep  8 15:23:53 2026]
Finished job 14.
4 of 86 steps (5%) done
Select jobs to execute...

[Tue Sep  8 15:23:53 2026]
Job 8: Predictions at the given rank
Reason: Missing output files: /shared/users/grupo1/lemmi16s/benchmark/evaluations/predictions.kraken_213_lemmi16s.HOMD_v4_GTDB-c003.genus.tsv

[Tue Sep  8 15:23:53 2026]
Job 11: Predictions at the given rank
Reason: Missing output files: /shared/users/grupo1/lemmi16s/benchmark/evaluations/predictions.kraken_213_lemmi16s.HOMD_v4_GTDB-e001.genus.tsv

Select jobs to execute...
/shared/users/grupo1/lemmi16s_env/lib/python3.10/site-packages/google/api_core/_python_version_support.py:254: FutureWarning: You are using a Python version (3.10.21) which Google will stop supporting in new releases of google.api_core once it reaches its end of life (2026-10-04). Please upgrade to the latest Python version, or at least Python 3.11, to continue receiving updates for google.api_core past that date.
  warnings.warn(message, FutureWarning)
/shared/users/grupo1/lemmi16s_env/lib/python3.10/site-packages/google/api_core/_python_version_support.py:254: FutureWarning: You are using a Python version (3.10.21) which Google will stop supporting in new releases of google.api_core once it reaches its end of life (2026-10-04). Please upgrade to the latest Python version, or at least Python 3.11, to continue receiving updates for google.api_core past that date.
  warnings.warn(message, FutureWarning)
/shared/users/grupo1/lemmi16s_env/lib/python3.10/site-packages/google/api_core/_python_version_support.py:254: FutureWarning: You are using a Python version (3.10.21) which Google will stop supporting in new releases of google.api_core once it reaches its end of life (2026-10-04). Please upgrade to the latest Python version, or at least Python 3.11, to continue receiving updates for google.api_core past that date.
  warnings.warn(message, FutureWarning)
/shared/users/grupo1/lemmi16s_env/lib/python3.10/site-packages/google/api_core/_python_version_support.py:254: FutureWarning: You are using a Python version (3.10.21) which Google will stop supporting in new releases of google.api_core once it reaches its end of life (2026-10-04). Please upgrade to the latest Python version, or at least Python 3.11, to continue receiving updates for google.api_core past that date.
  warnings.warn(message, FutureWarning)
Building DAG of jobs...
Using shell: /usr/bin/bash
Provided cores: 4
Rules claiming more threads will be scaled down.
Select jobs to execute...
/shared/users/grupo1/lemmi16s_env/lib/python3.10/site-packages/stopit/__init__.py:10: UserWarning: pkg_resources is deprecated as an API. See https://setuptools.pypa.io/en/latest/pkg_resources.html. The pkg_resources package is slated for removal as early as 2025-11-30. Refrain from using this package or pin to Setuptools<81.
  import pkg_resources
Building DAG of jobs...
Using shell: /usr/bin/bash
Provided cores: 4
Rules claiming more threads will be scaled down.
Select jobs to execute...
/shared/users/grupo1/lemmi16s_env/lib/python3.10/site-packages/stopit/__init__.py:10: UserWarning: pkg_resources is deprecated as an API. See https://setuptools.pypa.io/en/latest/pkg_resources.html. The pkg_resources package is slated for removal as early as 2025-11-30. Refrain from using this package or pin to Setuptools<81.
  import pkg_resources
Building DAG of jobs...
Building DAG of jobs...
Using shell: /usr/bin/bash
Provided cores: 4
Rules claiming more threads will be scaled down.
Select jobs to execute...
Using shell: /usr/bin/bash
Provided cores: 4
Rules claiming more threads will be scaled down.
Select jobs to execute...
/shared/users/grupo1/lemmi16s_env/lib/python3.10/site-packages/stopit/__init__.py:10: UserWarning: pkg_resources is deprecated as an API. See https://setuptools.pypa.io/en/latest/pkg_resources.html. The pkg_resources package is slated for removal as early as 2025-11-30. Refrain from using this package or pin to Setuptools<81.
  import pkg_resources
/shared/users/grupo1/lemmi16s_env/lib/python3.10/site-packages/stopit/__init__.py:10: UserWarning: pkg_resources is deprecated as an API. See https://setuptools.pypa.io/en/latest/pkg_resources.html. The pkg_resources package is slated for removal as early as 2025-11-30. Refrain from using this package or pin to Setuptools<81.
  import pkg_resources
[Tue Sep  8 15:23:57 2026]
Finished job 3.
5 of 86 steps (6%) done

[Tue Sep  8 15:23:57 2026]
Job 10: Predictions at the given rank
Reason: Missing output files: /shared/users/grupo1/lemmi16s/benchmark/evaluations/predictions.kraken_213_lemmi16s.HOMD_v4_GTDB-e001.family.tsv

[Tue Sep  8 15:23:57 2026]
Finished job 80.
6 of 86 steps (7%) done
Select jobs to execute...

[Tue Sep  8 15:23:57 2026]
Job 85: Creating default json files for frontend specific content...
Reason: Missing output files: /shared/users/grupo1/lemmi16s/benchmark/final_results/HOMD_v4_GTDB.ranks.json, /shared/users/grupo1/lemmi16s/benchmark/final_results/HOMD_v4_GTDB.structure.json

[Tue Sep  8 15:23:58 2026]
Finished job 8.
7 of 86 steps (8%) done
Select jobs to execute...

[Tue Sep  8 15:23:58 2026]
Job 9: Predictions at the given rank
Reason: Missing output files: /shared/users/grupo1/lemmi16s/benchmark/evaluations/predictions.kraken_213_lemmi16s.HOMD_v4_GTDB-c003.species.tsv

[Tue Sep  8 15:23:58 2026]
Finished job 11.
8 of 86 steps (9%) done
Select jobs to execute...

[Tue Sep  8 15:23:58 2026]
Job 69: Producing the detailed evaluation of each sample for each tool at each rank
Reason: Missing output files: /shared/users/grupo1/lemmi16s/benchmark/final_results/kraken_213_lemmi16s.HOMD_v4_GTDB-e001.genus.tsv; Input files updated by another job: /shared/users/grupo1/lemmi16s/benchmark/evaluations/predictions.kraken_213_lemmi16s.HOMD_v4_GTDB-e001.genus.tsv

/shared/users/grupo1/lemmi16s_env/lib/python3.10/site-packages/google/api_core/_python_version_support.py:254: FutureWarning: You are using a Python version (3.10.21) which Google will stop supporting in new releases of google.api_core once it reaches its end of life (2026-10-04). Please upgrade to the latest Python version, or at least Python 3.11, to continue receiving updates for google.api_core past that date.
  warnings.warn(message, FutureWarning)
/shared/users/grupo1/lemmi16s_env/lib/python3.10/site-packages/google/api_core/_python_version_support.py:254: FutureWarning: You are using a Python version (3.10.21) which Google will stop supporting in new releases of google.api_core once it reaches its end of life (2026-10-04). Please upgrade to the latest Python version, or at least Python 3.11, to continue receiving updates for google.api_core past that date.
  warnings.warn(message, FutureWarning)
/shared/users/grupo1/lemmi16s_env/lib/python3.10/site-packages/google/api_core/_python_version_support.py:254: FutureWarning: You are using a Python version (3.10.21) which Google will stop supporting in new releases of google.api_core once it reaches its end of life (2026-10-04). Please upgrade to the latest Python version, or at least Python 3.11, to continue receiving updates for google.api_core past that date.
  warnings.warn(message, FutureWarning)
/shared/users/grupo1/lemmi16s_env/lib/python3.10/site-packages/google/api_core/_python_version_support.py:254: FutureWarning: You are using a Python version (3.10.21) which Google will stop supporting in new releases of google.api_core once it reaches its end of life (2026-10-04). Please upgrade to the latest Python version, or at least Python 3.11, to continue receiving updates for google.api_core past that date.
  warnings.warn(message, FutureWarning)
Building DAG of jobs...
Using shell: /usr/bin/bash
Provided cores: 4
Rules claiming more threads will be scaled down.
Select jobs to execute...
/shared/users/grupo1/lemmi16s_env/lib/python3.10/site-packages/stopit/__init__.py:10: UserWarning: pkg_resources is deprecated as an API. See https://setuptools.pypa.io/en/latest/pkg_resources.html. The pkg_resources package is slated for removal as early as 2025-11-30. Refrain from using this package or pin to Setuptools<81.
  import pkg_resources
Building DAG of jobs...
Using shell: /usr/bin/bash
Provided cores: 4
Rules claiming more threads will be scaled down.
Select jobs to execute...
/shared/users/grupo1/lemmi16s_env/lib/python3.10/site-packages/stopit/__init__.py:10: UserWarning: pkg_resources is deprecated as an API. See https://setuptools.pypa.io/en/latest/pkg_resources.html. The pkg_resources package is slated for removal as early as 2025-11-30. Refrain from using this package or pin to Setuptools<81.
  import pkg_resources
Building DAG of jobs...
Using shell: /usr/bin/bash
Provided cores: 4
Rules claiming more threads will be scaled down.
Select jobs to execute...
/shared/users/grupo1/lemmi16s_env/lib/python3.10/site-packages/stopit/__init__.py:10: UserWarning: pkg_resources is deprecated as an API. See https://setuptools.pypa.io/en/latest/pkg_resources.html. The pkg_resources package is slated for removal as early as 2025-11-30. Refrain from using this package or pin to Setuptools<81.
  import pkg_resources
Building DAG of jobs...
Using shell: /usr/bin/bash
Provided cores: 4
Rules claiming more threads will be scaled down.
Select jobs to execute...
/shared/users/grupo1/lemmi16s_env/lib/python3.10/site-packages/stopit/__init__.py:10: UserWarning: pkg_resources is deprecated as an API. See https://setuptools.pypa.io/en/latest/pkg_resources.html. The pkg_resources package is slated for removal as early as 2025-11-30. Refrain from using this package or pin to Setuptools<81.
  import pkg_resources
[Tue Sep  8 15:24:02 2026]
Finished job 10.
9 of 86 steps (10%) done
Select jobs to execute...

[Tue Sep  8 15:24:02 2026]
Job 75: Producing the detailed evaluation of each sample for each tool at each rank
Reason: Missing output files: /shared/users/grupo1/lemmi16s/benchmark/final_results/kraken_213_lemmi16s.HOMD_v4_GTDB-c001.genus.tsv; Input files updated by another job: /shared/users/grupo1/lemmi16s/benchmark/evaluations/predictions.kraken_213_lemmi16s.HOMD_v4_GTDB-c001.genus.tsv

[Tue Sep  8 15:24:03 2026]
Finished job 85.
10 of 86 steps (12%) done
Select jobs to execute...

[Tue Sep  8 15:24:03 2026]
Job 4: Predictions at the given rank
Reason: Missing output files: /shared/users/grupo1/lemmi16s/benchmark/evaluations/predictions.kraken_213_lemmi16s.HOMD_v4_GTDB-c002.family.tsv

[Tue Sep  8 15:24:03 2026]
Finished job 9.
11 of 86 steps (13%) done
Select jobs to execute...

[Tue Sep  8 15:24:03 2026]
Job 82: Producing the detailed evaluation of each sample for each tool at each rank
Reason: Missing output files: /shared/users/grupo1/lemmi16s/benchmark/final_results/kraken_213_lemmi16s.HOMD_v4_GTDB-c003.species.tsv; Input files updated by another job: /shared/users/grupo1/lemmi16s/benchmark/evaluations/predictions.kraken_213_lemmi16s.HOMD_v4_GTDB-c003.species.tsv

[Tue Sep  8 15:24:03 2026]
Finished job 69.
12 of 86 steps (14%) done
Select jobs to execute...

[Tue Sep  8 15:24:03 2026]
Job 6: Predictions at the given rank
Reason: Missing output files: /shared/users/grupo1/lemmi16s/benchmark/evaluations/predictions.kraken_213_lemmi16s.HOMD_v4_GTDB-c002.species.tsv

/shared/users/grupo1/lemmi16s_env/lib/python3.10/site-packages/google/api_core/_python_version_support.py:254: FutureWarning: You are using a Python version (3.10.21) which Google will stop supporting in new releases of google.api_core once it reaches its end of life (2026-10-04). Please upgrade to the latest Python version, or at least Python 3.11, to continue receiving updates for google.api_core past that date.
  warnings.warn(message, FutureWarning)
/shared/users/grupo1/lemmi16s_env/lib/python3.10/site-packages/google/api_core/_python_version_support.py:254: FutureWarning: You are using a Python version (3.10.21) which Google will stop supporting in new releases of google.api_core once it reaches its end of life (2026-10-04). Please upgrade to the latest Python version, or at least Python 3.11, to continue receiving updates for google.api_core past that date.
  warnings.warn(message, FutureWarning)
/shared/users/grupo1/lemmi16s_env/lib/python3.10/site-packages/google/api_core/_python_version_support.py:254: FutureWarning: You are using a Python version (3.10.21) which Google will stop supporting in new releases of google.api_core once it reaches its end of life (2026-10-04). Please upgrade to the latest Python version, or at least Python 3.11, to continue receiving updates for google.api_core past that date.
  warnings.warn(message, FutureWarning)
/shared/users/grupo1/lemmi16s_env/lib/python3.10/site-packages/google/api_core/_python_version_support.py:254: FutureWarning: You are using a Python version (3.10.21) which Google will stop supporting in new releases of google.api_core once it reaches its end of life (2026-10-04). Please upgrade to the latest Python version, or at least Python 3.11, to continue receiving updates for google.api_core past that date.
  warnings.warn(message, FutureWarning)
Building DAG of jobs...
Using shell: /usr/bin/bash
Provided cores: 4
Rules claiming more threads will be scaled down.
Select jobs to execute...
/shared/users/grupo1/lemmi16s_env/lib/python3.10/site-packages/stopit/__init__.py:10: UserWarning: pkg_resources is deprecated as an API. See https://setuptools.pypa.io/en/latest/pkg_resources.html. The pkg_resources package is slated for removal as early as 2025-11-30. Refrain from using this package or pin to Setuptools<81.
  import pkg_resources
Building DAG of jobs...
Using shell: /usr/bin/bash
Provided cores: 4
Rules claiming more threads will be scaled down.
Select jobs to execute...
/shared/users/grupo1/lemmi16s_env/lib/python3.10/site-packages/stopit/__init__.py:10: UserWarning: pkg_resources is deprecated as an API. See https://setuptools.pypa.io/en/latest/pkg_resources.html. The pkg_resources package is slated for removal as early as 2025-11-30. Refrain from using this package or pin to Setuptools<81.
  import pkg_resources
Building DAG of jobs...
Using shell: /usr/bin/bash
Provided cores: 4
Rules claiming more threads will be scaled down.
Select jobs to execute...
/shared/users/grupo1/lemmi16s_env/lib/python3.10/site-packages/stopit/__init__.py:10: UserWarning: pkg_resources is deprecated as an API. See https://setuptools.pypa.io/en/latest/pkg_resources.html. The pkg_resources package is slated for removal as early as 2025-11-30. Refrain from using this package or pin to Setuptools<81.
  import pkg_resources
Building DAG of jobs...
Using shell: /usr/bin/bash
Provided cores: 4
Rules claiming more threads will be scaled down.
Select jobs to execute...
/shared/users/grupo1/lemmi16s_env/lib/python3.10/site-packages/stopit/__init__.py:10: UserWarning: pkg_resources is deprecated as an API. See https://setuptools.pypa.io/en/latest/pkg_resources.html. The pkg_resources package is slated for removal as early as 2025-11-30. Refrain from using this package or pin to Setuptools<81.
  import pkg_resources
[Tue Sep  8 15:24:07 2026]
Finished job 75.
13 of 86 steps (15%) done
Select jobs to execute...

[Tue Sep  8 15:24:07 2026]
Job 76: Producing the detailed evaluation of each sample for each tool at each rank
Reason: Missing output files: /shared/users/grupo1/lemmi16s/benchmark/final_results/kraken_213_lemmi16s.HOMD_v4_GTDB-c001.species.tsv; Input files updated by another job: /shared/users/grupo1/lemmi16s/benchmark/evaluations/predictions.kraken_213_lemmi16s.HOMD_v4_GTDB-c001.species.tsv

[Tue Sep  8 15:24:07 2026]
Finished job 4.
14 of 86 steps (16%) done
Select jobs to execute...

[Tue Sep  8 15:24:07 2026]
Job 77: Producing the detailed evaluation of each sample for each tool at each rank
Reason: Missing output files: /shared/users/grupo1/lemmi16s/benchmark/final_results/kraken_213_lemmi16s.HOMD_v4_GTDB-c002.family.tsv; Input files updated by another job: /shared/users/grupo1/lemmi16s/benchmark/evaluations/predictions.kraken_213_lemmi16s.HOMD_v4_GTDB-c002.family.tsv

[Tue Sep  8 15:24:07 2026]
Finished job 82.
15 of 86 steps (17%) done
Select jobs to execute...

[Tue Sep  8 15:24:08 2026]
Job 15: Predictions at the given rank
Reason: Missing output files: /shared/users/grupo1/lemmi16s/benchmark/evaluations/predictions.kraken_213_lemmi16s.HOMD_v4_GTDB-e002.species.tsv

[Tue Sep  8 15:24:08 2026]
Finished job 6.
16 of 86 steps (19%) done
Select jobs to execute...

[Tue Sep  8 15:24:08 2026]
Job 18: Exploring the AUprC and defining the threshold to stay at the FDR...
Reason: Missing output files: /shared/users/grupo1/lemmi16s/benchmark/evaluations/filtering_threshold.kraken_213_lemmi16s.HOMD_v4_GTDB.species.tsv, /shared/users/grupo1/lemmi16s/benchmark/evaluations/auprc.kraken_213_lemmi16s.HOMD_v4_GTDB.species.tsv, /shared/users/grupo1/lemmi16s/benchmark/evaluations/prc.kraken_213_lemmi16s.HOMD_v4_GTDB.species.tsv; Input files updated by another job: /shared/users/grupo1/lemmi16s/benchmark/evaluations/predictions.kraken_213_lemmi16s.HOMD_v4_GTDB-c002.species.tsv, /shared/users/grupo1/lemmi16s/benchmark/evaluations/predictions.kraken_213_lemmi16s.HOMD_v4_GTDB-c001.species.tsv, /shared/users/grupo1/lemmi16s/benchmark/evaluations/predictions.kraken_213_lemmi16s.HOMD_v4_GTDB-c003.species.tsv

/shared/users/grupo1/lemmi16s_env/lib/python3.10/site-packages/google/api_core/_python_version_support.py:254: FutureWarning: You are using a Python version (3.10.21) which Google will stop supporting in new releases of google.api_core once it reaches its end of life (2026-10-04). Please upgrade to the latest Python version, or at least Python 3.11, to continue receiving updates for google.api_core past that date.
  warnings.warn(message, FutureWarning)
/shared/users/grupo1/lemmi16s_env/lib/python3.10/site-packages/google/api_core/_python_version_support.py:254: FutureWarning: You are using a Python version (3.10.21) which Google will stop supporting in new releases of google.api_core once it reaches its end of life (2026-10-04). Please upgrade to the latest Python version, or at least Python 3.11, to continue receiving updates for google.api_core past that date.
  warnings.warn(message, FutureWarning)
/shared/users/grupo1/lemmi16s_env/lib/python3.10/site-packages/google/api_core/_python_version_support.py:254: FutureWarning: You are using a Python version (3.10.21) which Google will stop supporting in new releases of google.api_core once it reaches its end of life (2026-10-04). Please upgrade to the latest Python version, or at least Python 3.11, to continue receiving updates for google.api_core past that date.
  warnings.warn(message, FutureWarning)
/shared/users/grupo1/lemmi16s_env/lib/python3.10/site-packages/google/api_core/_python_version_support.py:254: FutureWarning: You are using a Python version (3.10.21) which Google will stop supporting in new releases of google.api_core once it reaches its end of life (2026-10-04). Please upgrade to the latest Python version, or at least Python 3.11, to continue receiving updates for google.api_core past that date.
  warnings.warn(message, FutureWarning)
Building DAG of jobs...
Using shell: /usr/bin/bash
Provided cores: 4
Rules claiming more threads will be scaled down.
Select jobs to execute...
/shared/users/grupo1/lemmi16s_env/lib/python3.10/site-packages/stopit/__init__.py:10: UserWarning: pkg_resources is deprecated as an API. See https://setuptools.pypa.io/en/latest/pkg_resources.html. The pkg_resources package is slated for removal as early as 2025-11-30. Refrain from using this package or pin to Setuptools<81.
  import pkg_resources
Building DAG of jobs...
Using shell: /usr/bin/bash
Provided cores: 4
Rules claiming more threads will be scaled down.
Select jobs to execute...
Building DAG of jobs...
Using shell: /usr/bin/bash
Provided cores: 4
Rules claiming more threads will be scaled down.
Select jobs to execute...
/shared/users/grupo1/lemmi16s_env/lib/python3.10/site-packages/stopit/__init__.py:10: UserWarning: pkg_resources is deprecated as an API. See https://setuptools.pypa.io/en/latest/pkg_resources.html. The pkg_resources package is slated for removal as early as 2025-11-30. Refrain from using this package or pin to Setuptools<81.
  import pkg_resources
/shared/users/grupo1/lemmi16s_env/lib/python3.10/site-packages/stopit/__init__.py:10: UserWarning: pkg_resources is deprecated as an API. See https://setuptools.pypa.io/en/latest/pkg_resources.html. The pkg_resources package is slated for removal as early as 2025-11-30. Refrain from using this package or pin to Setuptools<81.
  import pkg_resources
Building DAG of jobs...
Using shell: /usr/bin/bash
Provided cores: 4
Rules claiming more threads will be scaled down.
Select jobs to execute...
/shared/users/grupo1/lemmi16s_env/lib/python3.10/site-packages/stopit/__init__.py:10: UserWarning: pkg_resources is deprecated as an API. See https://setuptools.pypa.io/en/latest/pkg_resources.html. The pkg_resources package is slated for removal as early as 2025-11-30. Refrain from using this package or pin to Setuptools<81.
  import pkg_resources
[Tue Sep  8 15:24:11 2026]
Finished job 76.
17 of 86 steps (20%) done
Select jobs to execute...

[Tue Sep  8 15:24:11 2026]
Job 5: Predictions at the given rank
Reason: Missing output files: /shared/users/grupo1/lemmi16s/benchmark/evaluations/predictions.kraken_213_lemmi16s.HOMD_v4_GTDB-c002.genus.tsv

/shared/users/grupo1/lemmi16s/workflow/rules/toolbox.py:1014: RuntimeWarning: invalid value encountered in scalar divide
  if (2 * (precision * recall) / (precision + recall)) >= 0:
/shared/users/grupo1/lemmi16s/workflow/rules/toolbox.py:1014: RuntimeWarning: invalid value encountered in scalar divide
  if (2 * (precision * recall) / (precision + recall)) >= 0:
/shared/users/grupo1/lemmi16s/workflow/rules/toolbox.py:1014: RuntimeWarning: invalid value encountered in scalar divide
  if (2 * (precision * recall) / (precision + recall)) >= 0:
[Tue Sep  8 15:24:12 2026]
Finished job 15.
18 of 86 steps (21%) done
[Tue Sep  8 15:24:12 2026]
Finished job 77.
19 of 86 steps (22%) done
Select jobs to execute...

[Tue Sep  8 15:24:12 2026]
Job 79: Producing the detailed evaluation of each sample for each tool at each rank
Reason: Missing output files: /shared/users/grupo1/lemmi16s/benchmark/final_results/kraken_213_lemmi16s.HOMD_v4_GTDB-c002.species.tsv; Input files updated by another job: /shared/users/grupo1/lemmi16s/benchmark/evaluations/predictions.kraken_213_lemmi16s.HOMD_v4_GTDB-c002.species.tsv

[Tue Sep  8 15:24:12 2026]
Job 68: Producing the detailed evaluation of each sample for each tool at each rank
Reason: Missing output files: /shared/users/grupo1/lemmi16s/benchmark/final_results/kraken_213_lemmi16s.HOMD_v4_GTDB-e001.family.tsv; Input files updated by another job: /shared/users/grupo1/lemmi16s/benchmark/evaluations/predictions.kraken_213_lemmi16s.HOMD_v4_GTDB-e001.family.tsv

Select jobs to execute...
/shared/users/grupo1/lemmi16s_env/lib/python3.10/site-packages/google/api_core/_python_version_support.py:254: FutureWarning: You are using a Python version (3.10.21) which Google will stop supporting in new releases of google.api_core once it reaches its end of life (2026-10-04). Please upgrade to the latest Python version, or at least Python 3.11, to continue receiving updates for google.api_core past that date.
  warnings.warn(message, FutureWarning)
[Tue Sep  8 15:24:13 2026]
Finished job 18.
20 of 86 steps (23%) done

[Tue Sep  8 15:24:13 2026]
Job 21: Computing precision...
Reason: Missing output files: /shared/users/grupo1/lemmi16s/benchmark/evaluations/precision.kraken_213_lemmi16s.HOMD_v4_GTDB-e001.species.tsv; Input files updated by another job: /shared/users/grupo1/lemmi16s/benchmark/evaluations/filtering_threshold.kraken_213_lemmi16s.HOMD_v4_GTDB.species.tsv, /shared/users/grupo1/lemmi16s/benchmark/evaluations/predictions.kraken_213_lemmi16s.HOMD_v4_GTDB-e001.species.tsv

/shared/users/grupo1/lemmi16s_env/lib/python3.10/site-packages/google/api_core/_python_version_support.py:254: FutureWarning: You are using a Python version (3.10.21) which Google will stop supporting in new releases of google.api_core once it reaches its end of life (2026-10-04). Please upgrade to the latest Python version, or at least Python 3.11, to continue receiving updates for google.api_core past that date.
  warnings.warn(message, FutureWarning)
/shared/users/grupo1/lemmi16s_env/lib/python3.10/site-packages/google/api_core/_python_version_support.py:254: FutureWarning: You are using a Python version (3.10.21) which Google will stop supporting in new releases of google.api_core once it reaches its end of life (2026-10-04). Please upgrade to the latest Python version, or at least Python 3.11, to continue receiving updates for google.api_core past that date.
  warnings.warn(message, FutureWarning)
/shared/users/grupo1/lemmi16s_env/lib/python3.10/site-packages/google/api_core/_python_version_support.py:254: FutureWarning: You are using a Python version (3.10.21) which Google will stop supporting in new releases of google.api_core once it reaches its end of life (2026-10-04). Please upgrade to the latest Python version, or at least Python 3.11, to continue receiving updates for google.api_core past that date.
  warnings.warn(message, FutureWarning)
Building DAG of jobs...
Using shell: /usr/bin/bash
Provided cores: 4
Rules claiming more threads will be scaled down.
Select jobs to execute...
/shared/users/grupo1/lemmi16s_env/lib/python3.10/site-packages/stopit/__init__.py:10: UserWarning: pkg_resources is deprecated as an API. See https://setuptools.pypa.io/en/latest/pkg_resources.html. The pkg_resources package is slated for removal as early as 2025-11-30. Refrain from using this package or pin to Setuptools<81.
  import pkg_resources
Building DAG of jobs...
Building DAG of jobs...
Using shell: /usr/bin/bash
Provided cores: 4
Rules claiming more threads will be scaled down.
Select jobs to execute...
Using shell: /usr/bin/bash
Provided cores: 4
Rules claiming more threads will be scaled down.
Select jobs to execute...
/shared/users/grupo1/lemmi16s_env/lib/python3.10/site-packages/stopit/__init__.py:10: UserWarning: pkg_resources is deprecated as an API. See https://setuptools.pypa.io/en/latest/pkg_resources.html. The pkg_resources package is slated for removal as early as 2025-11-30. Refrain from using this package or pin to Setuptools<81.
  import pkg_resources
/shared/users/grupo1/lemmi16s_env/lib/python3.10/site-packages/stopit/__init__.py:10: UserWarning: pkg_resources is deprecated as an API. See https://setuptools.pypa.io/en/latest/pkg_resources.html. The pkg_resources package is slated for removal as early as 2025-11-30. Refrain from using this package or pin to Setuptools<81.
  import pkg_resources
[Tue Sep  8 15:24:16 2026]
Finished job 5.
21 of 86 steps (24%) done
Select jobs to execute...

[Tue Sep  8 15:24:16 2026]
Job 48: Computing f1...
Reason: Missing output files: /shared/users/grupo1/lemmi16s/benchmark/evaluations/f1.kraken_213_lemmi16s.HOMD_v4_GTDB-e002.species.tsv; Input files updated by another job: /shared/users/grupo1/lemmi16s/benchmark/evaluations/filtering_threshold.kraken_213_lemmi16s.HOMD_v4_GTDB.species.tsv, /shared/users/grupo1/lemmi16s/benchmark/evaluations/predictions.kraken_213_lemmi16s.HOMD_v4_GTDB-e002.species.tsv

Building DAG of jobs...
Using shell: /usr/bin/bash
Provided cores: 4
Rules claiming more threads will be scaled down.
Select jobs to execute...
/shared/users/grupo1/lemmi16s_env/lib/python3.10/site-packages/stopit/__init__.py:10: UserWarning: pkg_resources is deprecated as an API. See https://setuptools.pypa.io/en/latest/pkg_resources.html. The pkg_resources package is slated for removal as early as 2025-11-30. Refrain from using this package or pin to Setuptools<81.
  import pkg_resources
[Tue Sep  8 15:24:17 2026]
Finished job 79.
22 of 86 steps (26%) done
Select jobs to execute...

[Tue Sep  8 15:24:17 2026]
Job 81: Producing the detailed evaluation of each sample for each tool at each rank
Reason: Missing output files: /shared/users/grupo1/lemmi16s/benchmark/final_results/kraken_213_lemmi16s.HOMD_v4_GTDB-c003.genus.tsv; Input files updated by another job: /shared/users/grupo1/lemmi16s/benchmark/evaluations/predictions.kraken_213_lemmi16s.HOMD_v4_GTDB-c003.genus.tsv

[Tue Sep  8 15:24:17 2026]
Finished job 68.
23 of 86 steps (27%) done
Select jobs to execute...

[Tue Sep  8 15:24:17 2026]
Job 1: Predictions at the given rank
Reason: Missing output files: /shared/users/grupo1/lemmi16s/benchmark/evaluations/predictions.kraken_213_lemmi16s.HOMD_v4_GTDB-c001.family.tsv

/shared/users/grupo1/lemmi16s_env/lib/python3.10/site-packages/google/api_core/_python_version_support.py:254: FutureWarning: You are using a Python version (3.10.21) which Google will stop supporting in new releases of google.api_core once it reaches its end of life (2026-10-04). Please upgrade to the latest Python version, or at least Python 3.11, to continue receiving updates for google.api_core past that date.
  warnings.warn(message, FutureWarning)
[Tue Sep  8 15:24:18 2026]
Finished job 21.
24 of 86 steps (28%) done
Select jobs to execute...

[Tue Sep  8 15:24:18 2026]
Job 51: Computing recall...
Reason: Missing output files: /shared/users/grupo1/lemmi16s/benchmark/evaluations/recall.kraken_213_lemmi16s.HOMD_v4_GTDB-e001.species.tsv; Input files updated by another job: /shared/users/grupo1/lemmi16s/benchmark/evaluations/filtering_threshold.kraken_213_lemmi16s.HOMD_v4_GTDB.species.tsv, /shared/users/grupo1/lemmi16s/benchmark/evaluations/predictions.kraken_213_lemmi16s.HOMD_v4_GTDB-e001.species.tsv

/shared/users/grupo1/lemmi16s_env/lib/python3.10/site-packages/google/api_core/_python_version_support.py:254: FutureWarning: You are using a Python version (3.10.21) which Google will stop supporting in new releases of google.api_core once it reaches its end of life (2026-10-04). Please upgrade to the latest Python version, or at least Python 3.11, to continue receiving updates for google.api_core past that date.
  warnings.warn(message, FutureWarning)
/shared/users/grupo1/lemmi16s_env/lib/python3.10/site-packages/google/api_core/_python_version_support.py:254: FutureWarning: You are using a Python version (3.10.21) which Google will stop supporting in new releases of google.api_core once it reaches its end of life (2026-10-04). Please upgrade to the latest Python version, or at least Python 3.11, to continue receiving updates for google.api_core past that date.
  warnings.warn(message, FutureWarning)
/shared/users/grupo1/lemmi16s_env/lib/python3.10/site-packages/google/api_core/_python_version_support.py:254: FutureWarning: You are using a Python version (3.10.21) which Google will stop supporting in new releases of google.api_core once it reaches its end of life (2026-10-04). Please upgrade to the latest Python version, or at least Python 3.11, to continue receiving updates for google.api_core past that date.
  warnings.warn(message, FutureWarning)
Building DAG of jobs...
Using shell: /usr/bin/bash
Provided cores: 4
Rules claiming more threads will be scaled down.
Select jobs to execute...
/shared/users/grupo1/lemmi16s_env/lib/python3.10/site-packages/stopit/__init__.py:10: UserWarning: pkg_resources is deprecated as an API. See https://setuptools.pypa.io/en/latest/pkg_resources.html. The pkg_resources package is slated for removal as early as 2025-11-30. Refrain from using this package or pin to Setuptools<81.
  import pkg_resources
/shared/users/grupo1/lemmi16s/workflow/rules/toolbox.py:1014: RuntimeWarning: invalid value encountered in scalar divide
  if (2 * (precision * recall) / (precision + recall)) >= 0:
Building DAG of jobs...
Using shell: /usr/bin/bash
Provided cores: 4
Rules claiming more threads will be scaled down.
Select jobs to execute...
/shared/users/grupo1/lemmi16s_env/lib/python3.10/site-packages/stopit/__init__.py:10: UserWarning: pkg_resources is deprecated as an API. See https://setuptools.pypa.io/en/latest/pkg_resources.html. The pkg_resources package is slated for removal as early as 2025-11-30. Refrain from using this package or pin to Setuptools<81.
  import pkg_resources
Building DAG of jobs...
Using shell: /usr/bin/bash
Provided cores: 4
Rules claiming more threads will be scaled down.
Select jobs to execute...
/shared/users/grupo1/lemmi16s_env/lib/python3.10/site-packages/stopit/__init__.py:10: UserWarning: pkg_resources is deprecated as an API. See https://setuptools.pypa.io/en/latest/pkg_resources.html. The pkg_resources package is slated for removal as early as 2025-11-30. Refrain from using this package or pin to Setuptools<81.
  import pkg_resources
[Tue Sep  8 15:24:21 2026]
Finished job 48.
25 of 86 steps (29%) done
Select jobs to execute...

[Tue Sep  8 15:24:21 2026]
Job 54: Computing recall...
Reason: Missing output files: /shared/users/grupo1/lemmi16s/benchmark/evaluations/recall.kraken_213_lemmi16s.HOMD_v4_GTDB-e002.species.tsv; Input files updated by another job: /shared/users/grupo1/lemmi16s/benchmark/evaluations/filtering_threshold.kraken_213_lemmi16s.HOMD_v4_GTDB.species.tsv, /shared/users/grupo1/lemmi16s/benchmark/evaluations/predictions.kraken_213_lemmi16s.HOMD_v4_GTDB-e002.species.tsv

Building DAG of jobs...
Using shell: /usr/bin/bash
Provided cores: 4
Rules claiming more threads will be scaled down.
Select jobs to execute...
/shared/users/grupo1/lemmi16s_env/lib/python3.10/site-packages/stopit/__init__.py:10: UserWarning: pkg_resources is deprecated as an API. See https://setuptools.pypa.io/en/latest/pkg_resources.html. The pkg_resources package is slated for removal as early as 2025-11-30. Refrain from using this package or pin to Setuptools<81.
  import pkg_resources
[Tue Sep  8 15:24:22 2026]
Finished job 81.
26 of 86 steps (30%) done
Select jobs to execute...

[Tue Sep  8 15:24:22 2026]
Job 33: Computing fp...
Reason: Missing output files: /shared/users/grupo1/lemmi16s/benchmark/evaluations/fp.kraken_213_lemmi16s.HOMD_v4_GTDB-e001.species.tsv; Input files updated by another job: /shared/users/grupo1/lemmi16s/benchmark/evaluations/filtering_threshold.kraken_213_lemmi16s.HOMD_v4_GTDB.species.tsv, /shared/users/grupo1/lemmi16s/benchmark/evaluations/predictions.kraken_213_lemmi16s.HOMD_v4_GTDB-e001.species.tsv

[Tue Sep  8 15:24:22 2026]
Finished job 1.
27 of 86 steps (31%) done
Select jobs to execute...

[Tue Sep  8 15:24:22 2026]
Job 16: Exploring the AUprC and defining the threshold to stay at the FDR...
Reason: Missing output files: /shared/users/grupo1/lemmi16s/benchmark/evaluations/prc.kraken_213_lemmi16s.HOMD_v4_GTDB.family.tsv, /shared/users/grupo1/lemmi16s/benchmark/evaluations/auprc.kraken_213_lemmi16s.HOMD_v4_GTDB.family.tsv, /shared/users/grupo1/lemmi16s/benchmark/evaluations/filtering_threshold.kraken_213_lemmi16s.HOMD_v4_GTDB.family.tsv; Input files updated by another job: /shared/users/grupo1/lemmi16s/benchmark/evaluations/predictions.kraken_213_lemmi16s.HOMD_v4_GTDB-c001.family.tsv, /shared/users/grupo1/lemmi16s/benchmark/evaluations/predictions.kraken_213_lemmi16s.HOMD_v4_GTDB-c002.family.tsv, /shared/users/grupo1/lemmi16s/benchmark/evaluations/predictions.kraken_213_lemmi16s.HOMD_v4_GTDB-c003.family.tsv

/shared/users/grupo1/lemmi16s_env/lib/python3.10/site-packages/google/api_core/_python_version_support.py:254: FutureWarning: You are using a Python version (3.10.21) which Google will stop supporting in new releases of google.api_core once it reaches its end of life (2026-10-04). Please upgrade to the latest Python version, or at least Python 3.11, to continue receiving updates for google.api_core past that date.
  warnings.warn(message, FutureWarning)
[Tue Sep  8 15:24:23 2026]
Finished job 51.
28 of 86 steps (33%) done
Select jobs to execute...

[Tue Sep  8 15:24:23 2026]
Job 78: Producing the detailed evaluation of each sample for each tool at each rank
Reason: Missing output files: /shared/users/grupo1/lemmi16s/benchmark/final_results/kraken_213_lemmi16s.HOMD_v4_GTDB-c002.genus.tsv; Input files updated by another job: /shared/users/grupo1/lemmi16s/benchmark/evaluations/predictions.kraken_213_lemmi16s.HOMD_v4_GTDB-c002.genus.tsv

/shared/users/grupo1/lemmi16s_env/lib/python3.10/site-packages/google/api_core/_python_version_support.py:254: FutureWarning: You are using a Python version (3.10.21) which Google will stop supporting in new releases of google.api_core once it reaches its end of life (2026-10-04). Please upgrade to the latest Python version, or at least Python 3.11, to continue receiving updates for google.api_core past that date.
  warnings.warn(message, FutureWarning)
/shared/users/grupo1/lemmi16s_env/lib/python3.10/site-packages/google/api_core/_python_version_support.py:254: FutureWarning: You are using a Python version (3.10.21) which Google will stop supporting in new releases of google.api_core once it reaches its end of life (2026-10-04). Please upgrade to the latest Python version, or at least Python 3.11, to continue receiving updates for google.api_core past that date.
  warnings.warn(message, FutureWarning)
/shared/users/grupo1/lemmi16s_env/lib/python3.10/site-packages/google/api_core/_python_version_support.py:254: FutureWarning: You are using a Python version (3.10.21) which Google will stop supporting in new releases of google.api_core once it reaches its end of life (2026-10-04). Please upgrade to the latest Python version, or at least Python 3.11, to continue receiving updates for google.api_core past that date.
  warnings.warn(message, FutureWarning)
Building DAG of jobs...
Using shell: /usr/bin/bash
Provided cores: 4
Rules claiming more threads will be scaled down.
Select jobs to execute...
/shared/users/grupo1/lemmi16s_env/lib/python3.10/site-packages/stopit/__init__.py:10: UserWarning: pkg_resources is deprecated as an API. See https://setuptools.pypa.io/en/latest/pkg_resources.html. The pkg_resources package is slated for removal as early as 2025-11-30. Refrain from using this package or pin to Setuptools<81.
  import pkg_resources
Building DAG of jobs...
Using shell: /usr/bin/bash
Provided cores: 4
Rules claiming more threads will be scaled down.
Select jobs to execute...
/shared/users/grupo1/lemmi16s_env/lib/python3.10/site-packages/stopit/__init__.py:10: UserWarning: pkg_resources is deprecated as an API. See https://setuptools.pypa.io/en/latest/pkg_resources.html. The pkg_resources package is slated for removal as early as 2025-11-30. Refrain from using this package or pin to Setuptools<81.
  import pkg_resources
[Tue Sep  8 15:24:26 2026]
Finished job 54.
29 of 86 steps (34%) done
Select jobs to execute...

[Tue Sep  8 15:24:26 2026]
Job 73: Producing the detailed evaluation of each sample for each tool at each rank
Reason: Missing output files: /shared/users/grupo1/lemmi16s/benchmark/final_results/kraken_213_lemmi16s.HOMD_v4_GTDB-e002.species.tsv; Input files updated by another job: /shared/users/grupo1/lemmi16s/benchmark/evaluations/predictions.kraken_213_lemmi16s.HOMD_v4_GTDB-e002.species.tsv

Building DAG of jobs...
Using shell: /usr/bin/bash
Provided cores: 4
Rules claiming more threads will be scaled down.
Select jobs to execute...
/shared/users/grupo1/lemmi16s_env/lib/python3.10/site-packages/stopit/__init__.py:10: UserWarning: pkg_resources is deprecated as an API. See https://setuptools.pypa.io/en/latest/pkg_resources.html. The pkg_resources package is slated for removal as early as 2025-11-30. Refrain from using this package or pin to Setuptools<81.
  import pkg_resources
Building DAG of jobs...
Using shell: /usr/bin/bash
Provided cores: 4
Rules claiming more threads will be scaled down.
Select jobs to execute...
/shared/users/grupo1/lemmi16s_env/lib/python3.10/site-packages/stopit/__init__.py:10: UserWarning: pkg_resources is deprecated as an API. See https://setuptools.pypa.io/en/latest/pkg_resources.html. The pkg_resources package is slated for removal as early as 2025-11-30. Refrain from using this package or pin to Setuptools<81.
  import pkg_resources
[Tue Sep  8 15:24:27 2026]
Finished job 33.
30 of 86 steps (35%) done
Select jobs to execute...

[Tue Sep  8 15:24:27 2026]
Job 39: Computing l2...
Reason: Missing output files: /shared/users/grupo1/lemmi16s/benchmark/evaluations/l2.kraken_213_lemmi16s.HOMD_v4_GTDB-e001.species.tsv; Input files updated by another job: /shared/users/grupo1/lemmi16s/benchmark/evaluations/filtering_threshold.kraken_213_lemmi16s.HOMD_v4_GTDB.species.tsv, /shared/users/grupo1/lemmi16s/benchmark/evaluations/predictions.kraken_213_lemmi16s.HOMD_v4_GTDB-e001.species.tsv

/shared/users/grupo1/lemmi16s_env/lib/python3.10/site-packages/google/api_core/_python_version_support.py:254: FutureWarning: You are using a Python version (3.10.21) which Google will stop supporting in new releases of google.api_core once it reaches its end of life (2026-10-04). Please upgrade to the latest Python version, or at least Python 3.11, to continue receiving updates for google.api_core past that date.
  warnings.warn(message, FutureWarning)
[Tue Sep  8 15:24:28 2026]
Finished job 78.
31 of 86 steps (36%) done
Select jobs to execute...
/shared/users/grupo1/lemmi16s_env/lib/python3.10/site-packages/google/api_core/_python_version_support.py:254: FutureWarning: You are using a Python version (3.10.21) which Google will stop supporting in new releases of google.api_core once it reaches its end of life (2026-10-04). Please upgrade to the latest Python version, or at least Python 3.11, to continue receiving updates for google.api_core past that date.
  warnings.warn(message, FutureWarning)

[Tue Sep  8 15:24:28 2026]
Job 30: Computing tp...
Reason: Missing output files: /shared/users/grupo1/lemmi16s/benchmark/evaluations/tp.kraken_213_lemmi16s.HOMD_v4_GTDB-e002.species.tsv; Input files updated by another job: /shared/users/grupo1/lemmi16s/benchmark/evaluations/filtering_threshold.kraken_213_lemmi16s.HOMD_v4_GTDB.species.tsv, /shared/users/grupo1/lemmi16s/benchmark/evaluations/predictions.kraken_213_lemmi16s.HOMD_v4_GTDB-e002.species.tsv

[Tue Sep  8 15:24:28 2026]
Finished job 16.
32 of 86 steps (37%) done
Select jobs to execute...

[Tue Sep  8 15:24:28 2026]
Job 45: Computing f1...
Reason: Missing output files: /shared/users/grupo1/lemmi16s/benchmark/evaluations/f1.kraken_213_lemmi16s.HOMD_v4_GTDB-e001.species.tsv; Input files updated by another job: /shared/users/grupo1/lemmi16s/benchmark/evaluations/filtering_threshold.kraken_213_lemmi16s.HOMD_v4_GTDB.species.tsv, /shared/users/grupo1/lemmi16s/benchmark/evaluations/predictions.kraken_213_lemmi16s.HOMD_v4_GTDB-e001.species.tsv

Building DAG of jobs...
Using shell: /usr/bin/bash
Provided cores: 4
Rules claiming more threads will be scaled down.
Select jobs to execute...
/shared/users/grupo1/lemmi16s_env/lib/python3.10/site-packages/stopit/__init__.py:10: UserWarning: pkg_resources is deprecated as an API. See https://setuptools.pypa.io/en/latest/pkg_resources.html. The pkg_resources package is slated for removal as early as 2025-11-30. Refrain from using this package or pin to Setuptools<81.
  import pkg_resources
/shared/users/grupo1/lemmi16s_env/lib/python3.10/site-packages/google/api_core/_python_version_support.py:254: FutureWarning: You are using a Python version (3.10.21) which Google will stop supporting in new releases of google.api_core once it reaches its end of life (2026-10-04). Please upgrade to the latest Python version, or at least Python 3.11, to continue receiving updates for google.api_core past that date.
  warnings.warn(message, FutureWarning)
/shared/users/grupo1/lemmi16s_env/lib/python3.10/site-packages/google/api_core/_python_version_support.py:254: FutureWarning: You are using a Python version (3.10.21) which Google will stop supporting in new releases of google.api_core once it reaches its end of life (2026-10-04). Please upgrade to the latest Python version, or at least Python 3.11, to continue receiving updates for google.api_core past that date.
  warnings.warn(message, FutureWarning)
[Tue Sep  8 15:24:30 2026]
Finished job 73.
33 of 86 steps (38%) done
Select jobs to execute...
Building DAG of jobs...
Using shell: /usr/bin/bash
Provided cores: 4
Rules claiming more threads will be scaled down.
Select jobs to execute...

[Tue Sep  8 15:24:30 2026]
Job 42: Computing l2...
Reason: Missing output files: /shared/users/grupo1/lemmi16s/benchmark/evaluations/l2.kraken_213_lemmi16s.HOMD_v4_GTDB-e002.species.tsv; Input files updated by another job: /shared/users/grupo1/lemmi16s/benchmark/evaluations/filtering_threshold.kraken_213_lemmi16s.HOMD_v4_GTDB.species.tsv, /shared/users/grupo1/lemmi16s/benchmark/evaluations/predictions.kraken_213_lemmi16s.HOMD_v4_GTDB-e002.species.tsv

/shared/users/grupo1/lemmi16s_env/lib/python3.10/site-packages/stopit/__init__.py:10: UserWarning: pkg_resources is deprecated as an API. See https://setuptools.pypa.io/en/latest/pkg_resources.html. The pkg_resources package is slated for removal as early as 2025-11-30. Refrain from using this package or pin to Setuptools<81.
  import pkg_resources
Building DAG of jobs...
/shared/users/grupo1/lemmi16s_env/lib/python3.10/site-packages/google/api_core/_python_version_support.py:254: FutureWarning: You are using a Python version (3.10.21) which Google will stop supporting in new releases of google.api_core once it reaches its end of life (2026-10-04). Please upgrade to the latest Python version, or at least Python 3.11, to continue receiving updates for google.api_core past that date.
  warnings.warn(message, FutureWarning)
Using shell: /usr/bin/bash
Provided cores: 4
Rules claiming more threads will be scaled down.
Select jobs to execute...
/shared/users/grupo1/lemmi16s_env/lib/python3.10/site-packages/stopit/__init__.py:10: UserWarning: pkg_resources is deprecated as an API. See https://setuptools.pypa.io/en/latest/pkg_resources.html. The pkg_resources package is slated for removal as early as 2025-11-30. Refrain from using this package or pin to Setuptools<81.
  import pkg_resources
[Tue Sep  8 15:24:32 2026]
Finished job 39.
34 of 86 steps (40%) done
Select jobs to execute...

[Tue Sep  8 15:24:32 2026]
Job 31: Computing fp...
Reason: Missing output files: /shared/users/grupo1/lemmi16s/benchmark/evaluations/fp.kraken_213_lemmi16s.HOMD_v4_GTDB-e001.family.tsv; Input files updated by another job: /shared/users/grupo1/lemmi16s/benchmark/evaluations/predictions.kraken_213_lemmi16s.HOMD_v4_GTDB-e001.family.tsv, /shared/users/grupo1/lemmi16s/benchmark/evaluations/filtering_threshold.kraken_213_lemmi16s.HOMD_v4_GTDB.family.tsv

Building DAG of jobs...
Using shell: /usr/bin/bash
Provided cores: 4
Rules claiming more threads will be scaled down.
Select jobs to execute...
/shared/users/grupo1/lemmi16s_env/lib/python3.10/site-packages/stopit/__init__.py:10: UserWarning: pkg_resources is deprecated as an API. See https://setuptools.pypa.io/en/latest/pkg_resources.html. The pkg_resources package is slated for removal as early as 2025-11-30. Refrain from using this package or pin to Setuptools<81.
  import pkg_resources
/shared/users/grupo1/lemmi16s/workflow/rules/toolbox.py:1014: RuntimeWarning: invalid value encountered in scalar divide
  if (2 * (precision * recall) / (precision + recall)) >= 0:
[Tue Sep  8 15:24:33 2026]
Finished job 30.
35 of 86 steps (41%) done
Select jobs to execute...
/shared/users/grupo1/lemmi16s_env/lib/python3.10/site-packages/google/api_core/_python_version_support.py:254: FutureWarning: You are using a Python version (3.10.21) which Google will stop supporting in new releases of google.api_core once it reaches its end of life (2026-10-04). Please upgrade to the latest Python version, or at least Python 3.11, to continue receiving updates for google.api_core past that date.
  warnings.warn(message, FutureWarning)

[Tue Sep  8 15:24:33 2026]
Job 17: Exploring the AUprC and defining the threshold to stay at the FDR...
Reason: Missing output files: /shared/users/grupo1/lemmi16s/benchmark/evaluations/prc.kraken_213_lemmi16s.HOMD_v4_GTDB.genus.tsv, /shared/users/grupo1/lemmi16s/benchmark/evaluations/auprc.kraken_213_lemmi16s.HOMD_v4_GTDB.genus.tsv, /shared/users/grupo1/lemmi16s/benchmark/evaluations/filtering_threshold.kraken_213_lemmi16s.HOMD_v4_GTDB.genus.tsv; Input files updated by another job: /shared/users/grupo1/lemmi16s/benchmark/evaluations/predictions.kraken_213_lemmi16s.HOMD_v4_GTDB-c002.genus.tsv, /shared/users/grupo1/lemmi16s/benchmark/evaluations/predictions.kraken_213_lemmi16s.HOMD_v4_GTDB-c001.genus.tsv, /shared/users/grupo1/lemmi16s/benchmark/evaluations/predictions.kraken_213_lemmi16s.HOMD_v4_GTDB-c003.genus.tsv

[Tue Sep  8 15:24:33 2026]
Finished job 45.
36 of 86 steps (42%) done
Select jobs to execute...

[Tue Sep  8 15:24:33 2026]
Job 25: Computing tp...
Reason: Missing output files: /shared/users/grupo1/lemmi16s/benchmark/evaluations/tp.kraken_213_lemmi16s.HOMD_v4_GTDB-e001.family.tsv; Input files updated by another job: /shared/users/grupo1/lemmi16s/benchmark/evaluations/predictions.kraken_213_lemmi16s.HOMD_v4_GTDB-e001.family.tsv, /shared/users/grupo1/lemmi16s/benchmark/evaluations/filtering_threshold.kraken_213_lemmi16s.HOMD_v4_GTDB.family.tsv

Building DAG of jobs...
Using shell: /usr/bin/bash
Provided cores: 4
Rules claiming more threads will be scaled down.
Select jobs to execute...
/shared/users/grupo1/lemmi16s_env/lib/python3.10/site-packages/stopit/__init__.py:10: UserWarning: pkg_resources is deprecated as an API. See https://setuptools.pypa.io/en/latest/pkg_resources.html. The pkg_resources package is slated for removal as early as 2025-11-30. Refrain from using this package or pin to Setuptools<81.
  import pkg_resources
/shared/users/grupo1/lemmi16s_env/lib/python3.10/site-packages/google/api_core/_python_version_support.py:254: FutureWarning: You are using a Python version (3.10.21) which Google will stop supporting in new releases of google.api_core once it reaches its end of life (2026-10-04). Please upgrade to the latest Python version, or at least Python 3.11, to continue receiving updates for google.api_core past that date.
  warnings.warn(message, FutureWarning)
/shared/users/grupo1/lemmi16s_env/lib/python3.10/site-packages/google/api_core/_python_version_support.py:254: FutureWarning: You are using a Python version (3.10.21) which Google will stop supporting in new releases of google.api_core once it reaches its end of life (2026-10-04). Please upgrade to the latest Python version, or at least Python 3.11, to continue receiving updates for google.api_core past that date.
  warnings.warn(message, FutureWarning)
[Tue Sep  8 15:24:35 2026]
Finished job 42.
37 of 86 steps (43%) done
Select jobs to execute...

[Tue Sep  8 15:24:35 2026]
Job 37: Computing l2...
Reason: Missing output files: /shared/users/grupo1/lemmi16s/benchmark/evaluations/l2.kraken_213_lemmi16s.HOMD_v4_GTDB-e001.family.tsv; Input files updated by another job: /shared/users/grupo1/lemmi16s/benchmark/evaluations/predictions.kraken_213_lemmi16s.HOMD_v4_GTDB-e001.family.tsv, /shared/users/grupo1/lemmi16s/benchmark/evaluations/filtering_threshold.kraken_213_lemmi16s.HOMD_v4_GTDB.family.tsv

Building DAG of jobs...
Using shell: /usr/bin/bash
Provided cores: 4
Rules claiming more threads will be scaled down.
Select jobs to execute...
/shared/users/grupo1/lemmi16s_env/lib/python3.10/site-packages/stopit/__init__.py:10: UserWarning: pkg_resources is deprecated as an API. See https://setuptools.pypa.io/en/latest/pkg_resources.html. The pkg_resources package is slated for removal as early as 2025-11-30. Refrain from using this package or pin to Setuptools<81.
  import pkg_resources
/shared/users/grupo1/lemmi16s_env/lib/python3.10/site-packages/google/api_core/_python_version_support.py:254: FutureWarning: You are using a Python version (3.10.21) which Google will stop supporting in new releases of google.api_core once it reaches its end of life (2026-10-04). Please upgrade to the latest Python version, or at least Python 3.11, to continue receiving updates for google.api_core past that date.
  warnings.warn(message, FutureWarning)
Building DAG of jobs...
Using shell: /usr/bin/bash
Provided cores: 4
Rules claiming more threads will be scaled down.
Select jobs to execute...
/shared/users/grupo1/lemmi16s_env/lib/python3.10/site-packages/stopit/__init__.py:10: UserWarning: pkg_resources is deprecated as an API. See https://setuptools.pypa.io/en/latest/pkg_resources.html. The pkg_resources package is slated for removal as early as 2025-11-30. Refrain from using this package or pin to Setuptools<81.
  import pkg_resources
[Tue Sep  8 15:24:37 2026]
Finished job 31.
38 of 86 steps (44%) done
Select jobs to execute...
Building DAG of jobs...

[Tue Sep  8 15:24:37 2026]
Job 43: Computing f1...
Reason: Missing output files: /shared/users/grupo1/lemmi16s/benchmark/evaluations/f1.kraken_213_lemmi16s.HOMD_v4_GTDB-e001.family.tsv; Input files updated by another job: /shared/users/grupo1/lemmi16s/benchmark/evaluations/predictions.kraken_213_lemmi16s.HOMD_v4_GTDB-e001.family.tsv, /shared/users/grupo1/lemmi16s/benchmark/evaluations/filtering_threshold.kraken_213_lemmi16s.HOMD_v4_GTDB.family.tsv

Using shell: /usr/bin/bash
Provided cores: 4
Rules claiming more threads will be scaled down.
Select jobs to execute...
/shared/users/grupo1/lemmi16s_env/lib/python3.10/site-packages/stopit/__init__.py:10: UserWarning: pkg_resources is deprecated as an API. See https://setuptools.pypa.io/en/latest/pkg_resources.html. The pkg_resources package is slated for removal as early as 2025-11-30. Refrain from using this package or pin to Setuptools<81.
  import pkg_resources
/shared/users/grupo1/lemmi16s_env/lib/python3.10/site-packages/google/api_core/_python_version_support.py:254: FutureWarning: You are using a Python version (3.10.21) which Google will stop supporting in new releases of google.api_core once it reaches its end of life (2026-10-04). Please upgrade to the latest Python version, or at least Python 3.11, to continue receiving updates for google.api_core past that date.
  warnings.warn(message, FutureWarning)
[Tue Sep  8 15:24:38 2026]
Finished job 25.
39 of 86 steps (45%) done
Select jobs to execute...

[Tue Sep  8 15:24:38 2026]
Job 24: Computing precision...
Reason: Missing output files: /shared/users/grupo1/lemmi16s/benchmark/evaluations/precision.kraken_213_lemmi16s.HOMD_v4_GTDB-e002.species.tsv; Input files updated by another job: /shared/users/grupo1/lemmi16s/benchmark/evaluations/filtering_threshold.kraken_213_lemmi16s.HOMD_v4_GTDB.species.tsv, /shared/users/grupo1/lemmi16s/benchmark/evaluations/predictions.kraken_213_lemmi16s.HOMD_v4_GTDB-e002.species.tsv

[Tue Sep  8 15:24:38 2026]
Finished job 17.
40 of 86 steps (47%) done
Select jobs to execute...

[Tue Sep  8 15:24:38 2026]
Job 47: Computing f1...
Reason: Missing output files: /shared/users/grupo1/lemmi16s/benchmark/evaluations/f1.kraken_213_lemmi16s.HOMD_v4_GTDB-e002.genus.tsv; Input files updated by another job: /shared/users/grupo1/lemmi16s/benchmark/evaluations/predictions.kraken_213_lemmi16s.HOMD_v4_GTDB-e002.genus.tsv, /shared/users/grupo1/lemmi16s/benchmark/evaluations/filtering_threshold.kraken_213_lemmi16s.HOMD_v4_GTDB.genus.tsv

/shared/users/grupo1/lemmi16s_env/lib/python3.10/site-packages/google/api_core/_python_version_support.py:254: FutureWarning: You are using a Python version (3.10.21) which Google will stop supporting in new releases of google.api_core once it reaches its end of life (2026-10-04). Please upgrade to the latest Python version, or at least Python 3.11, to continue receiving updates for google.api_core past that date.
  warnings.warn(message, FutureWarning)
Building DAG of jobs...
Using shell: /usr/bin/bash
Provided cores: 4
Rules claiming more threads will be scaled down.
Select jobs to execute...
/shared/users/grupo1/lemmi16s_env/lib/python3.10/site-packages/stopit/__init__.py:10: UserWarning: pkg_resources is deprecated as an API. See https://setuptools.pypa.io/en/latest/pkg_resources.html. The pkg_resources package is slated for removal as early as 2025-11-30. Refrain from using this package or pin to Setuptools<81.
  import pkg_resources
/shared/users/grupo1/lemmi16s_env/lib/python3.10/site-packages/google/api_core/_python_version_support.py:254: FutureWarning: You are using a Python version (3.10.21) which Google will stop supporting in new releases of google.api_core once it reaches its end of life (2026-10-04). Please upgrade to the latest Python version, or at least Python 3.11, to continue receiving updates for google.api_core past that date.
  warnings.warn(message, FutureWarning)
Building DAG of jobs...
Using shell: /usr/bin/bash
Provided cores: 4
Rules claiming more threads will be scaled down.
Select jobs to execute...
/shared/users/grupo1/lemmi16s_env/lib/python3.10/site-packages/stopit/__init__.py:10: UserWarning: pkg_resources is deprecated as an API. See https://setuptools.pypa.io/en/latest/pkg_resources.html. The pkg_resources package is slated for removal as early as 2025-11-30. Refrain from using this package or pin to Setuptools<81.
  import pkg_resources
[Tue Sep  8 15:24:40 2026]
Finished job 37.
41 of 86 steps (48%) done
Select jobs to execute...

[Tue Sep  8 15:24:40 2026]
Job 32: Computing fp...
Reason: Missing output files: /shared/users/grupo1/lemmi16s/benchmark/evaluations/fp.kraken_213_lemmi16s.HOMD_v4_GTDB-e001.genus.tsv; Input files updated by another job: /shared/users/grupo1/lemmi16s/benchmark/evaluations/filtering_threshold.kraken_213_lemmi16s.HOMD_v4_GTDB.genus.tsv, /shared/users/grupo1/lemmi16s/benchmark/evaluations/predictions.kraken_213_lemmi16s.HOMD_v4_GTDB-e001.genus.tsv

Building DAG of jobs...
Using shell: /usr/bin/bash
Provided cores: 4
Rules claiming more threads will be scaled down.
Select jobs to execute...
/shared/users/grupo1/lemmi16s_env/lib/python3.10/site-packages/stopit/__init__.py:10: UserWarning: pkg_resources is deprecated as an API. See https://setuptools.pypa.io/en/latest/pkg_resources.html. The pkg_resources package is slated for removal as early as 2025-11-30. Refrain from using this package or pin to Setuptools<81.
  import pkg_resources
/shared/users/grupo1/lemmi16s_env/lib/python3.10/site-packages/google/api_core/_python_version_support.py:254: FutureWarning: You are using a Python version (3.10.21) which Google will stop supporting in new releases of google.api_core once it reaches its end of life (2026-10-04). Please upgrade to the latest Python version, or at least Python 3.11, to continue receiving updates for google.api_core past that date.
  warnings.warn(message, FutureWarning)
[Tue Sep  8 15:24:41 2026]
Finished job 43.
42 of 86 steps (49%) done
Select jobs to execute...

[Tue Sep  8 15:24:42 2026]
Job 49: Computing recall...
Reason: Missing output files: /shared/users/grupo1/lemmi16s/benchmark/evaluations/recall.kraken_213_lemmi16s.HOMD_v4_GTDB-e001.family.tsv; Input files updated by another job: /shared/users/grupo1/lemmi16s/benchmark/evaluations/predictions.kraken_213_lemmi16s.HOMD_v4_GTDB-e001.family.tsv, /shared/users/grupo1/lemmi16s/benchmark/evaluations/filtering_threshold.kraken_213_lemmi16s.HOMD_v4_GTDB.family.tsv

Building DAG of jobs...
Using shell: /usr/bin/bash
Provided cores: 4
Rules claiming more threads will be scaled down.
Select jobs to execute...
/shared/users/grupo1/lemmi16s_env/lib/python3.10/site-packages/stopit/__init__.py:10: UserWarning: pkg_resources is deprecated as an API. See https://setuptools.pypa.io/en/latest/pkg_resources.html. The pkg_resources package is slated for removal as early as 2025-11-30. Refrain from using this package or pin to Setuptools<81.
  import pkg_resources
[Tue Sep  8 15:24:42 2026]
Finished job 24.
43 of 86 steps (50%) done
Select jobs to execute...

[Tue Sep  8 15:24:42 2026]
Job 23: Computing precision...
Reason: Missing output files: /shared/users/grupo1/lemmi16s/benchmark/evaluations/precision.kraken_213_lemmi16s.HOMD_v4_GTDB-e002.genus.tsv; Input files updated by another job: /shared/users/grupo1/lemmi16s/benchmark/evaluations/predictions.kraken_213_lemmi16s.HOMD_v4_GTDB-e002.genus.tsv, /shared/users/grupo1/lemmi16s/benchmark/evaluations/filtering_threshold.kraken_213_lemmi16s.HOMD_v4_GTDB.genus.tsv

/shared/users/grupo1/lemmi16s_env/lib/python3.10/site-packages/google/api_core/_python_version_support.py:254: FutureWarning: You are using a Python version (3.10.21) which Google will stop supporting in new releases of google.api_core once it reaches its end of life (2026-10-04). Please upgrade to the latest Python version, or at least Python 3.11, to continue receiving updates for google.api_core past that date.
  warnings.warn(message, FutureWarning)
[Tue Sep  8 15:24:43 2026]
Finished job 47.
44 of 86 steps (51%) done
Select jobs to execute...

[Tue Sep  8 15:24:43 2026]
Job 70: Producing the detailed evaluation of each sample for each tool at each rank
Reason: Missing output files: /shared/users/grupo1/lemmi16s/benchmark/final_results/kraken_213_lemmi16s.HOMD_v4_GTDB-e001.species.tsv; Input files updated by another job: /shared/users/grupo1/lemmi16s/benchmark/evaluations/predictions.kraken_213_lemmi16s.HOMD_v4_GTDB-e001.species.tsv

/shared/users/grupo1/lemmi16s_env/lib/python3.10/site-packages/google/api_core/_python_version_support.py:254: FutureWarning: You are using a Python version (3.10.21) which Google will stop supporting in new releases of google.api_core once it reaches its end of life (2026-10-04). Please upgrade to the latest Python version, or at least Python 3.11, to continue receiving updates for google.api_core past that date.
  warnings.warn(message, FutureWarning)
Building DAG of jobs...
Using shell: /usr/bin/bash
Provided cores: 4
Rules claiming more threads will be scaled down.
Select jobs to execute...
/shared/users/grupo1/lemmi16s_env/lib/python3.10/site-packages/stopit/__init__.py:10: UserWarning: pkg_resources is deprecated as an API. See https://setuptools.pypa.io/en/latest/pkg_resources.html. The pkg_resources package is slated for removal as early as 2025-11-30. Refrain from using this package or pin to Setuptools<81.
  import pkg_resources
/shared/users/grupo1/lemmi16s_env/lib/python3.10/site-packages/google/api_core/_python_version_support.py:254: FutureWarning: You are using a Python version (3.10.21) which Google will stop supporting in new releases of google.api_core once it reaches its end of life (2026-10-04). Please upgrade to the latest Python version, or at least Python 3.11, to continue receiving updates for google.api_core past that date.
  warnings.warn(message, FutureWarning)
[Tue Sep  8 15:24:45 2026]
Finished job 32.
45 of 86 steps (52%) done
Select jobs to execute...
Building DAG of jobs...
Using shell: /usr/bin/bash
Provided cores: 4
Rules claiming more threads will be scaled down.
Select jobs to execute...

[Tue Sep  8 15:24:45 2026]
Job 44: Computing f1...
Reason: Missing output files: /shared/users/grupo1/lemmi16s/benchmark/evaluations/f1.kraken_213_lemmi16s.HOMD_v4_GTDB-e001.genus.tsv; Input files updated by another job: /shared/users/grupo1/lemmi16s/benchmark/evaluations/filtering_threshold.kraken_213_lemmi16s.HOMD_v4_GTDB.genus.tsv, /shared/users/grupo1/lemmi16s/benchmark/evaluations/predictions.kraken_213_lemmi16s.HOMD_v4_GTDB-e001.genus.tsv

/shared/users/grupo1/lemmi16s_env/lib/python3.10/site-packages/stopit/__init__.py:10: UserWarning: pkg_resources is deprecated as an API. See https://setuptools.pypa.io/en/latest/pkg_resources.html. The pkg_resources package is slated for removal as early as 2025-11-30. Refrain from using this package or pin to Setuptools<81.
  import pkg_resources
Building DAG of jobs...
Using shell: /usr/bin/bash
Provided cores: 4
Rules claiming more threads will be scaled down.
Select jobs to execute...
/shared/users/grupo1/lemmi16s_env/lib/python3.10/site-packages/stopit/__init__.py:10: UserWarning: pkg_resources is deprecated as an API. See https://setuptools.pypa.io/en/latest/pkg_resources.html. The pkg_resources package is slated for removal as early as 2025-11-30. Refrain from using this package or pin to Setuptools<81.
  import pkg_resources
[Tue Sep  8 15:24:46 2026]
Finished job 49.
46 of 86 steps (53%) done
Select jobs to execute...
/shared/users/grupo1/lemmi16s_env/lib/python3.10/site-packages/google/api_core/_python_version_support.py:254: FutureWarning: You are using a Python version (3.10.21) which Google will stop supporting in new releases of google.api_core once it reaches its end of life (2026-10-04). Please upgrade to the latest Python version, or at least Python 3.11, to continue receiving updates for google.api_core past that date.
  warnings.warn(message, FutureWarning)

[Tue Sep  8 15:24:46 2026]
Job 38: Computing l2...
Reason: Missing output files: /shared/users/grupo1/lemmi16s/benchmark/evaluations/l2.kraken_213_lemmi16s.HOMD_v4_GTDB-e001.genus.tsv; Input files updated by another job: /shared/users/grupo1/lemmi16s/benchmark/evaluations/filtering_threshold.kraken_213_lemmi16s.HOMD_v4_GTDB.genus.tsv, /shared/users/grupo1/lemmi16s/benchmark/evaluations/predictions.kraken_213_lemmi16s.HOMD_v4_GTDB-e001.genus.tsv

Building DAG of jobs...
Using shell: /usr/bin/bash
Provided cores: 4
Rules claiming more threads will be scaled down.
Select jobs to execute...
/shared/users/grupo1/lemmi16s_env/lib/python3.10/site-packages/stopit/__init__.py:10: UserWarning: pkg_resources is deprecated as an API. See https://setuptools.pypa.io/en/latest/pkg_resources.html. The pkg_resources package is slated for removal as early as 2025-11-30. Refrain from using this package or pin to Setuptools<81.
  import pkg_resources
[Tue Sep  8 15:24:47 2026]
Finished job 23.
47 of 86 steps (55%) done
Select jobs to execute...
/shared/users/grupo1/lemmi16s_env/lib/python3.10/site-packages/google/api_core/_python_version_support.py:254: FutureWarning: You are using a Python version (3.10.21) which Google will stop supporting in new releases of google.api_core once it reaches its end of life (2026-10-04). Please upgrade to the latest Python version, or at least Python 3.11, to continue receiving updates for google.api_core past that date.
  warnings.warn(message, FutureWarning)

[Tue Sep  8 15:24:47 2026]
Job 20: Computing precision...
Reason: Missing output files: /shared/users/grupo1/lemmi16s/benchmark/evaluations/precision.kraken_213_lemmi16s.HOMD_v4_GTDB-e001.genus.tsv; Input files updated by another job: /shared/users/grupo1/lemmi16s/benchmark/evaluations/filtering_threshold.kraken_213_lemmi16s.HOMD_v4_GTDB.genus.tsv, /shared/users/grupo1/lemmi16s/benchmark/evaluations/predictions.kraken_213_lemmi16s.HOMD_v4_GTDB-e001.genus.tsv

[Tue Sep  8 15:24:48 2026]
Finished job 70.
48 of 86 steps (56%) done
Select jobs to execute...

[Tue Sep  8 15:24:48 2026]
Job 53: Computing recall...
Reason: Missing output files: /shared/users/grupo1/lemmi16s/benchmark/evaluations/recall.kraken_213_lemmi16s.HOMD_v4_GTDB-e002.genus.tsv; Input files updated by another job: /shared/users/grupo1/lemmi16s/benchmark/evaluations/predictions.kraken_213_lemmi16s.HOMD_v4_GTDB-e002.genus.tsv, /shared/users/grupo1/lemmi16s/benchmark/evaluations/filtering_threshold.kraken_213_lemmi16s.HOMD_v4_GTDB.genus.tsv

/shared/users/grupo1/lemmi16s_env/lib/python3.10/site-packages/google/api_core/_python_version_support.py:254: FutureWarning: You are using a Python version (3.10.21) which Google will stop supporting in new releases of google.api_core once it reaches its end of life (2026-10-04). Please upgrade to the latest Python version, or at least Python 3.11, to continue receiving updates for google.api_core past that date.
  warnings.warn(message, FutureWarning)
Building DAG of jobs...
Using shell: /usr/bin/bash
Provided cores: 4
Rules claiming more threads will be scaled down.
Select jobs to execute...
/shared/users/grupo1/lemmi16s_env/lib/python3.10/site-packages/stopit/__init__.py:10: UserWarning: pkg_resources is deprecated as an API. See https://setuptools.pypa.io/en/latest/pkg_resources.html. The pkg_resources package is slated for removal as early as 2025-11-30. Refrain from using this package or pin to Setuptools<81.
  import pkg_resources
/shared/users/grupo1/lemmi16s_env/lib/python3.10/site-packages/google/api_core/_python_version_support.py:254: FutureWarning: You are using a Python version (3.10.21) which Google will stop supporting in new releases of google.api_core once it reaches its end of life (2026-10-04). Please upgrade to the latest Python version, or at least Python 3.11, to continue receiving updates for google.api_core past that date.
  warnings.warn(message, FutureWarning)
Building DAG of jobs...
Using shell: /usr/bin/bash
Provided cores: 4
Rules claiming more threads will be scaled down.
Select jobs to execute...
/shared/users/grupo1/lemmi16s_env/lib/python3.10/site-packages/stopit/__init__.py:10: UserWarning: pkg_resources is deprecated as an API. See https://setuptools.pypa.io/en/latest/pkg_resources.html. The pkg_resources package is slated for removal as early as 2025-11-30. Refrain from using this package or pin to Setuptools<81.
  import pkg_resources
[Tue Sep  8 15:24:50 2026]
Finished job 44.
49 of 86 steps (57%) done
Select jobs to execute...

[Tue Sep  8 15:24:50 2026]
Job 50: Computing recall...
Reason: Missing output files: /shared/users/grupo1/lemmi16s/benchmark/evaluations/recall.kraken_213_lemmi16s.HOMD_v4_GTDB-e001.genus.tsv; Input files updated by another job: /shared/users/grupo1/lemmi16s/benchmark/evaluations/filtering_threshold.kraken_213_lemmi16s.HOMD_v4_GTDB.genus.tsv, /shared/users/grupo1/lemmi16s/benchmark/evaluations/predictions.kraken_213_lemmi16s.HOMD_v4_GTDB-e001.genus.tsv

Building DAG of jobs...
Using shell: /usr/bin/bash
Provided cores: 4
Rules claiming more threads will be scaled down.
Select jobs to execute...
/shared/users/grupo1/lemmi16s_env/lib/python3.10/site-packages/stopit/__init__.py:10: UserWarning: pkg_resources is deprecated as an API. See https://setuptools.pypa.io/en/latest/pkg_resources.html. The pkg_resources package is slated for removal as early as 2025-11-30. Refrain from using this package or pin to Setuptools<81.
  import pkg_resources
[Tue Sep  8 15:24:51 2026]
Finished job 38.
50 of 86 steps (58%) done
Select jobs to execute...

[Tue Sep  8 15:24:51 2026]
Job 35: Computing fp...
Reason: Missing output files: /shared/users/grupo1/lemmi16s/benchmark/evaluations/fp.kraken_213_lemmi16s.HOMD_v4_GTDB-e002.genus.tsv; Input files updated by another job: /shared/users/grupo1/lemmi16s/benchmark/evaluations/predictions.kraken_213_lemmi16s.HOMD_v4_GTDB-e002.genus.tsv, /shared/users/grupo1/lemmi16s/benchmark/evaluations/filtering_threshold.kraken_213_lemmi16s.HOMD_v4_GTDB.genus.tsv

/shared/users/grupo1/lemmi16s_env/lib/python3.10/site-packages/google/api_core/_python_version_support.py:254: FutureWarning: You are using a Python version (3.10.21) which Google will stop supporting in new releases of google.api_core once it reaches its end of life (2026-10-04). Please upgrade to the latest Python version, or at least Python 3.11, to continue receiving updates for google.api_core past that date.
  warnings.warn(message, FutureWarning)
Building DAG of jobs...
Using shell: /usr/bin/bash
Provided cores: 4
Rules claiming more threads will be scaled down.
Select jobs to execute...
/shared/users/grupo1/lemmi16s_env/lib/python3.10/site-packages/stopit/__init__.py:10: UserWarning: pkg_resources is deprecated as an API. See https://setuptools.pypa.io/en/latest/pkg_resources.html. The pkg_resources package is slated for removal as early as 2025-11-30. Refrain from using this package or pin to Setuptools<81.
  import pkg_resources
/shared/users/grupo1/lemmi16s_env/lib/python3.10/site-packages/google/api_core/_python_version_support.py:254: FutureWarning: You are using a Python version (3.10.21) which Google will stop supporting in new releases of google.api_core once it reaches its end of life (2026-10-04). Please upgrade to the latest Python version, or at least Python 3.11, to continue receiving updates for google.api_core past that date.
  warnings.warn(message, FutureWarning)
[Tue Sep  8 15:24:52 2026]
Finished job 20.
51 of 86 steps (59%) done
Select jobs to execute...

[Tue Sep  8 15:24:52 2026]
Job 41: Computing l2...
Reason: Missing output files: /shared/users/grupo1/lemmi16s/benchmark/evaluations/l2.kraken_213_lemmi16s.HOMD_v4_GTDB-e002.genus.tsv; Input files updated by another job: /shared/users/grupo1/lemmi16s/benchmark/evaluations/predictions.kraken_213_lemmi16s.HOMD_v4_GTDB-e002.genus.tsv, /shared/users/grupo1/lemmi16s/benchmark/evaluations/filtering_threshold.kraken_213_lemmi16s.HOMD_v4_GTDB.genus.tsv

[Tue Sep  8 15:24:53 2026]
Finished job 53.
52 of 86 steps (60%) done
Select jobs to execute...

[Tue Sep  8 15:24:53 2026]
Job 13: Predictions at the given rank
Reason: Missing output files: /shared/users/grupo1/lemmi16s/benchmark/evaluations/predictions.kraken_213_lemmi16s.HOMD_v4_GTDB-e002.family.tsv

Building DAG of jobs...
Using shell: /usr/bin/bash
Provided cores: 4
Rules claiming more threads will be scaled down.
Select jobs to execute...
/shared/users/grupo1/lemmi16s_env/lib/python3.10/site-packages/google/api_core/_python_version_support.py:254: FutureWarning: You are using a Python version (3.10.21) which Google will stop supporting in new releases of google.api_core once it reaches its end of life (2026-10-04). Please upgrade to the latest Python version, or at least Python 3.11, to continue receiving updates for google.api_core past that date.
  warnings.warn(message, FutureWarning)
/shared/users/grupo1/lemmi16s_env/lib/python3.10/site-packages/stopit/__init__.py:10: UserWarning: pkg_resources is deprecated as an API. See https://setuptools.pypa.io/en/latest/pkg_resources.html. The pkg_resources package is slated for removal as early as 2025-11-30. Refrain from using this package or pin to Setuptools<81.
  import pkg_resources
/shared/users/grupo1/lemmi16s_env/lib/python3.10/site-packages/google/api_core/_python_version_support.py:254: FutureWarning: You are using a Python version (3.10.21) which Google will stop supporting in new releases of google.api_core once it reaches its end of life (2026-10-04). Please upgrade to the latest Python version, or at least Python 3.11, to continue receiving updates for google.api_core past that date.
  warnings.warn(message, FutureWarning)
Building DAG of jobs...
Using shell: /usr/bin/bash
Provided cores: 4
Rules claiming more threads will be scaled down.
Select jobs to execute...
[Tue Sep  8 15:24:55 2026]
Finished job 50.
53 of 86 steps (62%) done
Select jobs to execute...
/shared/users/grupo1/lemmi16s_env/lib/python3.10/site-packages/stopit/__init__.py:10: UserWarning: pkg_resources is deprecated as an API. See https://setuptools.pypa.io/en/latest/pkg_resources.html. The pkg_resources package is slated for removal as early as 2025-11-30. Refrain from using this package or pin to Setuptools<81.
  import pkg_resources

[Tue Sep  8 15:24:55 2026]
Job 29: Computing tp...
Reason: Missing output files: /shared/users/grupo1/lemmi16s/benchmark/evaluations/tp.kraken_213_lemmi16s.HOMD_v4_GTDB-e002.genus.tsv; Input files updated by another job: /shared/users/grupo1/lemmi16s/benchmark/evaluations/predictions.kraken_213_lemmi16s.HOMD_v4_GTDB-e002.genus.tsv, /shared/users/grupo1/lemmi16s/benchmark/evaluations/filtering_threshold.kraken_213_lemmi16s.HOMD_v4_GTDB.genus.tsv

/shared/users/grupo1/lemmi16s_env/lib/python3.10/site-packages/google/api_core/_python_version_support.py:254: FutureWarning: You are using a Python version (3.10.21) which Google will stop supporting in new releases of google.api_core once it reaches its end of life (2026-10-04). Please upgrade to the latest Python version, or at least Python 3.11, to continue receiving updates for google.api_core past that date.
  warnings.warn(message, FutureWarning)
[Tue Sep  8 15:24:56 2026]
Finished job 35.
54 of 86 steps (63%) done
Select jobs to execute...
Building DAG of jobs...
Using shell: /usr/bin/bash
Provided cores: 4
Rules claiming more threads will be scaled down.
Select jobs to execute...

[Tue Sep  8 15:24:56 2026]
Job 83: Producing the detailed evaluation of each evaluation sample for each tool at each rank in a single json
Reason: Missing output files: /shared/users/grupo1/lemmi16s/benchmark/final_results/HOMD_v4_GTDB-e001.json; Input files updated by another job: /shared/users/grupo1/lemmi16s/benchmark/final_results/kraken_213_lemmi16s.HOMD_v4_GTDB-e001.genus.tsv, /shared/users/grupo1/lemmi16s/benchmark/final_results/kraken_213_lemmi16s.HOMD_v4_GTDB-e001.species.tsv, /shared/users/grupo1/lemmi16s/benchmark/final_results/kraken_213_lemmi16s.HOMD_v4_GTDB-e001.family.tsv

/shared/users/grupo1/lemmi16s_env/lib/python3.10/site-packages/stopit/__init__.py:10: UserWarning: pkg_resources is deprecated as an API. See https://setuptools.pypa.io/en/latest/pkg_resources.html. The pkg_resources package is slated for removal as early as 2025-11-30. Refrain from using this package or pin to Setuptools<81.
  import pkg_resources
Building DAG of jobs...
Using shell: /usr/bin/bash
Provided cores: 4
Rules claiming more threads will be scaled down.
Select jobs to execute...
/shared/users/grupo1/lemmi16s_env/lib/python3.10/site-packages/stopit/__init__.py:10: UserWarning: pkg_resources is deprecated as an API. See https://setuptools.pypa.io/en/latest/pkg_resources.html. The pkg_resources package is slated for removal as early as 2025-11-30. Refrain from using this package or pin to Setuptools<81.
  import pkg_resources
/shared/users/grupo1/lemmi16s_env/lib/python3.10/site-packages/google/api_core/_python_version_support.py:254: FutureWarning: You are using a Python version (3.10.21) which Google will stop supporting in new releases of google.api_core once it reaches its end of life (2026-10-04). Please upgrade to the latest Python version, or at least Python 3.11, to continue receiving updates for google.api_core past that date.
  warnings.warn(message, FutureWarning)
[Tue Sep  8 15:24:57 2026]
Finished job 41.
55 of 86 steps (64%) done
Select jobs to execute...

[Tue Sep  8 15:24:57 2026]
Job 74: Producing the detailed evaluation of each sample for each tool at each rank
Reason: Missing output files: /shared/users/grupo1/lemmi16s/benchmark/final_results/kraken_213_lemmi16s.HOMD_v4_GTDB-c001.family.tsv; Input files updated by another job: /shared/users/grupo1/lemmi16s/benchmark/evaluations/predictions.kraken_213_lemmi16s.HOMD_v4_GTDB-c001.family.tsv

[Tue Sep  8 15:24:58 2026]
Finished job 13.
56 of 86 steps (65%) done
Select jobs to execute...

[Tue Sep  8 15:24:58 2026]
Job 71: Producing the detailed evaluation of each sample for each tool at each rank
Reason: Missing output files: /shared/users/grupo1/lemmi16s/benchmark/final_results/kraken_213_lemmi16s.HOMD_v4_GTDB-e002.family.tsv; Input files updated by another job: /shared/users/grupo1/lemmi16s/benchmark/evaluations/predictions.kraken_213_lemmi16s.HOMD_v4_GTDB-e002.family.tsv

Building DAG of jobs...
Using shell: /usr/bin/bash
Provided cores: 4
Rules claiming more threads will be scaled down.
Select jobs to execute...
/shared/users/grupo1/lemmi16s_env/lib/python3.10/site-packages/stopit/__init__.py:10: UserWarning: pkg_resources is deprecated as an API. See https://setuptools.pypa.io/en/latest/pkg_resources.html. The pkg_resources package is slated for removal as early as 2025-11-30. Refrain from using this package or pin to Setuptools<81.
  import pkg_resources
/shared/users/grupo1/lemmi16s_env/lib/python3.10/site-packages/google/api_core/_python_version_support.py:254: FutureWarning: You are using a Python version (3.10.21) which Google will stop supporting in new releases of google.api_core once it reaches its end of life (2026-10-04). Please upgrade to the latest Python version, or at least Python 3.11, to continue receiving updates for google.api_core past that date.
  warnings.warn(message, FutureWarning)
/shared/users/grupo1/lemmi16s_env/lib/python3.10/site-packages/google/api_core/_python_version_support.py:254: FutureWarning: You are using a Python version (3.10.21) which Google will stop supporting in new releases of google.api_core once it reaches its end of life (2026-10-04). Please upgrade to the latest Python version, or at least Python 3.11, to continue receiving updates for google.api_core past that date.
  warnings.warn(message, FutureWarning)
[Tue Sep  8 15:24:59 2026]
Finished job 29.
57 of 86 steps (66%) done
Select jobs to execute...

[Tue Sep  8 15:24:59 2026]
Job 52: Computing recall...
Reason: Missing output files: /shared/users/grupo1/lemmi16s/benchmark/evaluations/recall.kraken_213_lemmi16s.HOMD_v4_GTDB-e002.family.tsv; Input files updated by another job: /shared/users/grupo1/lemmi16s/benchmark/evaluations/predictions.kraken_213_lemmi16s.HOMD_v4_GTDB-e002.family.tsv, /shared/users/grupo1/lemmi16s/benchmark/evaluations/filtering_threshold.kraken_213_lemmi16s.HOMD_v4_GTDB.family.tsv

Building DAG of jobs...
Using shell: /usr/bin/bash
Provided cores: 4
Rules claiming more threads will be scaled down.
Select jobs to execute...
/shared/users/grupo1/lemmi16s_env/lib/python3.10/site-packages/stopit/__init__.py:10: UserWarning: pkg_resources is deprecated as an API. See https://setuptools.pypa.io/en/latest/pkg_resources.html. The pkg_resources package is slated for removal as early as 2025-11-30. Refrain from using this package or pin to Setuptools<81.
  import pkg_resources
/shared/users/grupo1/lemmi16s/workflow/rules/eval.smk:2006: FutureWarning: The frame.append method is deprecated and will be removed from pandas in a future version. Use pandas.concat instead.
/shared/users/grupo1/lemmi16s/workflow/rules/eval.smk:2006: FutureWarning: The frame.append method is deprecated and will be removed from pandas in a future version. Use pandas.concat instead.
/shared/users/grupo1/lemmi16s/workflow/rules/eval.smk:2006: FutureWarning: In a future version, object-dtype columns with all-bool values will not be included in reductions with bool_only=True. Explicitly cast to bool dtype instead.
/shared/users/grupo1/lemmi16s/workflow/rules/eval.smk:2006: FutureWarning: The frame.append method is deprecated and will be removed from pandas in a future version. Use pandas.concat instead.
/shared/users/grupo1/lemmi16s/workflow/rules/eval.smk:2006: FutureWarning: In a future version, object-dtype columns with all-bool values will not be included in reductions with bool_only=True. Explicitly cast to bool dtype instead.
/shared/users/grupo1/lemmi16s_env/lib/python3.10/site-packages/google/api_core/_python_version_support.py:254: FutureWarning: You are using a Python version (3.10.21) which Google will stop supporting in new releases of google.api_core once it reaches its end of life (2026-10-04). Please upgrade to the latest Python version, or at least Python 3.11, to continue receiving updates for google.api_core past that date.
  warnings.warn(message, FutureWarning)
[Tue Sep  8 15:25:01 2026]
Finished job 83.
58 of 86 steps (67%) done
Select jobs to execute...

[Tue Sep  8 15:25:01 2026]
Job 28: Computing tp...
Reason: Missing output files: /shared/users/grupo1/lemmi16s/benchmark/evaluations/tp.kraken_213_lemmi16s.HOMD_v4_GTDB-e002.family.tsv; Input files updated by another job: /shared/users/grupo1/lemmi16s/benchmark/evaluations/predictions.kraken_213_lemmi16s.HOMD_v4_GTDB-e002.family.tsv, /shared/users/grupo1/lemmi16s/benchmark/evaluations/filtering_threshold.kraken_213_lemmi16s.HOMD_v4_GTDB.family.tsv

Building DAG of jobs...
Using shell: /usr/bin/bash
Provided cores: 4
Rules claiming more threads will be scaled down.
Select jobs to execute...
/shared/users/grupo1/lemmi16s_env/lib/python3.10/site-packages/stopit/__init__.py:10: UserWarning: pkg_resources is deprecated as an API. See https://setuptools.pypa.io/en/latest/pkg_resources.html. The pkg_resources package is slated for removal as early as 2025-11-30. Refrain from using this package or pin to Setuptools<81.
  import pkg_resources
Building DAG of jobs...
Using shell: /usr/bin/bash
Provided cores: 4
Rules claiming more threads will be scaled down.
Select jobs to execute...
/shared/users/grupo1/lemmi16s_env/lib/python3.10/site-packages/stopit/__init__.py:10: UserWarning: pkg_resources is deprecated as an API. See https://setuptools.pypa.io/en/latest/pkg_resources.html. The pkg_resources package is slated for removal as early as 2025-11-30. Refrain from using this package or pin to Setuptools<81.
  import pkg_resources
/shared/users/grupo1/lemmi16s_env/lib/python3.10/site-packages/google/api_core/_python_version_support.py:254: FutureWarning: You are using a Python version (3.10.21) which Google will stop supporting in new releases of google.api_core once it reaches its end of life (2026-10-04). Please upgrade to the latest Python version, or at least Python 3.11, to continue receiving updates for google.api_core past that date.
  warnings.warn(message, FutureWarning)
[Tue Sep  8 15:25:02 2026]
Finished job 74.
59 of 86 steps (69%) done
Select jobs to execute...

[Tue Sep  8 15:25:02 2026]
Job 22: Computing precision...
Reason: Missing output files: /shared/users/grupo1/lemmi16s/benchmark/evaluations/precision.kraken_213_lemmi16s.HOMD_v4_GTDB-e002.family.tsv; Input files updated by another job: /shared/users/grupo1/lemmi16s/benchmark/evaluations/predictions.kraken_213_lemmi16s.HOMD_v4_GTDB-e002.family.tsv, /shared/users/grupo1/lemmi16s/benchmark/evaluations/filtering_threshold.kraken_213_lemmi16s.HOMD_v4_GTDB.family.tsv

[Tue Sep  8 15:25:03 2026]
Finished job 71.
60 of 86 steps (70%) done
Select jobs to execute...

[Tue Sep  8 15:25:03 2026]
Job 46: Computing f1...
Reason: Missing output files: /shared/users/grupo1/lemmi16s/benchmark/evaluations/f1.kraken_213_lemmi16s.HOMD_v4_GTDB-e002.family.tsv; Input files updated by another job: /shared/users/grupo1/lemmi16s/benchmark/evaluations/predictions.kraken_213_lemmi16s.HOMD_v4_GTDB-e002.family.tsv, /shared/users/grupo1/lemmi16s/benchmark/evaluations/filtering_threshold.kraken_213_lemmi16s.HOMD_v4_GTDB.family.tsv

Building DAG of jobs...
Using shell: /usr/bin/bash
Provided cores: 4
Rules claiming more threads will be scaled down.
Select jobs to execute...
/shared/users/grupo1/lemmi16s_env/lib/python3.10/site-packages/stopit/__init__.py:10: UserWarning: pkg_resources is deprecated as an API. See https://setuptools.pypa.io/en/latest/pkg_resources.html. The pkg_resources package is slated for removal as early as 2025-11-30. Refrain from using this package or pin to Setuptools<81.
  import pkg_resources
/shared/users/grupo1/lemmi16s_env/lib/python3.10/site-packages/google/api_core/_python_version_support.py:254: FutureWarning: You are using a Python version (3.10.21) which Google will stop supporting in new releases of google.api_core once it reaches its end of life (2026-10-04). Please upgrade to the latest Python version, or at least Python 3.11, to continue receiving updates for google.api_core past that date.
  warnings.warn(message, FutureWarning)
/shared/users/grupo1/lemmi16s_env/lib/python3.10/site-packages/google/api_core/_python_version_support.py:254: FutureWarning: You are using a Python version (3.10.21) which Google will stop supporting in new releases of google.api_core once it reaches its end of life (2026-10-04). Please upgrade to the latest Python version, or at least Python 3.11, to continue receiving updates for google.api_core past that date.
  warnings.warn(message, FutureWarning)
[Tue Sep  8 15:25:04 2026]
Finished job 52.
61 of 86 steps (71%) done
Select jobs to execute...

[Tue Sep  8 15:25:04 2026]
Job 40: Computing l2...
Reason: Missing output files: /shared/users/grupo1/lemmi16s/benchmark/evaluations/l2.kraken_213_lemmi16s.HOMD_v4_GTDB-e002.family.tsv; Input files updated by another job: /shared/users/grupo1/lemmi16s/benchmark/evaluations/predictions.kraken_213_lemmi16s.HOMD_v4_GTDB-e002.family.tsv, /shared/users/grupo1/lemmi16s/benchmark/evaluations/filtering_threshold.kraken_213_lemmi16s.HOMD_v4_GTDB.family.tsv

Building DAG of jobs...
Using shell: /usr/bin/bash
Provided cores: 4
Rules claiming more threads will be scaled down.
Select jobs to execute...
/shared/users/grupo1/lemmi16s_env/lib/python3.10/site-packages/stopit/__init__.py:10: UserWarning: pkg_resources is deprecated as an API. See https://setuptools.pypa.io/en/latest/pkg_resources.html. The pkg_resources package is slated for removal as early as 2025-11-30. Refrain from using this package or pin to Setuptools<81.
  import pkg_resources
/shared/users/grupo1/lemmi16s_env/lib/python3.10/site-packages/google/api_core/_python_version_support.py:254: FutureWarning: You are using a Python version (3.10.21) which Google will stop supporting in new releases of google.api_core once it reaches its end of life (2026-10-04). Please upgrade to the latest Python version, or at least Python 3.11, to continue receiving updates for google.api_core past that date.
  warnings.warn(message, FutureWarning)
[Tue Sep  8 15:25:06 2026]
Finished job 28.
62 of 86 steps (72%) done
Select jobs to execute...
Building DAG of jobs...
Using shell: /usr/bin/bash
Provided cores: 4
Rules claiming more threads will be scaled down.
Select jobs to execute...

[Tue Sep  8 15:25:06 2026]
Job 27: Computing tp...
Reason: Missing output files: /shared/users/grupo1/lemmi16s/benchmark/evaluations/tp.kraken_213_lemmi16s.HOMD_v4_GTDB-e001.species.tsv; Input files updated by another job: /shared/users/grupo1/lemmi16s/benchmark/evaluations/filtering_threshold.kraken_213_lemmi16s.HOMD_v4_GTDB.species.tsv, /shared/users/grupo1/lemmi16s/benchmark/evaluations/predictions.kraken_213_lemmi16s.HOMD_v4_GTDB-e001.species.tsv

/shared/users/grupo1/lemmi16s_env/lib/python3.10/site-packages/stopit/__init__.py:10: UserWarning: pkg_resources is deprecated as an API. See https://setuptools.pypa.io/en/latest/pkg_resources.html. The pkg_resources package is slated for removal as early as 2025-11-30. Refrain from using this package or pin to Setuptools<81.
  import pkg_resources
Building DAG of jobs...
Using shell: /usr/bin/bash
Provided cores: 4
Rules claiming more threads will be scaled down.
Select jobs to execute...
/shared/users/grupo1/lemmi16s_env/lib/python3.10/site-packages/stopit/__init__.py:10: UserWarning: pkg_resources is deprecated as an API. See https://setuptools.pypa.io/en/latest/pkg_resources.html. The pkg_resources package is slated for removal as early as 2025-11-30. Refrain from using this package or pin to Setuptools<81.
  import pkg_resources
/shared/users/grupo1/lemmi16s_env/lib/python3.10/site-packages/google/api_core/_python_version_support.py:254: FutureWarning: You are using a Python version (3.10.21) which Google will stop supporting in new releases of google.api_core once it reaches its end of life (2026-10-04). Please upgrade to the latest Python version, or at least Python 3.11, to continue receiving updates for google.api_core past that date.
  warnings.warn(message, FutureWarning)
[Tue Sep  8 15:25:07 2026]
Finished job 22.
63 of 86 steps (73%) done
Select jobs to execute...

[Tue Sep  8 15:25:07 2026]
Job 26: Computing tp...
Reason: Missing output files: /shared/users/grupo1/lemmi16s/benchmark/evaluations/tp.kraken_213_lemmi16s.HOMD_v4_GTDB-e001.genus.tsv; Input files updated by another job: /shared/users/grupo1/lemmi16s/benchmark/evaluations/filtering_threshold.kraken_213_lemmi16s.HOMD_v4_GTDB.genus.tsv, /shared/users/grupo1/lemmi16s/benchmark/evaluations/predictions.kraken_213_lemmi16s.HOMD_v4_GTDB-e001.genus.tsv

[Tue Sep  8 15:25:08 2026]
Finished job 46.
64 of 86 steps (74%) done
Select jobs to execute...
Building DAG of jobs...

[Tue Sep  8 15:25:08 2026]
Job 55: Outputting the f1 table...
Reason: Missing output files: /shared/users/grupo1/lemmi16s/benchmark/final_results/HOMD_v4_GTDB.f1.json, /shared/users/grupo1/lemmi16s/benchmark/final_results/HOMD_v4_GTDB.f1.tsv; Input files updated by another job: /shared/users/grupo1/lemmi16s/benchmark/evaluations/f1.kraken_213_lemmi16s.HOMD_v4_GTDB-e001.family.tsv, /shared/users/grupo1/lemmi16s/benchmark/evaluations/f1.kraken_213_lemmi16s.HOMD_v4_GTDB-e001.species.tsv, /shared/users/grupo1/lemmi16s/benchmark/evaluations/f1.kraken_213_lemmi16s.HOMD_v4_GTDB-e002.species.tsv, /shared/users/grupo1/lemmi16s/benchmark/evaluations/f1.kraken_213_lemmi16s.HOMD_v4_GTDB-e001.genus.tsv, /shared/users/grupo1/lemmi16s/benchmark/evaluations/f1.kraken_213_lemmi16s.HOMD_v4_GTDB-e002.genus.tsv, /shared/users/grupo1/lemmi16s/benchmark/evaluations/f1.kraken_213_lemmi16s.HOMD_v4_GTDB-e002.family.tsv

Using shell: /usr/bin/bash
Provided cores: 4
Rules claiming more threads will be scaled down.
Select jobs to execute...
/shared/users/grupo1/lemmi16s_env/lib/python3.10/site-packages/stopit/__init__.py:10: UserWarning: pkg_resources is deprecated as an API. See https://setuptools.pypa.io/en/latest/pkg_resources.html. The pkg_resources package is slated for removal as early as 2025-11-30. Refrain from using this package or pin to Setuptools<81.
  import pkg_resources
/shared/users/grupo1/lemmi16s_env/lib/python3.10/site-packages/google/api_core/_python_version_support.py:254: FutureWarning: You are using a Python version (3.10.21) which Google will stop supporting in new releases of google.api_core once it reaches its end of life (2026-10-04). Please upgrade to the latest Python version, or at least Python 3.11, to continue receiving updates for google.api_core past that date.
  warnings.warn(message, FutureWarning)
/shared/users/grupo1/lemmi16s_env/lib/python3.10/site-packages/google/api_core/_python_version_support.py:254: FutureWarning: You are using a Python version (3.10.21) which Google will stop supporting in new releases of google.api_core once it reaches its end of life (2026-10-04). Please upgrade to the latest Python version, or at least Python 3.11, to continue receiving updates for google.api_core past that date.
  warnings.warn(message, FutureWarning)
[Tue Sep  8 15:25:09 2026]
Finished job 40.
65 of 86 steps (76%) done
Select jobs to execute...

[Tue Sep  8 15:25:09 2026]
Job 34: Computing fp...
Reason: Missing output files: /shared/users/grupo1/lemmi16s/benchmark/evaluations/fp.kraken_213_lemmi16s.HOMD_v4_GTDB-e002.family.tsv; Input files updated by another job: /shared/users/grupo1/lemmi16s/benchmark/evaluations/predictions.kraken_213_lemmi16s.HOMD_v4_GTDB-e002.family.tsv, /shared/users/grupo1/lemmi16s/benchmark/evaluations/filtering_threshold.kraken_213_lemmi16s.HOMD_v4_GTDB.family.tsv

Building DAG of jobs...
Using shell: /usr/bin/bash
Provided cores: 4
Rules claiming more threads will be scaled down.
Select jobs to execute...
/shared/users/grupo1/lemmi16s_env/lib/python3.10/site-packages/stopit/__init__.py:10: UserWarning: pkg_resources is deprecated as an API. See https://setuptools.pypa.io/en/latest/pkg_resources.html. The pkg_resources package is slated for removal as early as 2025-11-30. Refrain from using this package or pin to Setuptools<81.
  import pkg_resources
/shared/users/grupo1/lemmi16s_env/lib/python3.10/site-packages/google/api_core/_python_version_support.py:254: FutureWarning: You are using a Python version (3.10.21) which Google will stop supporting in new releases of google.api_core once it reaches its end of life (2026-10-04). Please upgrade to the latest Python version, or at least Python 3.11, to continue receiving updates for google.api_core past that date.
  warnings.warn(message, FutureWarning)
[Tue Sep  8 15:25:10 2026]
Finished job 27.
66 of 86 steps (77%) done
Select jobs to execute...

[Tue Sep  8 15:25:10 2026]
Job 72: Producing the detailed evaluation of each sample for each tool at each rank
Reason: Missing output files: /shared/users/grupo1/lemmi16s/benchmark/final_results/kraken_213_lemmi16s.HOMD_v4_GTDB-e002.genus.tsv; Input files updated by another job: /shared/users/grupo1/lemmi16s/benchmark/evaluations/predictions.kraken_213_lemmi16s.HOMD_v4_GTDB-e002.genus.tsv

Building DAG of jobs...
Using shell: /usr/bin/bash
Provided cores: 4
Rules claiming more threads will be scaled down.
Select jobs to execute...
/shared/users/grupo1/lemmi16s_env/lib/python3.10/site-packages/stopit/__init__.py:10: UserWarning: pkg_resources is deprecated as an API. See https://setuptools.pypa.io/en/latest/pkg_resources.html. The pkg_resources package is slated for removal as early as 2025-11-30. Refrain from using this package or pin to Setuptools<81.
  import pkg_resources
Building DAG of jobs...
Using shell: /usr/bin/bash
Provided cores: 4
Rules claiming more threads will be scaled down.
Select jobs to execute...
/shared/users/grupo1/lemmi16s_env/lib/python3.10/site-packages/stopit/__init__.py:10: UserWarning: pkg_resources is deprecated as an API. See https://setuptools.pypa.io/en/latest/pkg_resources.html. The pkg_resources package is slated for removal as early as 2025-11-30. Refrain from using this package or pin to Setuptools<81.
  import pkg_resources
/shared/users/grupo1/lemmi16s_env/lib/python3.10/site-packages/google/api_core/_python_version_support.py:254: FutureWarning: You are using a Python version (3.10.21) which Google will stop supporting in new releases of google.api_core once it reaches its end of life (2026-10-04). Please upgrade to the latest Python version, or at least Python 3.11, to continue receiving updates for google.api_core past that date.
  warnings.warn(message, FutureWarning)
[Tue Sep  8 15:25:12 2026]
Finished job 26.
67 of 86 steps (78%) done
Select jobs to execute...

[Tue Sep  8 15:25:12 2026]
Job 36: Computing fp...
Reason: Missing output files: /shared/users/grupo1/lemmi16s/benchmark/evaluations/fp.kraken_213_lemmi16s.HOMD_v4_GTDB-e002.species.tsv; Input files updated by another job: /shared/users/grupo1/lemmi16s/benchmark/evaluations/filtering_threshold.kraken_213_lemmi16s.HOMD_v4_GTDB.species.tsv, /shared/users/grupo1/lemmi16s/benchmark/evaluations/predictions.kraken_213_lemmi16s.HOMD_v4_GTDB-e002.species.tsv

[Tue Sep  8 15:25:12 2026]
Finished job 55.
68 of 86 steps (79%) done
Select jobs to execute...

[Tue Sep  8 15:25:12 2026]
Job 64: Outputting the auprc table...
Reason: Missing output files: /shared/users/grupo1/lemmi16s/benchmark/final_results/HOMD_v4_GTDB.auprc.json, /shared/users/grupo1/lemmi16s/benchmark/final_results/HOMD_v4_GTDB.auprc.tsv; Input files updated by another job: /shared/users/grupo1/lemmi16s/benchmark/final_results/HOMD_v4_GTDB.f1.tsv, /shared/users/grupo1/lemmi16s/benchmark/evaluations/auprc.kraken_213_lemmi16s.HOMD_v4_GTDB.species.tsv, /shared/users/grupo1/lemmi16s/benchmark/evaluations/auprc.kraken_213_lemmi16s.HOMD_v4_GTDB.family.tsv, /shared/users/grupo1/lemmi16s/benchmark/evaluations/auprc.kraken_213_lemmi16s.HOMD_v4_GTDB.genus.tsv

Building DAG of jobs...
Using shell: /usr/bin/bash
Provided cores: 4
Rules claiming more threads will be scaled down.
Select jobs to execute...
/shared/users/grupo1/lemmi16s_env/lib/python3.10/site-packages/stopit/__init__.py:10: UserWarning: pkg_resources is deprecated as an API. See https://setuptools.pypa.io/en/latest/pkg_resources.html. The pkg_resources package is slated for removal as early as 2025-11-30. Refrain from using this package or pin to Setuptools<81.
  import pkg_resources
/shared/users/grupo1/lemmi16s_env/lib/python3.10/site-packages/google/api_core/_python_version_support.py:254: FutureWarning: You are using a Python version (3.10.21) which Google will stop supporting in new releases of google.api_core once it reaches its end of life (2026-10-04). Please upgrade to the latest Python version, or at least Python 3.11, to continue receiving updates for google.api_core past that date.
  warnings.warn(message, FutureWarning)
/shared/users/grupo1/lemmi16s_env/lib/python3.10/site-packages/google/api_core/_python_version_support.py:254: FutureWarning: You are using a Python version (3.10.21) which Google will stop supporting in new releases of google.api_core once it reaches its end of life (2026-10-04). Please upgrade to the latest Python version, or at least Python 3.11, to continue receiving updates for google.api_core past that date.
  warnings.warn(message, FutureWarning)
[Tue Sep  8 15:25:14 2026]
Finished job 34.
69 of 86 steps (80%) done
Select jobs to execute...

[Tue Sep  8 15:25:14 2026]
Job 65: Outputting the prc table...
Reason: Missing output files: /shared/users/grupo1/lemmi16s/benchmark/final_results/HOMD_v4_GTDB.prc.tsv, /shared/users/grupo1/lemmi16s/benchmark/final_results/HOMD_v4_GTDB.prc.json; Input files updated by another job: /shared/users/grupo1/lemmi16s/benchmark/final_results/HOMD_v4_GTDB.f1.tsv, /shared/users/grupo1/lemmi16s/benchmark/evaluations/prc.kraken_213_lemmi16s.HOMD_v4_GTDB.family.tsv, /shared/users/grupo1/lemmi16s/benchmark/evaluations/prc.kraken_213_lemmi16s.HOMD_v4_GTDB.genus.tsv, /shared/users/grupo1/lemmi16s/benchmark/evaluations/prc.kraken_213_lemmi16s.HOMD_v4_GTDB.species.tsv

Building DAG of jobs...
Using shell: /usr/bin/bash
Provided cores: 4
Rules claiming more threads will be scaled down.
Select jobs to execute...
/shared/users/grupo1/lemmi16s_env/lib/python3.10/site-packages/stopit/__init__.py:10: UserWarning: pkg_resources is deprecated as an API. See https://setuptools.pypa.io/en/latest/pkg_resources.html. The pkg_resources package is slated for removal as early as 2025-11-30. Refrain from using this package or pin to Setuptools<81.
  import pkg_resources
/shared/users/grupo1/lemmi16s_env/lib/python3.10/site-packages/google/api_core/_python_version_support.py:254: FutureWarning: You are using a Python version (3.10.21) which Google will stop supporting in new releases of google.api_core once it reaches its end of life (2026-10-04). Please upgrade to the latest Python version, or at least Python 3.11, to continue receiving updates for google.api_core past that date.
  warnings.warn(message, FutureWarning)
[Tue Sep  8 15:25:15 2026]
Finished job 72.
70 of 86 steps (81%) done
Select jobs to execute...

[Tue Sep  8 15:25:15 2026]
Job 63: Outputting the filtering thresholds table...
Reason: Missing output files: /shared/users/grupo1/lemmi16s/benchmark/final_results/HOMD_v4_GTDB.filtering_threshold.tsv, /shared/users/grupo1/lemmi16s/benchmark/final_results/HOMD_v4_GTDB.filtering_threshold.json; Input files updated by another job: /shared/users/grupo1/lemmi16s/benchmark/evaluations/filtering_threshold.kraken_213_lemmi16s.HOMD_v4_GTDB.species.tsv, /shared/users/grupo1/lemmi16s/benchmark/final_results/HOMD_v4_GTDB.f1.tsv, /shared/users/grupo1/lemmi16s/benchmark/evaluations/filtering_threshold.kraken_213_lemmi16s.HOMD_v4_GTDB.family.tsv, /shared/users/grupo1/lemmi16s/benchmark/evaluations/filtering_threshold.kraken_213_lemmi16s.HOMD_v4_GTDB.genus.tsv

Building DAG of jobs...
Using shell: /usr/bin/bash
Provided cores: 4
Rules claiming more threads will be scaled down.
Select jobs to execute...
/shared/users/grupo1/lemmi16s_env/lib/python3.10/site-packages/stopit/__init__.py:10: UserWarning: pkg_resources is deprecated as an API. See https://setuptools.pypa.io/en/latest/pkg_resources.html. The pkg_resources package is slated for removal as early as 2025-11-30. Refrain from using this package or pin to Setuptools<81.
  import pkg_resources
Building DAG of jobs...
Using shell: /usr/bin/bash
Provided cores: 4
Rules claiming more threads will be scaled down.
Select jobs to execute...
/shared/users/grupo1/lemmi16s_env/lib/python3.10/site-packages/stopit/__init__.py:10: UserWarning: pkg_resources is deprecated as an API. See https://setuptools.pypa.io/en/latest/pkg_resources.html. The pkg_resources package is slated for removal as early as 2025-11-30. Refrain from using this package or pin to Setuptools<81.
  import pkg_resources
/shared/users/grupo1/lemmi16s_env/lib/python3.10/site-packages/google/api_core/_python_version_support.py:254: FutureWarning: You are using a Python version (3.10.21) which Google will stop supporting in new releases of google.api_core once it reaches its end of life (2026-10-04). Please upgrade to the latest Python version, or at least Python 3.11, to continue receiving updates for google.api_core past that date.
  warnings.warn(message, FutureWarning)
[Tue Sep  8 15:25:17 2026]
Finished job 36.
71 of 86 steps (83%) done
Select jobs to execute...

[Tue Sep  8 15:25:17 2026]
Job 84: Producing the detailed evaluation of each evaluation sample for each tool at each rank in a single json
Reason: Missing output files: /shared/users/grupo1/lemmi16s/benchmark/final_results/HOMD_v4_GTDB-e002.json; Input files updated by another job: /shared/users/grupo1/lemmi16s/benchmark/final_results/kraken_213_lemmi16s.HOMD_v4_GTDB-e002.species.tsv, /shared/users/grupo1/lemmi16s/benchmark/final_results/kraken_213_lemmi16s.HOMD_v4_GTDB-e002.family.tsv, /shared/users/grupo1/lemmi16s/benchmark/final_results/kraken_213_lemmi16s.HOMD_v4_GTDB-e002.genus.tsv

[Tue Sep  8 15:25:17 2026]
Finished job 64.
72 of 86 steps (84%) done
Select jobs to execute...

[Tue Sep  8 15:25:17 2026]
Job 62: Outputting the runtime for analysis table...
Reason: Missing output files: /shared/users/grupo1/lemmi16s/benchmark/final_results/HOMD_v4_GTDB.runtime_analysis.tsv, /shared/users/grupo1/lemmi16s/benchmark/final_results/HOMD_v4_GTDB.runtime_analysis.json; Input files updated by another job: /shared/users/grupo1/lemmi16s/benchmark/final_results/HOMD_v4_GTDB.f1.tsv

Building DAG of jobs...
Using shell: /usr/bin/bash
Provided cores: 4
Rules claiming more threads will be scaled down.
Select jobs to execute...
/shared/users/grupo1/lemmi16s_env/lib/python3.10/site-packages/stopit/__init__.py:10: UserWarning: pkg_resources is deprecated as an API. See https://setuptools.pypa.io/en/latest/pkg_resources.html. The pkg_resources package is slated for removal as early as 2025-11-30. Refrain from using this package or pin to Setuptools<81.
  import pkg_resources
/shared/users/grupo1/lemmi16s_env/lib/python3.10/site-packages/google/api_core/_python_version_support.py:254: FutureWarning: You are using a Python version (3.10.21) which Google will stop supporting in new releases of google.api_core once it reaches its end of life (2026-10-04). Please upgrade to the latest Python version, or at least Python 3.11, to continue receiving updates for google.api_core past that date.
  warnings.warn(message, FutureWarning)
/shared/users/grupo1/lemmi16s_env/lib/python3.10/site-packages/google/api_core/_python_version_support.py:254: FutureWarning: You are using a Python version (3.10.21) which Google will stop supporting in new releases of google.api_core once it reaches its end of life (2026-10-04). Please upgrade to the latest Python version, or at least Python 3.11, to continue receiving updates for google.api_core past that date.
  warnings.warn(message, FutureWarning)
[Tue Sep  8 15:25:18 2026]
Finished job 65.
73 of 86 steps (85%) done
Select jobs to execute...

[Tue Sep  8 15:25:18 2026]
Job 61: Outputting the memory for analysis table...
Reason: Missing output files: /shared/users/grupo1/lemmi16s/benchmark/final_results/HOMD_v4_GTDB.memory_analysis.json, /shared/users/grupo1/lemmi16s/benchmark/final_results/HOMD_v4_GTDB.memory_analysis.tsv; Input files updated by another job: /shared/users/grupo1/lemmi16s/benchmark/final_results/HOMD_v4_GTDB.f1.tsv

Building DAG of jobs...
Using shell: /usr/bin/bash
Provided cores: 4
Rules claiming more threads will be scaled down.
Select jobs to execute...
/shared/users/grupo1/lemmi16s_env/lib/python3.10/site-packages/stopit/__init__.py:10: UserWarning: pkg_resources is deprecated as an API. See https://setuptools.pypa.io/en/latest/pkg_resources.html. The pkg_resources package is slated for removal as early as 2025-11-30. Refrain from using this package or pin to Setuptools<81.
  import pkg_resources
/shared/users/grupo1/lemmi16s_env/lib/python3.10/site-packages/google/api_core/_python_version_support.py:254: FutureWarning: You are using a Python version (3.10.21) which Google will stop supporting in new releases of google.api_core once it reaches its end of life (2026-10-04). Please upgrade to the latest Python version, or at least Python 3.11, to continue receiving updates for google.api_core past that date.
  warnings.warn(message, FutureWarning)
[Tue Sep  8 15:25:20 2026]
Finished job 63.
74 of 86 steps (86%) done
Select jobs to execute...

[Tue Sep  8 15:25:20 2026]
Job 60: Outputting the l2 table...
Reason: Missing output files: /shared/users/grupo1/lemmi16s/benchmark/final_results/HOMD_v4_GTDB.l2.tsv, /shared/users/grupo1/lemmi16s/benchmark/final_results/HOMD_v4_GTDB.l2.json; Input files updated by another job: /shared/users/grupo1/lemmi16s/benchmark/evaluations/l2.kraken_213_lemmi16s.HOMD_v4_GTDB-e002.family.tsv, /shared/users/grupo1/lemmi16s/benchmark/evaluations/l2.kraken_213_lemmi16s.HOMD_v4_GTDB-e001.family.tsv, /shared/users/grupo1/lemmi16s/benchmark/evaluations/l2.kraken_213_lemmi16s.HOMD_v4_GTDB-e001.species.tsv, /shared/users/grupo1/lemmi16s/benchmark/evaluations/l2.kraken_213_lemmi16s.HOMD_v4_GTDB-e001.genus.tsv, /shared/users/grupo1/lemmi16s/benchmark/evaluations/l2.kraken_213_lemmi16s.HOMD_v4_GTDB-e002.genus.tsv, /shared/users/grupo1/lemmi16s/benchmark/evaluations/l2.kraken_213_lemmi16s.HOMD_v4_GTDB-e002.species.tsv, /shared/users/grupo1/lemmi16s/benchmark/final_results/HOMD_v4_GTDB.f1.tsv

Building DAG of jobs...
Using shell: /usr/bin/bash
Provided cores: 4
Rules claiming more threads will be scaled down.
Select jobs to execute...
/shared/users/grupo1/lemmi16s_env/lib/python3.10/site-packages/stopit/__init__.py:10: UserWarning: pkg_resources is deprecated as an API. See https://setuptools.pypa.io/en/latest/pkg_resources.html. The pkg_resources package is slated for removal as early as 2025-11-30. Refrain from using this package or pin to Setuptools<81.
  import pkg_resources
Building DAG of jobs...
Using shell: /usr/bin/bash
Provided cores: 4
Rules claiming more threads will be scaled down.
Select jobs to execute...
/shared/users/grupo1/lemmi16s_env/lib/python3.10/site-packages/stopit/__init__.py:10: UserWarning: pkg_resources is deprecated as an API. See https://setuptools.pypa.io/en/latest/pkg_resources.html. The pkg_resources package is slated for removal as early as 2025-11-30. Refrain from using this package or pin to Setuptools<81.
  import pkg_resources
/shared/users/grupo1/lemmi16s/workflow/rules/eval.smk:2006: FutureWarning: The frame.append method is deprecated and will be removed from pandas in a future version. Use pandas.concat instead.
/shared/users/grupo1/lemmi16s/workflow/rules/eval.smk:2006: FutureWarning: The frame.append method is deprecated and will be removed from pandas in a future version. Use pandas.concat instead.
/shared/users/grupo1/lemmi16s/workflow/rules/eval.smk:2006: FutureWarning: In a future version, object-dtype columns with all-bool values will not be included in reductions with bool_only=True. Explicitly cast to bool dtype instead.
/shared/users/grupo1/lemmi16s/workflow/rules/eval.smk:2006: FutureWarning: The frame.append method is deprecated and will be removed from pandas in a future version. Use pandas.concat instead.
/shared/users/grupo1/lemmi16s/workflow/rules/eval.smk:2006: FutureWarning: In a future version, object-dtype columns with all-bool values will not be included in reductions with bool_only=True. Explicitly cast to bool dtype instead.
/shared/users/grupo1/lemmi16s_env/lib/python3.10/site-packages/google/api_core/_python_version_support.py:254: FutureWarning: You are using a Python version (3.10.21) which Google will stop supporting in new releases of google.api_core once it reaches its end of life (2026-10-04). Please upgrade to the latest Python version, or at least Python 3.11, to continue receiving updates for google.api_core past that date.
  warnings.warn(message, FutureWarning)
[Tue Sep  8 15:25:21 2026]
Finished job 84.
75 of 86 steps (87%) done
Select jobs to execute...

[Tue Sep  8 15:25:21 2026]
Job 59: Outputting the recall table...
Reason: Missing output files: /shared/users/grupo1/lemmi16s/benchmark/final_results/HOMD_v4_GTDB.recall.tsv, /shared/users/grupo1/lemmi16s/benchmark/final_results/HOMD_v4_GTDB.recall.json; Input files updated by another job: /shared/users/grupo1/lemmi16s/benchmark/evaluations/recall.kraken_213_lemmi16s.HOMD_v4_GTDB-e001.family.tsv, /shared/users/grupo1/lemmi16s/benchmark/evaluations/recall.kraken_213_lemmi16s.HOMD_v4_GTDB-e001.species.tsv, /shared/users/grupo1/lemmi16s/benchmark/evaluations/recall.kraken_213_lemmi16s.HOMD_v4_GTDB-e002.species.tsv, /shared/users/grupo1/lemmi16s/benchmark/evaluations/recall.kraken_213_lemmi16s.HOMD_v4_GTDB-e002.genus.tsv, /shared/users/grupo1/lemmi16s/benchmark/evaluations/recall.kraken_213_lemmi16s.HOMD_v4_GTDB-e001.genus.tsv, /shared/users/grupo1/lemmi16s/benchmark/evaluations/recall.kraken_213_lemmi16s.HOMD_v4_GTDB-e002.family.tsv, /shared/users/grupo1/lemmi16s/benchmark/final_results/HOMD_v4_GTDB.f1.tsv

[Tue Sep  8 15:25:22 2026]
Finished job 62.
76 of 86 steps (88%) done
Select jobs to execute...

[Tue Sep  8 15:25:22 2026]
Job 58: Outputting the fp table...
Reason: Missing output files: /shared/users/grupo1/lemmi16s/benchmark/final_results/HOMD_v4_GTDB.fp.json, /shared/users/grupo1/lemmi16s/benchmark/final_results/HOMD_v4_GTDB.fp.tsv; Input files updated by another job: /shared/users/grupo1/lemmi16s/benchmark/evaluations/fp.kraken_213_lemmi16s.HOMD_v4_GTDB-e002.genus.tsv, /shared/users/grupo1/lemmi16s/benchmark/evaluations/fp.kraken_213_lemmi16s.HOMD_v4_GTDB-e001.family.tsv, /shared/users/grupo1/lemmi16s/benchmark/evaluations/fp.kraken_213_lemmi16s.HOMD_v4_GTDB-e002.species.tsv, /shared/users/grupo1/lemmi16s/benchmark/evaluations/fp.kraken_213_lemmi16s.HOMD_v4_GTDB-e001.genus.tsv, /shared/users/grupo1/lemmi16s/benchmark/final_results/HOMD_v4_GTDB.f1.tsv, /shared/users/grupo1/lemmi16s/benchmark/evaluations/fp.kraken_213_lemmi16s.HOMD_v4_GTDB-e001.species.tsv, /shared/users/grupo1/lemmi16s/benchmark/evaluations/fp.kraken_213_lemmi16s.HOMD_v4_GTDB-e002.family.tsv

Building DAG of jobs...
Using shell: /usr/bin/bash
Provided cores: 4
Rules claiming more threads will be scaled down.
Select jobs to execute...
/shared/users/grupo1/lemmi16s_env/lib/python3.10/site-packages/stopit/__init__.py:10: UserWarning: pkg_resources is deprecated as an API. See https://setuptools.pypa.io/en/latest/pkg_resources.html. The pkg_resources package is slated for removal as early as 2025-11-30. Refrain from using this package or pin to Setuptools<81.
  import pkg_resources
/shared/users/grupo1/lemmi16s_env/lib/python3.10/site-packages/google/api_core/_python_version_support.py:254: FutureWarning: You are using a Python version (3.10.21) which Google will stop supporting in new releases of google.api_core once it reaches its end of life (2026-10-04). Please upgrade to the latest Python version, or at least Python 3.11, to continue receiving updates for google.api_core past that date.
  warnings.warn(message, FutureWarning)
/shared/users/grupo1/lemmi16s_env/lib/python3.10/site-packages/google/api_core/_python_version_support.py:254: FutureWarning: You are using a Python version (3.10.21) which Google will stop supporting in new releases of google.api_core once it reaches its end of life (2026-10-04). Please upgrade to the latest Python version, or at least Python 3.11, to continue receiving updates for google.api_core past that date.
  warnings.warn(message, FutureWarning)
[Tue Sep  8 15:25:23 2026]
Finished job 61.
77 of 86 steps (90%) done
Select jobs to execute...

[Tue Sep  8 15:25:23 2026]
Job 57: Outputting the tp table...
Reason: Missing output files: /shared/users/grupo1/lemmi16s/benchmark/final_results/HOMD_v4_GTDB.tp.json, /shared/users/grupo1/lemmi16s/benchmark/final_results/HOMD_v4_GTDB.tp.tsv; Input files updated by another job: /shared/users/grupo1/lemmi16s/benchmark/evaluations/tp.kraken_213_lemmi16s.HOMD_v4_GTDB-e001.family.tsv, /shared/users/grupo1/lemmi16s/benchmark/evaluations/tp.kraken_213_lemmi16s.HOMD_v4_GTDB-e002.genus.tsv, /shared/users/grupo1/lemmi16s/benchmark/evaluations/tp.kraken_213_lemmi16s.HOMD_v4_GTDB-e002.species.tsv, /shared/users/grupo1/lemmi16s/benchmark/evaluations/tp.kraken_213_lemmi16s.HOMD_v4_GTDB-e001.species.tsv, /shared/users/grupo1/lemmi16s/benchmark/evaluations/tp.kraken_213_lemmi16s.HOMD_v4_GTDB-e002.family.tsv, /shared/users/grupo1/lemmi16s/benchmark/evaluations/tp.kraken_213_lemmi16s.HOMD_v4_GTDB-e001.genus.tsv, /shared/users/grupo1/lemmi16s/benchmark/final_results/HOMD_v4_GTDB.f1.tsv

Building DAG of jobs...
Using shell: /usr/bin/bash
Provided cores: 4
Rules claiming more threads will be scaled down.
Select jobs to execute...
/shared/users/grupo1/lemmi16s_env/lib/python3.10/site-packages/stopit/__init__.py:10: UserWarning: pkg_resources is deprecated as an API. See https://setuptools.pypa.io/en/latest/pkg_resources.html. The pkg_resources package is slated for removal as early as 2025-11-30. Refrain from using this package or pin to Setuptools<81.
  import pkg_resources
/shared/users/grupo1/lemmi16s_env/lib/python3.10/site-packages/google/api_core/_python_version_support.py:254: FutureWarning: You are using a Python version (3.10.21) which Google will stop supporting in new releases of google.api_core once it reaches its end of life (2026-10-04). Please upgrade to the latest Python version, or at least Python 3.11, to continue receiving updates for google.api_core past that date.
  warnings.warn(message, FutureWarning)
[Tue Sep  8 15:25:24 2026]
Finished job 60.
78 of 86 steps (91%) done
Select jobs to execute...

[Tue Sep  8 15:25:24 2026]
Job 66: Outputting the memory for training table...
Reason: Missing output files: /shared/users/grupo1/lemmi16s/benchmark/final_results/HOMD_v4_GTDB.memory_training.tsv, /shared/users/grupo1/lemmi16s/benchmark/final_results/HOMD_v4_GTDB.memory_training.json; Input files updated by another job: /shared/users/grupo1/lemmi16s/benchmark/final_results/HOMD_v4_GTDB.f1.tsv

Building DAG of jobs...
Using shell: /usr/bin/bash
Provided cores: 4
Rules claiming more threads will be scaled down.
Select jobs to execute...
/shared/users/grupo1/lemmi16s_env/lib/python3.10/site-packages/stopit/__init__.py:10: UserWarning: pkg_resources is deprecated as an API. See https://setuptools.pypa.io/en/latest/pkg_resources.html. The pkg_resources package is slated for removal as early as 2025-11-30. Refrain from using this package or pin to Setuptools<81.
  import pkg_resources
Building DAG of jobs...
Using shell: /usr/bin/bash
Provided cores: 4
Rules claiming more threads will be scaled down.
Select jobs to execute...
/shared/users/grupo1/lemmi16s_env/lib/python3.10/site-packages/stopit/__init__.py:10: UserWarning: pkg_resources is deprecated as an API. See https://setuptools.pypa.io/en/latest/pkg_resources.html. The pkg_resources package is slated for removal as early as 2025-11-30. Refrain from using this package or pin to Setuptools<81.
  import pkg_resources
/shared/users/grupo1/lemmi16s_env/lib/python3.10/site-packages/google/api_core/_python_version_support.py:254: FutureWarning: You are using a Python version (3.10.21) which Google will stop supporting in new releases of google.api_core once it reaches its end of life (2026-10-04). Please upgrade to the latest Python version, or at least Python 3.11, to continue receiving updates for google.api_core past that date.
  warnings.warn(message, FutureWarning)
[Tue Sep  8 15:25:26 2026]
Finished job 59.
79 of 86 steps (92%) done
Select jobs to execute...

[Tue Sep  8 15:25:26 2026]
Job 19: Computing precision...
Reason: Missing output files: /shared/users/grupo1/lemmi16s/benchmark/evaluations/precision.kraken_213_lemmi16s.HOMD_v4_GTDB-e001.family.tsv; Input files updated by another job: /shared/users/grupo1/lemmi16s/benchmark/evaluations/predictions.kraken_213_lemmi16s.HOMD_v4_GTDB-e001.family.tsv, /shared/users/grupo1/lemmi16s/benchmark/evaluations/filtering_threshold.kraken_213_lemmi16s.HOMD_v4_GTDB.family.tsv

[Tue Sep  8 15:25:26 2026]
Finished job 58.
80 of 86 steps (93%) done
Select jobs to execute...

[Tue Sep  8 15:25:26 2026]
Job 67: Outputting the runtime for training table...
Reason: Missing output files: /shared/users/grupo1/lemmi16s/benchmark/final_results/HOMD_v4_GTDB.runtime_training.json, /shared/users/grupo1/lemmi16s/benchmark/final_results/HOMD_v4_GTDB.runtime_training.tsv; Input files updated by another job: /shared/users/grupo1/lemmi16s/benchmark/final_results/HOMD_v4_GTDB.f1.tsv

Building DAG of jobs...
Using shell: /usr/bin/bash
Provided cores: 4
Rules claiming more threads will be scaled down.
Select jobs to execute...
/shared/users/grupo1/lemmi16s_env/lib/python3.10/site-packages/stopit/__init__.py:10: UserWarning: pkg_resources is deprecated as an API. See https://setuptools.pypa.io/en/latest/pkg_resources.html. The pkg_resources package is slated for removal as early as 2025-11-30. Refrain from using this package or pin to Setuptools<81.
  import pkg_resources
/shared/users/grupo1/lemmi16s_env/lib/python3.10/site-packages/google/api_core/_python_version_support.py:254: FutureWarning: You are using a Python version (3.10.21) which Google will stop supporting in new releases of google.api_core once it reaches its end of life (2026-10-04). Please upgrade to the latest Python version, or at least Python 3.11, to continue receiving updates for google.api_core past that date.
  warnings.warn(message, FutureWarning)
/shared/users/grupo1/lemmi16s_env/lib/python3.10/site-packages/google/api_core/_python_version_support.py:254: FutureWarning: You are using a Python version (3.10.21) which Google will stop supporting in new releases of google.api_core once it reaches its end of life (2026-10-04). Please upgrade to the latest Python version, or at least Python 3.11, to continue receiving updates for google.api_core past that date.
  warnings.warn(message, FutureWarning)
[Tue Sep  8 15:25:28 2026]
Finished job 57.
81 of 86 steps (94%) done
Building DAG of jobs...
Using shell: /usr/bin/bash
Provided cores: 4
Rules claiming more threads will be scaled down.
Select jobs to execute...
/shared/users/grupo1/lemmi16s_env/lib/python3.10/site-packages/stopit/__init__.py:10: UserWarning: pkg_resources is deprecated as an API. See https://setuptools.pypa.io/en/latest/pkg_resources.html. The pkg_resources package is slated for removal as early as 2025-11-30. Refrain from using this package or pin to Setuptools<81.
  import pkg_resources
[Tue Sep  8 15:25:29 2026]
Finished job 66.
82 of 86 steps (95%) done
Building DAG of jobs...
Using shell: /usr/bin/bash
Provided cores: 4
Rules claiming more threads will be scaled down.
Select jobs to execute...
/shared/users/grupo1/lemmi16s_env/lib/python3.10/site-packages/stopit/__init__.py:10: UserWarning: pkg_resources is deprecated as an API. See https://setuptools.pypa.io/en/latest/pkg_resources.html. The pkg_resources package is slated for removal as early as 2025-11-30. Refrain from using this package or pin to Setuptools<81.
  import pkg_resources
Building DAG of jobs...
Using shell: /usr/bin/bash
Provided cores: 4
Rules claiming more threads will be scaled down.
Select jobs to execute...
/shared/users/grupo1/lemmi16s_env/lib/python3.10/site-packages/stopit/__init__.py:10: UserWarning: pkg_resources is deprecated as an API. See https://setuptools.pypa.io/en/latest/pkg_resources.html. The pkg_resources package is slated for removal as early as 2025-11-30. Refrain from using this package or pin to Setuptools<81.
  import pkg_resources
[Tue Sep  8 15:25:30 2026]
Finished job 19.
83 of 86 steps (97%) done
Select jobs to execute...

[Tue Sep  8 15:25:30 2026]
Job 56: Outputting the precision table...
Reason: Missing output files: /shared/users/grupo1/lemmi16s/benchmark/final_results/HOMD_v4_GTDB.precision.tsv, /shared/users/grupo1/lemmi16s/benchmark/final_results/HOMD_v4_GTDB.precision.json; Input files updated by another job: /shared/users/grupo1/lemmi16s/benchmark/evaluations/precision.kraken_213_lemmi16s.HOMD_v4_GTDB-e001.species.tsv, /shared/users/grupo1/lemmi16s/benchmark/evaluations/precision.kraken_213_lemmi16s.HOMD_v4_GTDB-e002.genus.tsv, /shared/users/grupo1/lemmi16s/benchmark/final_results/HOMD_v4_GTDB.f1.tsv, /shared/users/grupo1/lemmi16s/benchmark/evaluations/precision.kraken_213_lemmi16s.HOMD_v4_GTDB-e001.genus.tsv, /shared/users/grupo1/lemmi16s/benchmark/evaluations/precision.kraken_213_lemmi16s.HOMD_v4_GTDB-e002.family.tsv, /shared/users/grupo1/lemmi16s/benchmark/evaluations/precision.kraken_213_lemmi16s.HOMD_v4_GTDB-e001.family.tsv, /shared/users/grupo1/lemmi16s/benchmark/evaluations/precision.kraken_213_lemmi16s.HOMD_v4_GTDB-e002.species.tsv

[Tue Sep  8 15:25:30 2026]
Finished job 67.
84 of 86 steps (98%) done
/shared/users/grupo1/lemmi16s_env/lib/python3.10/site-packages/google/api_core/_python_version_support.py:254: FutureWarning: You are using a Python version (3.10.21) which Google will stop supporting in new releases of google.api_core once it reaches its end of life (2026-10-04). Please upgrade to the latest Python version, or at least Python 3.11, to continue receiving updates for google.api_core past that date.
  warnings.warn(message, FutureWarning)
Building DAG of jobs...
Using shell: /usr/bin/bash
Provided cores: 4
Rules claiming more threads will be scaled down.
Select jobs to execute...
/shared/users/grupo1/lemmi16s_env/lib/python3.10/site-packages/stopit/__init__.py:10: UserWarning: pkg_resources is deprecated as an API. See https://setuptools.pypa.io/en/latest/pkg_resources.html. The pkg_resources package is slated for removal as early as 2025-11-30. Refrain from using this package or pin to Setuptools<81.
  import pkg_resources
[Tue Sep  8 15:25:33 2026]
Finished job 56.
85 of 86 steps (99%) done
Select jobs to execute...

[Tue Sep  8 15:25:33 2026]
localrule target:
    input: /shared/users/grupo1/lemmi16s/benchmark/evaluations/predictions.kraken_213_lemmi16s.HOMD_v4_GTDB-c001.family.tsv, /shared/users/grupo1/lemmi16s/benchmark/evaluations/predictions.kraken_213_lemmi16s.HOMD_v4_GTDB-c001.genus.tsv, /shared/users/grupo1/lemmi16s/benchmark/evaluations/predictions.kraken_213_lemmi16s.HOMD_v4_GTDB-c001.species.tsv, /shared/users/grupo1/lemmi16s/benchmark/evaluations/predictions.kraken_213_lemmi16s.HOMD_v4_GTDB-c002.family.tsv, /shared/users/grupo1/lemmi16s/benchmark/evaluations/predictions.kraken_213_lemmi16s.HOMD_v4_GTDB-c002.genus.tsv, /shared/users/grupo1/lemmi16s/benchmark/evaluations/predictions.kraken_213_lemmi16s.HOMD_v4_GTDB-c002.species.tsv, /shared/users/grupo1/lemmi16s/benchmark/evaluations/predictions.kraken_213_lemmi16s.HOMD_v4_GTDB-c003.family.tsv, /shared/users/grupo1/lemmi16s/benchmark/evaluations/predictions.kraken_213_lemmi16s.HOMD_v4_GTDB-c003.genus.tsv, /shared/users/grupo1/lemmi16s/benchmark/evaluations/predictions.kraken_213_lemmi16s.HOMD_v4_GTDB-c003.species.tsv, /shared/users/grupo1/lemmi16s/benchmark/evaluations/predictions.kraken_213_lemmi16s.HOMD_v4_GTDB-e001.family.tsv, /shared/users/grupo1/lemmi16s/benchmark/evaluations/predictions.kraken_213_lemmi16s.HOMD_v4_GTDB-e001.genus.tsv, /shared/users/grupo1/lemmi16s/benchmark/evaluations/predictions.kraken_213_lemmi16s.HOMD_v4_GTDB-e001.species.tsv, /shared/users/grupo1/lemmi16s/benchmark/evaluations/predictions.kraken_213_lemmi16s.HOMD_v4_GTDB-e002.family.tsv, /shared/users/grupo1/lemmi16s/benchmark/evaluations/predictions.kraken_213_lemmi16s.HOMD_v4_GTDB-e002.genus.tsv, /shared/users/grupo1/lemmi16s/benchmark/evaluations/predictions.kraken_213_lemmi16s.HOMD_v4_GTDB-e002.species.tsv, /shared/users/grupo1/lemmi16s/benchmark/evaluations/filtering_threshold.kraken_213_lemmi16s.HOMD_v4_GTDB.family.tsv, /shared/users/grupo1/lemmi16s/benchmark/evaluations/filtering_threshold.kraken_213_lemmi16s.HOMD_v4_GTDB.genus.tsv, /shared/users/grupo1/lemmi16s/benchmark/evaluations/filtering_threshold.kraken_213_lemmi16s.HOMD_v4_GTDB.species.tsv, /shared/users/grupo1/lemmi16s/benchmark/evaluations/precision.kraken_213_lemmi16s.HOMD_v4_GTDB-e001.family.tsv, /shared/users/grupo1/lemmi16s/benchmark/evaluations/precision.kraken_213_lemmi16s.HOMD_v4_GTDB-e001.genus.tsv, /shared/users/grupo1/lemmi16s/benchmark/evaluations/precision.kraken_213_lemmi16s.HOMD_v4_GTDB-e001.species.tsv, /shared/users/grupo1/lemmi16s/benchmark/evaluations/precision.kraken_213_lemmi16s.HOMD_v4_GTDB-e002.family.tsv, /shared/users/grupo1/lemmi16s/benchmark/evaluations/precision.kraken_213_lemmi16s.HOMD_v4_GTDB-e002.genus.tsv, /shared/users/grupo1/lemmi16s/benchmark/evaluations/precision.kraken_213_lemmi16s.HOMD_v4_GTDB-e002.species.tsv, /shared/users/grupo1/lemmi16s/benchmark/evaluations/tp.kraken_213_lemmi16s.HOMD_v4_GTDB-e001.family.tsv, /shared/users/grupo1/lemmi16s/benchmark/evaluations/tp.kraken_213_lemmi16s.HOMD_v4_GTDB-e001.genus.tsv, /shared/users/grupo1/lemmi16s/benchmark/evaluations/tp.kraken_213_lemmi16s.HOMD_v4_GTDB-e001.species.tsv, /shared/users/grupo1/lemmi16s/benchmark/evaluations/tp.kraken_213_lemmi16s.HOMD_v4_GTDB-e002.family.tsv, /shared/users/grupo1/lemmi16s/benchmark/evaluations/tp.kraken_213_lemmi16s.HOMD_v4_GTDB-e002.genus.tsv, /shared/users/grupo1/lemmi16s/benchmark/evaluations/tp.kraken_213_lemmi16s.HOMD_v4_GTDB-e002.species.tsv, /shared/users/grupo1/lemmi16s/benchmark/evaluations/fp.kraken_213_lemmi16s.HOMD_v4_GTDB-e001.family.tsv, /shared/users/grupo1/lemmi16s/benchmark/evaluations/fp.kraken_213_lemmi16s.HOMD_v4_GTDB-e001.genus.tsv, /shared/users/grupo1/lemmi16s/benchmark/evaluations/fp.kraken_213_lemmi16s.HOMD_v4_GTDB-e001.species.tsv, /shared/users/grupo1/lemmi16s/benchmark/evaluations/fp.kraken_213_lemmi16s.HOMD_v4_GTDB-e002.family.tsv, /shared/users/grupo1/lemmi16s/benchmark/evaluations/fp.kraken_213_lemmi16s.HOMD_v4_GTDB-e002.genus.tsv, /shared/users/grupo1/lemmi16s/benchmark/evaluations/fp.kraken_213_lemmi16s.HOMD_v4_GTDB-e002.species.tsv, /shared/users/grupo1/lemmi16s/benchmark/evaluations/l2.kraken_213_lemmi16s.HOMD_v4_GTDB-e001.family.tsv, /shared/users/grupo1/lemmi16s/benchmark/evaluations/l2.kraken_213_lemmi16s.HOMD_v4_GTDB-e001.genus.tsv, /shared/users/grupo1/lemmi16s/benchmark/evaluations/l2.kraken_213_lemmi16s.HOMD_v4_GTDB-e001.species.tsv, /shared/users/grupo1/lemmi16s/benchmark/evaluations/l2.kraken_213_lemmi16s.HOMD_v4_GTDB-e002.family.tsv, /shared/users/grupo1/lemmi16s/benchmark/evaluations/l2.kraken_213_lemmi16s.HOMD_v4_GTDB-e002.genus.tsv, /shared/users/grupo1/lemmi16s/benchmark/evaluations/l2.kraken_213_lemmi16s.HOMD_v4_GTDB-e002.species.tsv, /shared/users/grupo1/lemmi16s/benchmark/evaluations/f1.kraken_213_lemmi16s.HOMD_v4_GTDB-e001.family.tsv, /shared/users/grupo1/lemmi16s/benchmark/evaluations/f1.kraken_213_lemmi16s.HOMD_v4_GTDB-e001.genus.tsv, /shared/users/grupo1/lemmi16s/benchmark/evaluations/f1.kraken_213_lemmi16s.HOMD_v4_GTDB-e001.species.tsv, /shared/users/grupo1/lemmi16s/benchmark/evaluations/f1.kraken_213_lemmi16s.HOMD_v4_GTDB-e002.family.tsv, /shared/users/grupo1/lemmi16s/benchmark/evaluations/f1.kraken_213_lemmi16s.HOMD_v4_GTDB-e002.genus.tsv, /shared/users/grupo1/lemmi16s/benchmark/evaluations/f1.kraken_213_lemmi16s.HOMD_v4_GTDB-e002.species.tsv, /shared/users/grupo1/lemmi16s/benchmark/evaluations/recall.kraken_213_lemmi16s.HOMD_v4_GTDB-e001.family.tsv, /shared/users/grupo1/lemmi16s/benchmark/evaluations/recall.kraken_213_lemmi16s.HOMD_v4_GTDB-e001.genus.tsv, /shared/users/grupo1/lemmi16s/benchmark/evaluations/recall.kraken_213_lemmi16s.HOMD_v4_GTDB-e001.species.tsv, /shared/users/grupo1/lemmi16s/benchmark/evaluations/recall.kraken_213_lemmi16s.HOMD_v4_GTDB-e002.family.tsv, /shared/users/grupo1/lemmi16s/benchmark/evaluations/recall.kraken_213_lemmi16s.HOMD_v4_GTDB-e002.genus.tsv, /shared/users/grupo1/lemmi16s/benchmark/evaluations/recall.kraken_213_lemmi16s.HOMD_v4_GTDB-e002.species.tsv, /shared/users/grupo1/lemmi16s/benchmark/final_results/HOMD_v4_GTDB.f1.tsv, /shared/users/grupo1/lemmi16s/benchmark/final_results/HOMD_v4_GTDB.f1.json, /shared/users/grupo1/lemmi16s/benchmark/final_results/HOMD_v4_GTDB.precision.tsv, /shared/users/grupo1/lemmi16s/benchmark/final_results/HOMD_v4_GTDB.precision.json, /shared/users/grupo1/lemmi16s/benchmark/final_results/HOMD_v4_GTDB.tp.tsv, /shared/users/grupo1/lemmi16s/benchmark/final_results/HOMD_v4_GTDB.tp.json, /shared/users/grupo1/lemmi16s/benchmark/final_results/HOMD_v4_GTDB.fp.tsv, /shared/users/grupo1/lemmi16s/benchmark/final_results/HOMD_v4_GTDB.fp.json, /shared/users/grupo1/lemmi16s/benchmark/final_results/HOMD_v4_GTDB.recall.tsv, /shared/users/grupo1/lemmi16s/benchmark/final_results/HOMD_v4_GTDB.recall.json, /shared/users/grupo1/lemmi16s/benchmark/final_results/HOMD_v4_GTDB.l2.tsv, /shared/users/grupo1/lemmi16s/benchmark/final_results/HOMD_v4_GTDB.l2.json, /shared/users/grupo1/lemmi16s/benchmark/final_results/HOMD_v4_GTDB.memory_analysis.tsv, /shared/users/grupo1/lemmi16s/benchmark/final_results/HOMD_v4_GTDB.memory_analysis.json, /shared/users/grupo1/lemmi16s/benchmark/final_results/HOMD_v4_GTDB.runtime_analysis.tsv, /shared/users/grupo1/lemmi16s/benchmark/final_results/HOMD_v4_GTDB.runtime_analysis.json, /shared/users/grupo1/lemmi16s/benchmark/final_results/HOMD_v4_GTDB.filtering_threshold.tsv, /shared/users/grupo1/lemmi16s/benchmark/final_results/HOMD_v4_GTDB.filtering_threshold.json, /shared/users/grupo1/lemmi16s/benchmark/final_results/HOMD_v4_GTDB.auprc.tsv, /shared/users/grupo1/lemmi16s/benchmark/final_results/HOMD_v4_GTDB.auprc.json, /shared/users/grupo1/lemmi16s/benchmark/final_results/HOMD_v4_GTDB.prc.tsv, /shared/users/grupo1/lemmi16s/benchmark/final_results/HOMD_v4_GTDB.prc.json, /shared/users/grupo1/lemmi16s/benchmark/final_results/HOMD_v4_GTDB.memory_training.tsv, /shared/users/grupo1/lemmi16s/benchmark/final_results/HOMD_v4_GTDB.memory_training.json, /shared/users/grupo1/lemmi16s/benchmark/final_results/HOMD_v4_GTDB.runtime_training.tsv, /shared/users/grupo1/lemmi16s/benchmark/final_results/HOMD_v4_GTDB.runtime_training.json, /shared/users/grupo1/lemmi16s/benchmark/final_results/kraken_213_lemmi16s.HOMD_v4_GTDB-e001.family.tsv, /shared/users/grupo1/lemmi16s/benchmark/final_results/kraken_213_lemmi16s.HOMD_v4_GTDB-e001.genus.tsv, /shared/users/grupo1/lemmi16s/benchmark/final_results/kraken_213_lemmi16s.HOMD_v4_GTDB-e001.species.tsv, /shared/users/grupo1/lemmi16s/benchmark/final_results/kraken_213_lemmi16s.HOMD_v4_GTDB-e002.family.tsv, /shared/users/grupo1/lemmi16s/benchmark/final_results/kraken_213_lemmi16s.HOMD_v4_GTDB-e002.genus.tsv, /shared/users/grupo1/lemmi16s/benchmark/final_results/kraken_213_lemmi16s.HOMD_v4_GTDB-e002.species.tsv, /shared/users/grupo1/lemmi16s/benchmark/final_results/kraken_213_lemmi16s.HOMD_v4_GTDB-c001.family.tsv, /shared/users/grupo1/lemmi16s/benchmark/final_results/kraken_213_lemmi16s.HOMD_v4_GTDB-c001.genus.tsv, /shared/users/grupo1/lemmi16s/benchmark/final_results/kraken_213_lemmi16s.HOMD_v4_GTDB-c001.species.tsv, /shared/users/grupo1/lemmi16s/benchmark/final_results/kraken_213_lemmi16s.HOMD_v4_GTDB-c002.family.tsv, /shared/users/grupo1/lemmi16s/benchmark/final_results/kraken_213_lemmi16s.HOMD_v4_GTDB-c002.genus.tsv, /shared/users/grupo1/lemmi16s/benchmark/final_results/kraken_213_lemmi16s.HOMD_v4_GTDB-c002.species.tsv, /shared/users/grupo1/lemmi16s/benchmark/final_results/kraken_213_lemmi16s.HOMD_v4_GTDB-c003.family.tsv, /shared/users/grupo1/lemmi16s/benchmark/final_results/kraken_213_lemmi16s.HOMD_v4_GTDB-c003.genus.tsv, /shared/users/grupo1/lemmi16s/benchmark/final_results/kraken_213_lemmi16s.HOMD_v4_GTDB-c003.species.tsv, /shared/users/grupo1/lemmi16s/benchmark/final_results/HOMD_v4_GTDB-e001.json, /shared/users/grupo1/lemmi16s/benchmark/final_results/HOMD_v4_GTDB-e002.json, /shared/users/grupo1/lemmi16s/benchmark/final_results/HOMD_v4_GTDB.structure.json, /shared/users/grupo1/lemmi16s/benchmark/final_results/HOMD_v4_GTDB.ranks.json
    jobid: 0
    reason: Input files updated by another job: /shared/users/grupo1/lemmi16s/benchmark/final_results/HOMD_v4_GTDB.filtering_threshold.tsv, /shared/users/grupo1/lemmi16s/benchmark/evaluations/fp.kraken_213_lemmi16s.HOMD_v4_GTDB-e002.species.tsv, /shared/users/grupo1/lemmi16s/benchmark/evaluations/l2.kraken_213_lemmi16s.HOMD_v4_GTDB-e002.genus.tsv, /shared/users/grupo1/lemmi16s/benchmark/final_results/HOMD_v4_GTDB.prc.json, /shared/users/grupo1/lemmi16s/benchmark/final_results/kraken_213_lemmi16s.HOMD_v4_GTDB-e002.genus.tsv, /shared/users/grupo1/lemmi16s/benchmark/evaluations/predictions.kraken_213_lemmi16s.HOMD_v4_GTDB-e002.genus.tsv, /shared/users/grupo1/lemmi16s/benchmark/evaluations/precision.kraken_213_lemmi16s.HOMD_v4_GTDB-e001.genus.tsv, /shared/users/grupo1/lemmi16s/benchmark/evaluations/f1.kraken_213_lemmi16s.HOMD_v4_GTDB-e001.family.tsv, /shared/users/grupo1/lemmi16s/benchmark/final_results/HOMD_v4_GTDB.auprc.json, /shared/users/grupo1/lemmi16s/benchmark/final_results/HOMD_v4_GTDB.runtime_training.tsv, /shared/users/grupo1/lemmi16s/benchmark/final_results/HOMD_v4_GTDB.precision.tsv, /shared/users/grupo1/lemmi16s/benchmark/evaluations/filtering_threshold.kraken_213_lemmi16s.HOMD_v4_GTDB.genus.tsv, /shared/users/grupo1/lemmi16s/benchmark/final_results/kraken_213_lemmi16s.HOMD_v4_GTDB-c002.genus.tsv, /shared/users/grupo1/lemmi16s/benchmark/final_results/HOMD_v4_GTDB.l2.tsv, /shared/users/grupo1/lemmi16s/benchmark/evaluations/precision.kraken_213_lemmi16s.HOMD_v4_GTDB-e001.family.tsv, /shared/users/grupo1/lemmi16s/benchmark/evaluations/tp.kraken_213_lemmi16s.HOMD_v4_GTDB-e002.species.tsv, /shared/users/grupo1/lemmi16s/benchmark/evaluations/fp.kraken_213_lemmi16s.HOMD_v4_GTDB-e001.family.tsv, /shared/users/grupo1/lemmi16s/benchmark/evaluations/fp.kraken_213_lemmi16s.HOMD_v4_GTDB-e002.family.tsv, /shared/users/grupo1/lemmi16s/benchmark/final_results/HOMD_v4_GTDB.prc.tsv, /shared/users/grupo1/lemmi16s/benchmark/final_results/kraken_213_lemmi16s.HOMD_v4_GTDB-c003.genus.tsv, /shared/users/grupo1/lemmi16s/benchmark/evaluations/tp.kraken_213_lemmi16s.HOMD_v4_GTDB-e002.genus.tsv, /shared/users/grupo1/lemmi16s/benchmark/final_results/kraken_213_lemmi16s.HOMD_v4_GTDB-c003.species.tsv, /shared/users/grupo1/lemmi16s/benchmark/final_results/kraken_213_lemmi16s.HOMD_v4_GTDB-c001.family.tsv, /shared/users/grupo1/lemmi16s/benchmark/final_results/kraken_213_lemmi16s.HOMD_v4_GTDB-c003.family.tsv, /shared/users/grupo1/lemmi16s/benchmark/final_results/HOMD_v4_GTDB.precision.json, /shared/users/grupo1/lemmi16s/benchmark/evaluations/l2.kraken_213_lemmi16s.HOMD_v4_GTDB-e002.family.tsv, /shared/users/grupo1/lemmi16s/benchmark/final_results/kraken_213_lemmi16s.HOMD_v4_GTDB-c001.genus.tsv, /shared/users/grupo1/lemmi16s/benchmark/evaluations/recall.kraken_213_lemmi16s.HOMD_v4_GTDB-e002.genus.tsv, /shared/users/grupo1/lemmi16s/benchmark/evaluations/predictions.kraken_213_lemmi16s.HOMD_v4_GTDB-e001.genus.tsv, /shared/users/grupo1/lemmi16s/benchmark/final_results/kraken_213_lemmi16s.HOMD_v4_GTDB-c001.species.tsv, /shared/users/grupo1/lemmi16s/benchmark/evaluations/l2.kraken_213_lemmi16s.HOMD_v4_GTDB-e001.species.tsv, /shared/users/grupo1/lemmi16s/benchmark/evaluations/predictions.kraken_213_lemmi16s.HOMD_v4_GTDB-e002.species.tsv, /shared/users/grupo1/lemmi16s/benchmark/evaluations/recall.kraken_213_lemmi16s.HOMD_v4_GTDB-e002.species.tsv, /shared/users/grupo1/lemmi16s/benchmark/evaluations/predictions.kraken_213_lemmi16s.HOMD_v4_GTDB-e002.family.tsv, /shared/users/grupo1/lemmi16s/benchmark/evaluations/tp.kraken_213_lemmi16s.HOMD_v4_GTDB-e002.family.tsv, /shared/users/grupo1/lemmi16s/benchmark/evaluations/l2.kraken_213_lemmi16s.HOMD_v4_GTDB-e001.genus.tsv, /shared/users/grupo1/lemmi16s/benchmark/final_results/HOMD_v4_GTDB.runtime_training.json, /shared/users/grupo1/lemmi16s/benchmark/evaluations/predictions.kraken_213_lemmi16s.HOMD_v4_GTDB-c001.family.tsv, /shared/users/grupo1/lemmi16s/benchmark/final_results/HOMD_v4_GTDB.fp.tsv, /shared/users/grupo1/lemmi16s/benchmark/evaluations/f1.kraken_213_lemmi16s.HOMD_v4_GTDB-e001.species.tsv, /shared/users/grupo1/lemmi16s/benchmark/final_results/kraken_213_lemmi16s.HOMD_v4_GTDB-e001.family.tsv, /shared/users/grupo1/lemmi16s/benchmark/evaluations/f1.kraken_213_lemmi16s.HOMD_v4_GTDB-e002.species.tsv, /shared/users/grupo1/lemmi16s/benchmark/final_results/HOMD_v4_GTDB-e001.json, /shared/users/grupo1/lemmi16s/benchmark/final_results/kraken_213_lemmi16s.HOMD_v4_GTDB-e001.species.tsv, /shared/users/grupo1/lemmi16s/benchmark/final_results/HOMD_v4_GTDB.auprc.tsv, /shared/users/grupo1/lemmi16s/benchmark/final_results/kraken_213_lemmi16s.HOMD_v4_GTDB-e002.family.tsv, /shared/users/grupo1/lemmi16s/benchmark/evaluations/recall.kraken_213_lemmi16s.HOMD_v4_GTDB-e001.species.tsv, /shared/users/grupo1/lemmi16s/benchmark/final_results/HOMD_v4_GTDB.recall.json, /shared/users/grupo1/lemmi16s/benchmark/evaluations/predictions.kraken_213_lemmi16s.HOMD_v4_GTDB-c003.species.tsv, /shared/users/grupo1/lemmi16s/benchmark/final_results/HOMD_v4_GTDB.f1.tsv, /shared/users/grupo1/lemmi16s/benchmark/evaluations/f1.kraken_213_lemmi16s.HOMD_v4_GTDB-e002.genus.tsv, /shared/users/grupo1/lemmi16s/benchmark/evaluations/predictions.kraken_213_lemmi16s.HOMD_v4_GTDB-c002.family.tsv, /shared/users/grupo1/lemmi16s/benchmark/final_results/HOMD_v4_GTDB.runtime_analysis.tsv, /shared/users/grupo1/lemmi16s/benchmark/final_results/HOMD_v4_GTDB.tp.tsv, /shared/users/grupo1/lemmi16s/benchmark/evaluations/filtering_threshold.kraken_213_lemmi16s.HOMD_v4_GTDB.family.tsv, /shared/users/grupo1/lemmi16s/benchmark/final_results/HOMD_v4_GTDB.filtering_threshold.json, /shared/users/grupo1/lemmi16s/benchmark/evaluations/predictions.kraken_213_lemmi16s.HOMD_v4_GTDB-c001.species.tsv, /shared/users/grupo1/lemmi16s/benchmark/final_results/HOMD_v4_GTDB.f1.json, /shared/users/grupo1/lemmi16s/benchmark/evaluations/precision.kraken_213_lemmi16s.HOMD_v4_GTDB-e001.species.tsv, /shared/users/grupo1/lemmi16s/benchmark/final_results/HOMD_v4_GTDB.recall.tsv, /shared/users/grupo1/lemmi16s/benchmark/evaluations/recall.kraken_213_lemmi16s.HOMD_v4_GTDB-e001.family.tsv, /shared/users/grupo1/lemmi16s/benchmark/evaluations/precision.kraken_213_lemmi16s.HOMD_v4_GTDB-e002.family.tsv, /shared/users/grupo1/lemmi16s/benchmark/final_results/kraken_213_lemmi16s.HOMD_v4_GTDB-c002.species.tsv, /shared/users/grupo1/lemmi16s/benchmark/evaluations/fp.kraken_213_lemmi16s.HOMD_v4_GTDB-e001.genus.tsv, /shared/users/grupo1/lemmi16s/benchmark/final_results/HOMD_v4_GTDB.l2.json, /shared/users/grupo1/lemmi16s/benchmark/evaluations/predictions.kraken_213_lemmi16s.HOMD_v4_GTDB-e001.family.tsv, /shared/users/grupo1/lemmi16s/benchmark/final_results/HOMD_v4_GTDB.fp.json, /shared/users/grupo1/lemmi16s/benchmark/final_results/kraken_213_lemmi16s.HOMD_v4_GTDB-c002.family.tsv, /shared/users/grupo1/lemmi16s/benchmark/evaluations/predictions.kraken_213_lemmi16s.HOMD_v4_GTDB-c003.genus.tsv, /shared/users/grupo1/lemmi16s/benchmark/evaluations/tp.kraken_213_lemmi16s.HOMD_v4_GTDB-e001.species.tsv, /shared/users/grupo1/lemmi16s/benchmark/evaluations/l2.kraken_213_lemmi16s.HOMD_v4_GTDB-e001.family.tsv, /shared/users/grupo1/lemmi16s/benchmark/evaluations/f1.kraken_213_lemmi16s.HOMD_v4_GTDB-e001.genus.tsv, /shared/users/grupo1/lemmi16s/benchmark/evaluations/tp.kraken_213_lemmi16s.HOMD_v4_GTDB-e001.genus.tsv, /shared/users/grupo1/lemmi16s/benchmark/final_results/HOMD_v4_GTDB.ranks.json, /shared/users/grupo1/lemmi16s/benchmark/final_results/HOMD_v4_GTDB.memory_analysis.tsv, /shared/users/grupo1/lemmi16s/benchmark/final_results/HOMD_v4_GTDB.memory_training.json, /shared/users/grupo1/lemmi16s/benchmark/evaluations/predictions.kraken_213_lemmi16s.HOMD_v4_GTDB-c003.family.tsv, /shared/users/grupo1/lemmi16s/benchmark/evaluations/predictions.kraken_213_lemmi16s.HOMD_v4_GTDB-c001.genus.tsv, /shared/users/grupo1/lemmi16s/benchmark/evaluations/recall.kraken_213_lemmi16s.HOMD_v4_GTDB-e001.genus.tsv, /shared/users/grupo1/lemmi16s/benchmark/evaluations/predictions.kraken_213_lemmi16s.HOMD_v4_GTDB-e001.species.tsv, /shared/users/grupo1/lemmi16s/benchmark/evaluations/fp.kraken_213_lemmi16s.HOMD_v4_GTDB-e001.species.tsv, /shared/users/grupo1/lemmi16s/benchmark/evaluations/f1.kraken_213_lemmi16s.HOMD_v4_GTDB-e002.family.tsv, /shared/users/grupo1/lemmi16s/benchmark/evaluations/predictions.kraken_213_lemmi16s.HOMD_v4_GTDB-c002.genus.tsv, /shared/users/grupo1/lemmi16s/benchmark/final_results/kraken_213_lemmi16s.HOMD_v4_GTDB-e002.species.tsv, /shared/users/grupo1/lemmi16s/benchmark/final_results/HOMD_v4_GTDB.memory_analysis.json, /shared/users/grupo1/lemmi16s/benchmark/evaluations/filtering_threshold.kraken_213_lemmi16s.HOMD_v4_GTDB.species.tsv, /shared/users/grupo1/lemmi16s/benchmark/final_results/HOMD_v4_GTDB.tp.json, /shared/users/grupo1/lemmi16s/benchmark/evaluations/recall.kraken_213_lemmi16s.HOMD_v4_GTDB-e002.family.tsv, /shared/users/grupo1/lemmi16s/benchmark/final_results/HOMD_v4_GTDB.memory_training.tsv, /shared/users/grupo1/lemmi16s/benchmark/evaluations/predictions.kraken_213_lemmi16s.HOMD_v4_GTDB-c002.species.tsv, /shared/users/grupo1/lemmi16s/benchmark/evaluations/l2.kraken_213_lemmi16s.HOMD_v4_GTDB-e002.species.tsv, /shared/users/grupo1/lemmi16s/benchmark/final_results/HOMD_v4_GTDB.runtime_analysis.json, /shared/users/grupo1/lemmi16s/benchmark/evaluations/precision.kraken_213_lemmi16s.HOMD_v4_GTDB-e002.species.tsv, /shared/users/grupo1/lemmi16s/benchmark/evaluations/tp.kraken_213_lemmi16s.HOMD_v4_GTDB-e001.family.tsv, /shared/users/grupo1/lemmi16s/benchmark/evaluations/precision.kraken_213_lemmi16s.HOMD_v4_GTDB-e002.genus.tsv, /shared/users/grupo1/lemmi16s/benchmark/evaluations/fp.kraken_213_lemmi16s.HOMD_v4_GTDB-e002.genus.tsv, /shared/users/grupo1/lemmi16s/benchmark/final_results/kraken_213_lemmi16s.HOMD_v4_GTDB-e001.genus.tsv, /shared/users/grupo1/lemmi16s/benchmark/final_results/HOMD_v4_GTDB.structure.json, /shared/users/grupo1/lemmi16s/benchmark/final_results/HOMD_v4_GTDB-e002.json
    resources: tmpdir=/tmp

[Tue Sep  8 15:25:33 2026]
Finished job 0.
86 of 86 steps (100%) done
Complete log: ../../../.snakemake/log/2026-09-08T152345.370593.snakemake.log
